黒マップ{END}, Black Map{END}
<speed_0008>　父さん<speed_0040>、<speed_0008>母さん・・・<speed_FFFF>{END},<speed_0008>Mom...<speed_0040><speed_0008>Dad...<speed_FFFF>{END}
"<speed_0000>　　そして・・・
　　十数年の月日が流れた・・・
<speed_FFFF>{END}",<speed_0000>A decade or so has since passed...<speed_FFFF>{END}
<speed_0000>　　　アセリア暦４２０２年<speed_FFFF>{END},"<speed_0000>Aselian Calendar
Year 4202<speed_FFFF>{END}"
"<speed_0000>　　　果たして勝利の女神は
　　どちらに微笑むのだろうか<speed_FFFF>{END}","<speed_0000>In the end, just whom would the
goddess of victory smile upon?<speed_FFFF>{END}"
"<speed_0004>マーテル
「聖なる大地・・・」{END}","Martel:<nl>
 O holy God...{END}"
"マーテル
「聖なる宇宙・・・」{END}","Martel:<nl>
 ...of this holy land...{END}"
"マーテル
「聖なる神よ！」{END}","Martel:<nl>
 ...of this holy universe!{END}"
"マーテル
「その慈悲深き御心・・・」{END}","Martel:<nl>
 I beg thee to find it within thy
 benevolent heart...{END}"
"マーテル
「この罪深き者に祝福を与えん」{END}","Martel:<nl>
 ...to grant this lowly sinner thy
 grace!{END}"
"<speed_0004>マーテル
「大いなる実りよ、今ここに！」<wait>{END}","Martel:<nl>
 Arise, Great Seed!<wait>{END}"
<speed_0000>　　　ニ時間後・・・<wait>{END},<speed_0000>Two hours later...<wait>{END}
"<audio_0FD2><var_D000>
「この泡の中に入るがよい」{END}","<audio_0FD2>Undine:<nl>
 This bubble shall provide you with
 safe passage to the sunken
 metropolis. Step inside.{END}"
