忍者の里{END},Ninja Village{END}
お頭の家{END},Chief's House{END}
よろず屋『くりきんとん』{END},General Store “Kurikinton”{END}
"<unk1><audio_1428>乱蔵
<Suzu>をよろしく頼みますぞ」
<pause>
<audio_1429>乱蔵
全ては忍者の家に生まれた子のさだめ」
<pause>
<audio_142A>乱蔵
厳しい掟が忍者の生業を
成り立たせるのじゃ」<wait>{END}","<unk1><audio_1428>Ranzo:<nl>
 I leave <Suzu> in your care.
<pause>
<audio_1429>Ranzo:<nl>
 Her fate is that of all children born
 to our clan.
<pause>
<audio_142A>Ranzo:<nl>
 It is her duty to adhere to the
 strict laws which govern the ninja
 profession.<wait>{END}"
"<unk1><audio_142B>乱蔵
そうじゃ<Suzu>、これをやろう」
<pause>
<audio_142C>乱蔵
皆のために役立てるがよい」<wait>{END}","<unk1><audio_142B>Ranzo:<nl>
 Ah, yes.
 <Suzu>, I give you this.
<pause>
<audio_142C>Ranzo:<nl>
 It should serve your needs well.<wait>{END}"
"<color_0002><item_7700>を手に入れました。
<pause>
<color_0000><audio_142D><Suzu>
「ありがたく、使わせていただき
　ます」<wait>{END}","<color_0002>Acquired an <item_7700>.
<pause>
<color_0000><audio_142D><Suzu>:<nl>
 Thank you. I will use it with gratitude.<wait>{END}"
"<unk1><audio_142E>乱蔵
ところで、<Suzu>よ」
<pause>
<audio_142F>乱蔵
おぬしもいずれは、この忍者の里を継ぐさだめ」
<pause>
<audio_1430><Suzu>
はっ！」
<pause>
<audio_1431>乱蔵
試練の洞窟の事は知っておろう」
<pause>
<audio_1432><Suzu>
はい」
<pause>
<audio_1433>乱蔵
十分な力をつけたと思った時、この<color_0002>忍者の里の井戸<color_0000>に降りるがよい」{END}","<unk1><audio_142E>Ranzo:<nl>
 There is something you should
 know.
<pause>
<audio_142F>Ranzo:<nl>
 It is destined that someday, you
 too will inherit the leadership of
 our village.
<pause>
<audio_1430><Suzu>:<nl>
 Yes, sir!
<pause>
<audio_1431>Ranzo:<nl>
 I am certain you already know of
 the cave of trials.
<pause>
<audio_1432><Suzu>:<nl>
 Yes.
<pause>
<audio_1433>Ranzo:<nl>
 When you feel you have attained
 adequate strength, enter the <color_0002>village
 well<color_0000>.{END}"
"<unk1><audio_13ED>乱蔵
これは<Cless>殿、よくぞ参られた」
<pause>
<audio_13EE>乱蔵
<Suzu>の両親の件ではたいそう世話になった・・・」
<pause>
<audio_13EF><Cless>
いえ・・・」
<pause>
<audio_13F0><Cless>
<Suzu>ちゃんの御両親は
僕が死なせてしまったような
もので・・・」
<pause>
<audio_13F1>乱蔵
何も申されるな」
<pause>
<audio_13F2>乱蔵
我ら一族はあなた方を憎むどころか・・・」
<pause>
<audio_13F3>乱蔵
<Suzu>の両親の魂を救ってくれた恩人として迎え入れるじゃろう」
<pause>
<audio_13F4><Cless>
乱蔵さん、そう言っていただけると僕の気持ちも少し楽になります」
<pause>
<audio_13F5>乱蔵
これは、我ら一族からのもうひとつの礼の品じゃ」
<pause>
<audio_13F6><Cless>
えっ、これは・・・」
<pause>
<audio_13F7>乱蔵
そう、奥義書じゃ」
<pause>
<audio_13F8>乱蔵
異国風の旅の者がここを訪れた時に、我らに預けていったものなのじゃ」
<pause>
<audio_13F9>乱蔵
その者が残した言葉の通りにするまでじゃよ」
<pause>
<audio_13FA><Cless>
と、言いますと？」
<pause>
{END}","<unk1><audio_13ED>Ranzo:<nl>
 Welcome back, Young Master
 <Cless>.
<pause>
<audio_13EE>Ranzo:<nl>
 You have helped us greatly in the
 matter of <Suzu><'s/'> parents...
<pause>
<audio_13EF><Cless>:<nl>
 That's not true...
<pause>
<audio_13F0><Cless>:<nl>
 They died because of me...
<pause>
<audio_13F1>Ranzo:<nl>
 Say no more.
<pause>
<audio_13F2>Ranzo:<nl>
 Our clan bears no animosity toward
 you.
<pause>
<audio_13F3>Ranzo:<nl>
 It is our belief that you brought
 redemption to their souls.
<pause>
<audio_13F4><Cless>:<nl>
 I'm relieved to hear you say so, sir.
<pause>
<audio_13F5>Ranzo:<nl>
 Here, allow us to express our clan's
 gratitude with this.
<pause>
<audio_13F6><Cless>:<nl>
 Oh, that looks like an--
<pause>
<audio_13F7>Ranzo:<nl>
 Yes indeed, this is an arcane arte
 book.
<pause>
<audio_13F8>Ranzo:<nl>
 An outsider who visited our village
 gave it to us.
<pause>
<audio_13F9>Ranzo:<nl>
 And along with the book he left us
 a request.
<pause>
<audio_13FA><Cless>:<nl>
 Oh?
 What was it?
<pause>
{END}"
"<unk4><audio_13FB>乱蔵
世界に危機が訪れた時、一人の剣士がここを訪れるだろう』
<pause>
<audio_13FC>乱蔵
その剣士が真に世界を救わんとする者ならば、それを授けよ』
<pause>
{END}","<unk4><audio_13FB>Ranzo:<nl>
 “When crisis falls upon the world, a
 swordsman shall visit this place.”
<pause>
<audio_13FC>Ranzo:<nl>
 “If that swordsman is the true
 savior of the world, then bestow
 this upon him.”
<pause>
{END}"
"<unk1><audio_13FD>乱蔵
これがその旅人の残していった言葉じゃ」
<pause>
<audio_13FE>乱蔵
そして、おぬしが現れた」
<pause>
<audio_13FF>乱蔵
<Cless>殿こそがこの奥義書を持つにふさわしいお方じゃと思うてな」<wait>{END}","<unk1><audio_13FD>Ranzo:<nl>
 Those were the wayfarer's very
 words.
<pause>
<audio_13FE>Ranzo:<nl>
 I believe you to be the one of
 whom he foretold, and the
 intended recipient of this book.
<pause>
<audio_13FF>Ranzo:<nl>
 Here, take it with you.<wait>{END}"
"<color_0002><Cless>は<var_9C00>を覚えました。<color_0000>
<pause>
<audio_1400>乱蔵
「そして、これはお願いになるの
　じゃが」
<pause>
<audio_1401>乱蔵
「この<Suzu>を共に連れて行っては
　くれまいか？」<wait>{END}","<color_0002><Cless> learned
<var_9C00>.<color_0000>
<pause>
<audio_1400>Ranzo:<nl>
 I have one final request.
<pause>
<audio_1401>Ranzo:<nl>
 Would you have <Suzu> travel
 with you?<wait>{END}"
"<unk1><audio_1402><Suzu>
私からもお願いいたします」
<pause>
<audio_1403><Suzu>
みなさんには色々とお世話になりました」
<pause>
<audio_1404><Suzu>
その恩返しがしたいのです」
<pause>
<audio_1405><Suzu>
何より、両親を探すという私の目的はすでになくなりました」
<pause>
<audio_1406><Suzu>
足手まといかもしれませんが、今、自分が出来ることをしたいのです」
<pause>
<audio_1407><Suzu>
世界のためと言ったらおおげさかもしれませんが・・・」
<pause>
<audio_1408><Cless>
<Suzu>ちゃん・・・」
<pause>
<audio_1409><Arche>
一緒に行こうよ！」
<pause>
<audio_140A><Mint>
がんばりましょうね」
<pause>
<audio_140B>乱蔵
<Suzu>、みなさんの力と
なるのじゃぞ」
<pause>
<audio_140C>乱蔵
<Cless>殿・・・」
<pause>
<audio_140D>乱蔵
我々一族全員が、いや世界中の人々があなた方を応援してくれるじゃろう」
<pause>
<audio_140E><Cless>
はい、みなさんの期待にお応えできるよう努力いたします」
<pause>
<audio_140F>乱蔵
うむ、これからもがんばってくだされ」{END}","<unk1><audio_1402><Suzu>:<nl>
 I request the same.
<pause>
<audio_1403><Suzu>:<nl>
 You all have helped us in many
 ways.
<pause>
<audio_1404><Suzu>:<nl>
 I would like to repay your
 assistance.
<pause>
<audio_1405><Suzu>:<nl>
 My objective of seeking out my
 parents has been fulfilled.
 I have no other duties.
<pause>
<audio_1406><Suzu>:<nl>
 Perhaps I will prove to be a
 burden, but I would like to offer
 whatever aid I can.
<pause>
<audio_1407><Suzu>:<nl>
 It may be an exaggeration to say
 that I would be doing this for the
 sake of the world, but...
<pause>
<audio_1408><Cless>:<nl>
 Well...
<pause>
<audio_1409><Arche>:<nl>
 Yeah! Come with us!
 We can kick butt together!
<pause>
<audio_140A><Mint>:<nl>
 I think we should take her along,
 as well.
<pause>
<audio_140B>Ranzo:<nl>
 Yes, she shall be of great
 assistance to all of you.
<pause>
<audio_140C>Ranzo:<nl>
 Young Master <Cless>...
<pause>
<audio_140D>Ranzo:<nl>
 Our clan...no--the world--is
 cheering for you.
<pause>
<audio_140E><Cless>:<nl>
 Yes, sir!
 I'll give everything I've got to
 secure everyone's future!
<pause>
<audio_140F>Ranzo:<nl>
 Well said.
 Keep at it.{END}"
"<audio_1410>乱蔵
「ところで、旅立つ前に・・・」
<pause>
<audio_1411>乱蔵
「温泉で疲れを癒していってはど
　うじゃ？」{END}","<audio_1410>Ranzo:<nl>
 Oh, and before you pursue your
 final battle...
<pause>
<audio_1411>Ranzo:<nl>
 Why not perk up in our hot spring
 once more?{END}"
"<unk1>乱蔵
よろしくお頼み申します」
<pause>
乱蔵
それから、我々の調べでわかったのじゃが・・・」
<pause>
乱蔵
<Suzu>の両親らしき者を、
<color_0002>ユークリッド<color_0000>の周辺で
見かけたとのこと・・・」
<pause>
乱蔵
<Suzu>も、そちらに調査に向かうようじゃ」{END}","<unk1>Ranzo:<nl>
 I leave this mission in your capable
 hands.
<pause>
Ranzo:<nl>
 According to our network of
 investigators...
<pause>
Ranzo:<nl>
 ...people closely matching the
 descriptions of <Suzu><'s/'> parents
 were last sighted in the vicinity of
 <color_0002>Euclid<color_0000>.
<pause>
Ranzo:<nl>
 <Suzu> shall depart shortly to
 sleuth the region herself.{END}"
"<Suzu>
「祖父の話を聞いて下さい」
<pause>
<Suzu>
「両親のことで、ぜひお礼がした
　いとのことです」{END}","<Suzu>:<nl>
 Please speak with my grandfather.
<pause>
<Suzu>:<nl>
 He would like to show you his
 gratitude in the matter of my
 parents.{END}"
"<Suzu>
「父上も母上も、きっとどこかで
　生きているはずです」
<pause>
<Suzu>
「私も各地をめぐって探すつもり
　です」{END}","<Suzu>:<nl>
 I am certain that Mother and
 Father are alive.
<pause>
<Suzu>:<nl>
 I shall probe every land in this
 world for them.{END}"
"サル
「ウッキー」{END}","Monkey:<nl>
 Keekee!{END}"
"おみよ
「お茶摘みやってるのよ」
<pause>
おみよ
「やっぱり緑茶が一番よね」{END}","Omiyo:<nl>
 I'm harvesting tea leaves.
<pause>
Omiyo:<nl>
 Green tea is number one, I say.{END}"
"おその
「お前さんら、異国のものかい？」
<pause>
おその
「よくここに来れたねぇ」
<pause>
おその
「ここには珍しい道具があるでよ」
<pause>
おその
「本当は物々交換なんじゃが、最
　近はガルド通貨でも買えるよう
　になったんじゃ」{END}","Osono:<nl>
 Greetings.
 Have you traveled here
 from a foreign land?
<pause>
Osono:<nl>
 I welcome you to our village.
<pause>
Osono:<nl>
 Have you seen our tools?
 I imagine they appear quite unique
 to your eyes.
<pause>
Osono:<nl>
 We used to barter for them, but
 we now accept your gald currency.{END}"
"真蔵
「忍者は素早さが一番！」{END}","Shinzo:<nl>
 For ninja, speed is of the essence!{END}"
"<unk1>おしん
<Suzu>ちゃん、わたし何て言ったらいいのか・・・」
<pause>
<Suzu>
わたしは大丈夫ですから、気にしないで下さい・・・」{END}","<unk1>Oshin:<nl>
 Oh <Suzu>, I don't know what to
 say...
<pause>
<Suzu>:<nl>
 Thank you, but your concern is not
 necessary. I am coping well...{END}"
"<unk1>おしん
御両親が亡くなって、
<Suzu>ちゃん落ち込んでなければ
いいけど・・・」{END}","<unk1>Oshin:<nl>
 I hope <Suzu> doesn't lose heart
 from the loss of her parents...{END}"
"<unk1>おしん
<Suzu>ちゃん、かわいそう・・・」
<pause>
おしん
早く御両親が見つからないかな」{END}","<unk1>Oshin:<nl>
 Poor <Suzu>...
<pause>
Oshin:<nl>
 I hope she finds her parents soon.{END}"
"貫蔵
「ここの特産物っていったらお茶
　とみそとこんにゃくだな」
<pause>
貫蔵
「でも、みそはものすごい貴重品
　だから高いよ〜」{END}","Kanzo:<nl>
 Our local specialties are tea, miso,
 and konjac.
<pause>
Kanzo:<nl>
 You've seen the price for miso,
 yes? It's so high because it's one
 our greatest treasures!{END}"
"<unk1>おしず
<Suzu>ちゃんは、まだ１１歳なのに実にしっかりした子なのよ」
<pause>
おしず
いずれはこの里の頭領になるって言われているわ」<wait>{END}","<unk1>Oshizu:<nl>
 <Suzu> is very mature for an
 eleven-year-old.
<pause>
Oshizu:<nl>
 She is destined to become our chief
 someday.<wait>{END}"
"<Suzu>
「私は・・・そんな・・・」<wait>{END}","<Suzu>:<nl>
 I...am...?<wait>{END}"
<color_0002><Suzu>は『<var_DA01>』の称号を得ました。<color_0000>{END},"<color_0002><Suzu> has earned the title
“<var_DA01>.”<color_0000>{END}"
"<unk1>おかよ
ちゃんぴょんの<Cless>さん、こんにちは」{END}","<unk1>Okayo:<nl>
 Good day to you, Mr. Champion!{END}"
"おかよ
「私、強い男にあこがれているの
　よね」
<pause>
おかよ
「なんでも、他の国では強い男の
　ことを「ちゃんぴょん」と呼ぶ
　らしいのよ・・・」<wait>{END}","Okayo:<nl>
 I'm searching for a strong man.
<pause>
Okayo:<nl>
 I heard that in another land, such a
 person is called the “champion.”<wait>{END}"
"<Cless>
「あの、僕がそうみたいですが」
<pause>
おかよ
「え〜！本当？」<wait>{END}","<Cless>:<nl>
 I think I've heard people call me
 that before...
<pause>
Okayo:<nl>
 Oh!? Really?<wait>{END}"
"<unk1>おかよ
<Cless>さん、本当に「ちゃんぴょん」みたいね！」
<pause>
おかよ
私、感激よ！」
<pause>
おかよ
これをあげるわ」<wait>{END}","<unk1>Okayo:<nl>
 Oh my, yes!
 You look big and buff!
 Just like that “champion” I heard
 about!
<pause>
Okayo:<nl>
 I'm...awestruck!
<pause>
Okayo:<nl>
 Please accept my gift!<wait>{END}"
<color_0002><item_8601>を手に入れました。<color_0000>{END},<color_0002>Acquired a <item_8601>.<color_0000>{END}
"<unk1>おかよ
<Cless>さん、「ちゃんぴょん」なの？」
<pause>
おかよ
うーん、本当かしら？」{END}","<unk1>Okayo:<nl>
 Is that true?
<pause>
Okayo:<nl>
 Hmm...<nl>
 I want to believe...{END}"
"おかよ
「ああ、ちゃんぴょんに会いたい
　わ・・・」{END}","Okayo:<nl>
 What does a champion look like?
 I want to meet one...{END}"
"おさよ
「この村に伝わる童話を聞かせて
　やろう」
<pause>
おさよ
「昔々この村におじいさんとおば
　あさんが住んでいました」
<pause>
おさよ
「おじいさんは川へ洗濯に、おば
　あさんは山へ芝刈りに行きまし
　た」
<pause>
おさよ
「はて、おじいさんが山でおばあ
　さんが川じゃったかのぅ？」
<pause>
おさよ
「はぁ、年はとりたくないもの　
　じゃのぅ・・・」{END}","Osayo:<nl>
 I shall tell you a fairy tale that has
 been handed down by our folk for
 generations. Listen.
<pause>
Osayo:<nl>
 Once upon a time, an old man and
 an old woman lived in this village.
<pause>
Osayo:<nl>
 The old man went to the river to
 do laundry and the old woman
 went to the mountain to cut the
 grass.
<pause>
Osayo:<nl>
 Oh, hold on...<nl>
 Did I mix that up?
<pause>
Osayo:<nl>
 Sigh...<nl>
 Old age is taking its toll...{END}"
"金蔵
「忍者の武器防具は独特なんだ」
<pause>
金蔵
「それだけに、専用のものが多い
　んだよ」{END}","Kinzo:<nl>
 Ninja equipment may look strange
 to outsiders, but that's because it
 has many specialized uses.{END}"
"仁蔵
「忍者は情報を集めるだけでなく
　色々な戦い方ができる戦士でも
　あるんだ」
<pause>
仁蔵
「巨大なガマガエルを召喚する召
　喚術を使えるし」
<pause>
仁蔵
「火とんの術や水とんの術なんか
　の忍術も使えるし」
<pause>
仁蔵
「素早さはどの種族にも負けない
　し、飛び道具の扱いも得意なん
　だ」{END}","Jinzo:<nl>
 In addition to being adept
 intelligence gatherers, ninja are
 versed warriors that have
 mastered many fighting styles.
<pause>
Jinzo:<nl>
 Among their arsenal of skills, they
 can even call forth giant frogs to
 do battle.
<pause>
Jinzo:<nl>
 Then come ninja artes, which
 include techniques of fire and
 water.
<pause>
Jinzo:<nl>
 And finally, they greatly outclass
 non-ninja in agility, and take pride
 in their speed and accuracy in
 handling projectiles.{END}"
"おちよ
「女の忍者は『くのいち』って呼
　ばれているのよ」
<pause>
おちよ
「『女』っていう漢字を分けると
　『くノ一』になるからなのよ」{END}","Ochiyo:<nl>
 A female ninja is called a
 “kunoichi.”
<pause>
Ochiyo:<nl>
 That is because when you separate
 the strokes for the kanji meaning
 “female” in our writing system,
 you get “kunoichi.”
<pause>
Ochiyo:<nl>
 Allow me to show you:
 Kanji for “female”: 女
 “Kunoichi”: くノ一{END}"
"彗蔵
「忍者の修行は長く厳しいもので
　ござるよ」{END}","Keizo:<nl>
 A ninja's training is long and
 intensive.{END}"
"おとみ
「ご飯を炊くのも修行のうちって
　ね、女の修行は厳しいわ」{END}","Otomi:<nl>
 A woman's training is also long and
 intensive.
<pause>
Otomi:<nl>
 There is much discipline involved
 even when it comes to seemingly
 simple things like learning how to
 cook rice.{END}"
"およね
「いらっしゃい、何かお入り用で
　すか？」{END}","Oyone:<nl>
 Welcome.
 What can I get for you?{END}"
"およね
「毎度おおきに」{END}","Oyone:<nl>
 Thank you very much.{END}"
"輩蔵
「・・・我が一族の者が操られて
　ダオスの手先になっている」
<pause>
輩蔵
「何とも、くやしい話だ・・・」
<pause>
輩蔵
「しかし、本当にダオスの仕業な
　のだろうか？」
<pause>
輩蔵
「実は仲間から、巨大な目玉の化
　け物を見かけたという話を聞い
　たのだが・・・」{END}","Haizo:<nl>
 ...Many of our clan have succumbed
 to Dhaos' control and have become
 his minions.
<pause>
Haizo:<nl>
 It's difficult to talk about...
<pause>
Haizo:<nl>
 But could it really be Dhaos'
 handiwork alone?
<pause>
Haizo:<nl>
 A companion reported sighting a
 monster resembling a giant
 eyeball...{END}"
"おきょう
「はようダオスを倒さへんと、と
　んでもないことになるで〜」
<pause>
おきょう
「ほんまにあんさんらも、ごっつ
　たいへんやな〜」
<pause>
おきょう
「応援してるで〜」{END}","Okyo:<nl>
 Dhaos is almost...undefeatable...
<pause>
Okyo:<nl>
 You guys...have it hard...
<pause>
Okyo:<nl>
 Mmm...cheering for you...{END}"
"おふゆ
「みそは、作るのに手間と時間が
　かかるので、いくつも持てない
　のさ」
<pause>
おふゆ
「持ってるみそを使ったら、また
　おいで」{END}","Ofuyu:<nl>
 Producing miso requires much
 diligence and patience, so I only
 trade it in small amounts.
<pause>
Ofuyu:<nl>
 Use up what you have first, then
 return here if you want more.{END}"
"おふゆ
「みそおでんに必要な「みそ」は
　この里でしか手に入らないよ」
<pause>
おふゆ
「みそは、作るのに手間と時間が
　かかるので、少し高いのさ」
<pause>
おふゆ
「そうさねぇ、ガルド通貨だと　
　８００００ガルドになるかねぇ」
<pause>
<color_0002>みそを買いますか？<color_0000>{END}","Ofuyu:<nl>
 Miso is the key ingredient of the
 dish Miso Stew, and is produced
 only in this village.
<pause>
Ofuyu:<nl>
 Its production demands great
 diligence and much time, so the
 price is rather steep.
<pause>
Ofuyu:<nl>
 By steep, I mean the sum of 80000
 in your gald currency.
<pause>
<color_0002>Buy Miso?<color_0000>{END}"
"おふゆ
「みそは高級品だからねぇ・・・」{END}","Ofuyu:<nl>
 Very well.
 Miso is a high-class commodity,
 after all...{END}"
"おふゆ
「お金が足りないよ・・・」{END}","Ofuyu:<nl>
 This isn't fair compensation...{END}"
"<color_0002>みそを手に入れました。<color_0000>
<pause>
おふゆ
「おいしいおでんを作るんだよ」{END}","<color_0002>Acquired some Miso.<color_0000>
<pause>
Ofuyu:<nl>
 You're now set to enjoy
 delicious <item_7100> Stew!
 Don't let it all go
 to waste, now.{END}"
"おふゆ
「わたしゃおでんを作るのが得意
　なんだよ」
<pause>
おふゆ
「そうだ、あんた達にも作り方を
　教えてあげようね」<wait>{END}","Ofuyu:<nl>
 I'm not ashamed of the Miso Stew
 recipe I use.
<pause>
Ofuyu:<nl>
 Why, I'll even show it to you.<wait>{END}"
"<color_0002>みそおでんを料理できるようになり
ました。
<pause>
なお、みそおでんには料理熟練度に
よる付加ボーナスがありませんので
どのキャラクターも一度作るだけで
<star>五つになります。<color_0000>{END}","<color_0002>Learned the recipe for Miso Stew.
<pause>
Skill level has no bonus effects upon
cooking Miso Stew. Therefore,
whichever character cooks it will
master the recipe with five <star>s
immediately.<color_0000>{END}"
"？？？
「私は絵師です」
<pause>
絵師
「しかし・・・」
<pause>
絵師
「これだ！！、という絵が描けま
　せん」
<pause>
絵師
「どうしたらよいのでしょう？」
<pause>
絵師
「生活費も稼がなければならない
　のに・・・」<wait>{END}","???:<nl>
 I'm an artist.
<pause>
Artist:<nl>
 But...
<pause>
Artist:<nl>
 I can't seem to draw a picture that
 simply shouts “This is ART!”.
<pause>
Artist:<nl>
 Do you have any good ideas?
<pause>
Artist:<nl>
 I have to make a living somehow...<wait>{END}"
"絵師
「どうですか？私の絵は」{END}","Artist:<nl>
 By the way...<nl>
 How is my painting? Any good?{END}"
"絵師
「そうだ、私の絵を買ってくれま
　せんか？」
<pause>
絵師
「３００００ガルドでいいです」
<pause>
<color_0002>買いますか？<color_0000>{END}","Artist:<nl>
 Say, are you interested in this
 painting?
<pause>
Artist:<nl>
 I'm selling it for 30000 gald.
<pause>
<color_0002>Buy his painting?<color_0000>{END}"
"絵師
「そうですか・・・」{END}","Artist:<nl>
 I see...{END}"
"絵師
「お金が足りませんよ」
<pause>
絵師
「すみませんが、これ以上はまけ
　られません・・・」{END}","Artist:<nl>
 This isn't enough money...
<pause>
Artist:<nl>
 I'm sorry, but I can't let it go for
 any less...{END}"
"<color_0002>浮世絵を手に入れました。<color_0000>
<pause>
絵師
「ありがとう、助かります」{END}","<color_0002>Acquired an Ukiyo-e.<color_0000>
<pause>
Artist:<nl>
 Thanks, I appreciate it.{END}"
"絵師
「そうだ、私の絵を買ってくれま
　せんか？」
<pause>
絵師
「３００００ガルドでいいです」
<pause>
<color_0002>買いますか？<color_0000>{END}","Artist:<nl>
 Say, are you interested in this
 painting?
<pause>
Artist:<nl>
 I'm selling it for 30000 gald.
<pause>
<color_0002>Buy his painting?<color_0000>{END}"
"絵師
「そうですか・・・」{END}","Artist:<nl>
 I see...{END}"
"絵師
「お金が足りませんよ」
<pause>
絵師
「すみませんが、これ以上はまけ
　られません・・・」{END}","Artist:<nl>
 This isn't enough money...
<pause>
Artist:<nl>
 I'm sorry, but I can't let it go for
 any less...{END}"
"絵師
「それ以上持てませんね・・・」{END}","Artist:<nl>
 It seems ya can't hold any more.{END}"
"<color_0002>浮世絵を手に入れました。<color_0000>
<pause>
絵師
「ありがとう、助かります」{END}","<color_0002>Acquired an Ukiyo-e.<color_0000>
<pause>
Artist:<nl>
 Thanks, I appreciate it.{END}"
"<Suzu>
「お帰りなら、お送りします」
<pause>
{END}","<Suzu>:<nl>
 I will escort you back.
<pause>
{END}"
"どこまで行きますか？
<color_0002><speed_0000>１。トレントの森（村の入口）
２。エルフの集落
３。ユミルの森の入口<color_0000><speed_FFFF>{END}","Where do you want to go?<nl>
<color_0002><speed_0000>1. Treant Forest (Village Entrance)<nl>
2. Elven Settlement<nl>
3. Entrance of Ymir Forest<color_0000><speed_FFFF>{END}"
"<Suzu>
「ゆっくりしていって下さい」{END}","<Suzu>:<nl>
 Please relax.{END}"
"<Arche>
「じゃあ、あたしは先に行って、
　ユミルの森の入口で待ってるか
　らね」
<pause>
<Arche>
「じゃあね」{END}","<Arche>:<nl>
 Then I guess I'll zoom on back to
 the entrance of Ymir Forest and
 wait for you guys.
<pause>
<Arche>:<nl>
 Laters.{END}"
"<Suzu>
「それでは、行きますよ」{END}","<Suzu>:<nl>
 Let us depart.{END}"
<color_0002>完全回復しました。<color_0000>{END},<color_0002>Fully recovered.<color_0000>{END}
"<unk1><audio_1382><Suzu>
ようこそ、忍者の里へ」
<pause>
<audio_1383><Suzu>
実は、<Cless>さん達にお願いしたいことがあります」
<pause>
<audio_1384><Suzu>
忍者の里の頭領・・・つまり、私の祖父に、会って下さい」{END}","<unk1><audio_1382><Suzu>:<nl>
 Welcome to the Ninja Village.
<pause>
<audio_1383><Suzu>:<nl>
 We have invited you all to our
 home to make a request.
<pause>
<audio_1384><Suzu>:<nl>
 Please follow me to meet with our
 chief. My grandfather, that is.{END}"
"<audio_1385><Suzu>
「祖父はこの奥にいます」
<pause>
<audio_1386><Cless>
「ここが頭領の家か・・・」
<pause>
<audio_1387><Klarth>
「何というか、独特な雰囲気のあ
　る家だな・・・」{END}","<audio_1385><Suzu>:<nl>
 My grandfather is past this hall.
<pause>
<audio_1386><Cless>:<nl>
 Quite a place he has here...
<pause>
<audio_1387><Klarth>:<nl>
 Is it just me, or is there something
 peculiar about this house's
 atmosphere...?{END}"
"<audio_1388><Cless>
「な、何だー！？」
<pause>
<audio_1389><Chester>
「おいおい・・・」
<pause>
<audio_138A><Klarth>
「穴の底に竹槍があるぞ・・・」<wait>{END}","<audio_1388><Cless>:<nl>
 Wh-What the!?
<pause>
<audio_1389><Chester>:<nl>
 Whoa, that was a close one, dude...
<pause>
<audio_138A><Klarth>:<nl>
 ...Take a spill down there, become
 king-sized shish kabob on bamboo
 skewers. Inviting indeed...<wait>{END}"
"<audio_138B><Suzu>
「す、すみません」
<pause>
<audio_138C><Suzu>
「用心のために家の中にワナが多
　く仕掛けられているのです」
<pause>
<audio_138D><Arche>
「そういうことは、あらかじめ教
　えておいてよ！<panic>」{END}","<audio_138B><Suzu>:<nl>
 M-My apologies.
<pause>
<audio_138C><Suzu>:<nl>
 Traps have been set as a
 precaution against intruders.
<pause>
<audio_138D><Arche>:<nl>
 You coulda warned us, or turned
 them off or something! <panic>{END}"
"<audio_138E><Chester>
「いいかげんにしてくれよな〜」
<pause>
<audio_138F><Cless>
「た、たぶんもう大丈夫だよ<sweat>」<wait>{END}","<audio_138E><Chester>:<nl>
 More traps?
 Give us a break already...
<pause>
<audio_138F><Cless>:<nl>
 I-I'm sure there aren't any
 more...<sweat><wait>{END}"
"<unk1><audio_1390><Klarth>
<Cless>、油断しない方がいいぞ」{END}","<unk1><audio_1390><Klarth>:<nl>
 Isn't it a little early to be making
 assumptions like that?{END}"
"<unk1><audio_1391><Mint>
<Cless>さん！」
<pause>
<audio_1392><Klarth>
だから忠告したのに・・・」{END}","<unk1><audio_1391><Mint>:<nl>
 Oh no!
<pause>
<audio_1392><Klarth>:<nl>
 Can't say I didn't warn him...{END}"
"<unk1><audio_1393><Mint>
<Cless>さん、ケガはありませんか？」
<pause>
<audio_1394><Cless>
あ、ああ・・・」<wait>{END}","<unk1><audio_1393><Mint>:<nl>
 Are you hurt, <Cless>?
<pause>
<audio_1394><Cless>:<nl>
 N-Nah...<nl>
 Just a bit damp...<wait>{END}"
"<audio_1395>？？？
「すまないことをしたのぅ」
<pause>
<audio_1396>？？？
「わしが、この里の長・・・」
<pause>
<audio_1397>？？？
「藤林乱蔵じゃ」<wait>{END}","<audio_1395>???:<nl>
 I sincerely apologize.
<pause>
<audio_1396>???:<nl>
 Under no circumstance should you
 have been treated in this way.
<pause>
<audio_1397>???:<nl>
 I am the chief of this village, Ranzo
 Fujibayashi.<wait>{END}"
"<audio_1398>乱蔵
「<Suzu>！」
<pause>
<audio_1399>乱蔵
「お客さんが来る時は、仕掛けを
　外しておけとあれほど言ってお
　いたではないか！」
<pause>
<audio_139A><Suzu>
「すみません・・・」<wait>{END}","<audio_1398>Ranzo:<nl>
 <Suzu>!
<pause>
<audio_1399>Ranzo:<nl>
 Did I not instruct you to deactivate
 the traps when we have guests!?
<pause>
<audio_139A><Suzu>:<nl>
 My apologies...<wait>{END}"
"<audio_139B><Cless>
「き、気にしないで下さい」
<pause>
<audio_139C>乱蔵
「しかしそのままでは風邪をひい
　てしまうのう」
<pause>
<audio_139D>乱蔵
「温泉にでも入って下され」
<pause>
<audio_139E>乱蔵
「話はそれからじゃな」<wait>{END}","<audio_139B><Cless>:<nl>
 I-I'm fine, sir.
 Please don't worry about it...
<pause>
<audio_139C>Ranzo:<nl>
 You will catch a cold as you are.
<pause>
<audio_139D>Ranzo:<nl>
 Please use our hot spring to
 recuperate.
<pause>
<audio_139E>Ranzo:<nl>
 We shall discuss matters
 afterward.<wait>{END}"
"<audio_139F><Arche>
「わ〜い、温泉、温泉〜<heart>」{END}","<audio_139F><Arche>:<nl>
 Yaaay!
 Hot spring, hot spriiiing <heart>{END}"
"<audio_13B8>乱蔵
「どうじゃ？」
<pause>
<audio_13B9>乱蔵
「さっぱりしたろう？」
<pause>
<audio_13BA><Cless>
「ええ、ありがとうございます」
<pause>
<audio_13BB>乱蔵
「世界を救う勇者殿に対するささ
　やかな、もてなしじゃよ」
<pause>
<audio_13BC>乱蔵
「噂は聞いておる、遠慮はいらん
　て」
<pause>
<audio_13BD>乱蔵
「もののけの長ダオス退治の旅を
　しておられるとか・・・」
<pause>
<audio_13BE><Klarth>
「なぜそれを？」
<pause>
<audio_13BF><Klarth>
「ここは外界との接触が、ほとん
　どないと聞いていますが」
<pause>
<audio_13C0>乱蔵
「それはもちろんじゃ」
<pause>
<audio_13C1>乱蔵
「我々は大国の影を担う一族」
<pause>
<audio_13C2>乱蔵
「表向きには外界から閉ざされた
　一族じゃが、大国の隠密の任を
　まかされておるのじゃ」
<pause>
<audio_13C3><Cless>
「隠密？」
<pause>
<audio_13C4>乱蔵
「言い方を変えればスパイじゃな」
<pause>
<audio_13C5>乱蔵
「我々は裏の情報探索が
　主な生業なんじゃ」<wait>{END}","<audio_13B8>Ranzo:<nl>
 How was it?
<pause>
<audio_13B9>Ranzo:<nl>
 Feeling much better, I hope.
<pause>
<audio_13BA><Cless>:<nl>
 Yes.
 Thank you very much.
<pause>
<audio_13BB>Ranzo:<nl>
 It is modest hospitality for you, the
 great world-saving heroes.
<pause>
<audio_13BC>Ranzo:<nl>
 Anyway, we have heard the
 rumors about you...
<pause>
<audio_13BD>Ranzo:<nl>
 You are journeying to exterminate
 Dhaos, the leader of the mysterious
 monsters rampaging about the
 world, are you not...?
<pause>
<audio_13BE><Klarth>:<nl>
 How did you learn of our
 objective?
<pause>
<audio_13BF><Klarth>:<nl>
 It's my understanding that this
 place isolates itself and has
 virtually no contact with the
 outside world.
<pause>
<audio_13C0>Ranzo:<nl>
 It suits us to give that impression.
<pause>
<audio_13C1>Ranzo:<nl>
 Our clan dwells in the shadows of
 the world's superpowers.
<pause>
<audio_13C2>Ranzo:<nl>
 Officially, we are closed to the
 outside, but those superpowers
 entrust us with covert missions
 that require our special skills.
<pause>
<audio_13C3><Cless>:<nl>
 What sort of covert missions?
<pause>
<audio_13C4>Ranzo:<nl>
 Spying, to put it bluntly.
<pause>
<audio_13C5>Ranzo:<nl>
 Gathering intelligence behind the
 scenes is our specialty.<wait>{END}"
"<audio_13C6><Chester>
「そして、オレ達も探られてる、
　ってわけか？」
<pause>
<audio_13C7><Chester>
「あんまり気持ちいい感じはしな
　いな・・・」
<pause>
<audio_13C8><Mint>
「<Chester>さん・・・」
<pause>
{END}","<audio_13C6><Chester>:<nl>
 Wait, are you saying you've been
 keeping an eye on us, too?
<pause>
<audio_13C7><Chester>:<nl>
 You people creep me out...
<pause>
<audio_13C8><Mint>:<nl>
 Mr. Barklight...!
<pause>
{END}"
"<unk1><audio_13C9><Cless>
<Chester>、それは言いすぎだぞ」<wait>{END}","<unk1><audio_13C9><Cless>:<nl>
 <Chester>, that was uncalled for.<wait>{END}"
"<audio_13CA><Klarth>
「いや、私も同感だ」
<pause>
<audio_13CB><Klarth>
「最近ダオスの手先になった忍者
　がたくさん出没している」
<pause>
<audio_13CC><Klarth>
「我々の周りでも探られているよ
　うな気がしていた」{END}","<audio_13CA><Klarth>:<nl>
 He has a point.
 I'm not particularly comfortable
 with it myself.
<pause>
<audio_13CB><Klarth>:<nl>
 Indeed, we have good reason to be
 concerned.
<pause>
<audio_13CC><Klarth>:<nl>
 Think about it: We've seen
 numerous ninja doing Dhaos'
 bidding recently, haven't we?{END}"
"<audio_13CD><Suzu>
「それは違います！」
<pause>
<audio_13CE><Suzu>
「あの人達は・・・」
<pause>
<audio_13CF>乱蔵
「<Suzu>、落着きなさい」
<pause>
<audio_13D0>乱蔵
「わしが説明しよう」<wait>{END}","<audio_13CD><Suzu>:<nl>
 You are mistaken!
<pause>
<audio_13CE><Suzu>:<nl>
 Those people are--
<pause>
<audio_13CF>Ranzo:<nl>
 At ease, <Suzu>.
<pause>
<audio_13D0>Ranzo:<nl>
 I shall explain.<wait>{END}"
"<audio_13D1><Suzu>
「はい・・・」{END}","<audio_13D1><Suzu>:<nl>
 Okay...{END}"
"<audio_13D2>乱蔵
「実はのぅ、折り入っておぬしら
　に頼みがあるのじゃ」
<pause>
<audio_13D3><Cless>
「頼み？」
<pause>
<audio_13D4>乱蔵
「ダオスは、奴はわしらの仲間を
　さらい、戦闘員として洗脳して
　いるらしいのじゃ」
<pause>
<audio_13D5><Klarth>
「洗脳・・・」
<pause>
<audio_13D6><Klarth>
「マインドコントロールか」
<pause>
<audio_13D7><Klarth>
「奴も手段を選ばなくなってきた
　な・・・」
<pause>
<audio_13D8>乱蔵
「おぬしらの周りでの不穏な動き
　はおそらく、そやつらのことだ
　ろう」
<pause>
<audio_13D9>乱蔵
「そして・・・」
<pause>
{END}","<audio_13D2>Ranzo:<nl>
 To tell the truth, this is directly
 related to a favor we wanted to
 ask of you.
<pause>
<audio_13D3><Cless>:<nl>
 Oh?
<pause>
<audio_13D4>Ranzo:<nl>
 The ninja you speak of are former
 companions. Dhaos abducted them,
 apparently to brainwash them into
 fighting for him.
<pause>
<audio_13D5><Klarth>:<nl>
 I see...
<pause>
<audio_13D6><Klarth>:<nl>
 So he's been controlling their minds.
<pause>
<audio_13D7><Klarth>:<nl>
 There's no length that guy won't go
 to.
<pause>
<audio_13D8>Ranzo:<nl>
 The ninja you have encountered
 were surely some of our missing
 companions.
<pause>
<audio_13D9>Ranzo:<nl>
 And...
<pause>
{END}"
"<unk1><audio_13DA>乱蔵
<Suzu>の両親もニ年前に行方不明になってな」
<pause>
<audio_13DB><Suzu>
・・・・・・」
<pause>
<audio_13DC>乱蔵
おぬしらにダオスの非道を正すという使命があることは、承知しているが・・・」
<pause>
<audio_13DD>乱蔵
<Suzu>の両親を、捜してはくれぬか？」{END}","<unk1><audio_13DA>Ranzo:<nl>
 ...for the past two years,
 <Suzu><'s/'> parents have been
 among the unaccounted for.
<pause>
<audio_13DB><Suzu>:<nl>
 ......
<pause>
<audio_13DC>Ranzo:<nl>
 I know your mission is to rectify
 Dhaos' numerous injustices, but in
 addition to that...
<pause>
<audio_13DD>Ranzo:<nl>
 ...we request that you search for
 them during your travels.{END}"
"<unk1><audio_13DE>乱蔵
<Suzu>の父は、わしが次期頭領に、と見込んだ男じゃ」
<pause>
<audio_13DF>乱蔵
それだけに、強い」
<pause>
<audio_13E0>乱蔵
そんな男がダオスの手先になっているのだとすれば・・・」
<pause>
<audio_13E1>乱蔵
あまりにも、あわれじゃ」
<pause>
<audio_13E2>乱蔵
どうか頼む・・・」{END}","<unk1><audio_13DE>Ranzo:<nl>
 I had planned for <Suzu>'s
 father to succeed me as chief.
<pause>
<audio_13DF>Ranzo:<nl>
 That should speak well of his
 strength.
<pause>
<audio_13E0>Ranzo:<nl>
 If such a man has indeed become
 one of Dhaos' subordinates...
<pause>
<audio_13E1>Ranzo:<nl>
 It would be too much for us.
<pause>
<audio_13E2>Ranzo:<nl>
 You are the only ones we can
 depend on...{END}"
"<unk1><audio_13E3><Cless>
どこまでできるかわかりませんが、やりましょう」
<pause>
<audio_13E4><Klarth>
やれやれ、<Cless>のお人好しにも困ったものだな」<wait>{END}","<unk1><audio_13E3><Cless>:<nl>
 I can't promise anything, but we'll
 try.
<pause>
<audio_13E4><Klarth>:<nl>
 My my, <Cless>.
 You're too damn soft for your own
 good.<wait>{END}"
"<unk1><audio_13E5><Arche>
何言ってんのよ、そこが<Cless>のいいところじゃん<heart>」<wait>{END}","<unk1><audio_13E5><Arche>:<nl>
 What's wrong with that, huh!?
 That's what I like about him the
 most <heart><wait>{END}"
"<audio_13E6>乱蔵
「名は父が銅蔵、母がおきよ」
<pause>
<audio_13E7>乱蔵
「我々の情報では、ユークリッド
　の辺りでそれらしき人物を見か
　けたということじゃ」
<pause>
<audio_13E8>乱蔵
「よろしくお頼み申します」
<pause>
<audio_13E9>乱蔵
「そうじゃ、これをお持ち下され」{END}","<audio_13E6>Ranzo:<nl>
 Her father is named Dozo, and her
 mother is named Okiyo.
<pause>
<audio_13E7>Ranzo:<nl>
 According to our intelligence, people
 closely matching their descriptions
 were last sighted in the vicinity of
 Euclid.
<pause>
<audio_13E8>Ranzo:<nl>
 We are counting on you.
<pause>
<audio_13E9>Ranzo:<nl>
 To aid in your search, I wish you to
 have this.{END}"
"<audio_13EA>乱蔵
「我が一族、秘伝の剣のムラマサ
　じゃ」
<pause>
<audio_13EB><Cless>
「いいんですか？こんな立派なも
　のを・・・」
<pause>
<audio_13EC>乱蔵
「かまわぬ、使わなければ宝の持
　ち腐れじゃよ」<wait>{END}","<audio_13EA>Ranzo:<nl>
 This is Muramasa, our clan's secret
 sword.
<pause>
<audio_13EB><Cless>:<nl>
 Are you sure you want to part
 with an heirloom as splendid as
 this...?
<pause>
<audio_13EC>Ranzo:<nl>
 There is no distinction between an
 unused treasure and litter to us.
 Do with it as you will.<wait>{END}"
<color_0002><item_B600>を手に入れました。<color_0000>{END},<color_0002>Acquired the <item_B600>.<color_0000>{END}
"<audio_13A0><Cless>
「へえ〜、これが温泉か」
<pause>
<audio_13A1><Chester>
「なんだか、硫黄のにおいがする
　な」{END}","<audio_13A0><Cless>:<nl>
 I've never been into one of these
 before.
<pause>
<audio_13A1><Chester>:<nl>
 Ugh, it reeks like dirty, rotten ass
 in here!{END}"
"<audio_13A2><Klarth>
「いいねぇ〜」{END}","<audio_13A2><Klarth>:<nl>
 Ahhh...<nl>
 Now this is more like it!{END}"
"<audio_13A3><Arche>
「<Mint>、早くー！」{END}","<audio_13A3><Arche>:<nl>
 C'mon, <Mint>!
 Hurry and get in!{END}"
"<audio_13A4><Mint>
「今、行きます」{END}","<audio_13A4><Mint>:<nl>
 I'm coming, I'm coming.{END}"
"<audio_13A5><Mint>
「気持ちいいですね」
<pause>
<audio_13A6><Arche>
「もう最高ね<heart>」{END}","<audio_13A5><Mint>:<nl>
 Oh my, how revitalizing.
<pause>
<audio_13A6><Arche>:<nl>
 It's the best <heart>{END}"
"<unk1><audio_13A7><Arche>
あーーーーーー！！！！」<wait>{END}","<unk1><audio_13A7><Arche>:<nl>
 WOOOOOOOOOOOWWW!!!!<wait>{END}"
"<unk1><audio_13A8><Mint>
ど、どうしました！？」
<pause>
<audio_13A9><Arche>
<Mint>ってさぁ・・・」
<pause>
<audio_13AA><Arche>
おっぱい、大きいねぇ〜<heart>」<wait>{END}","<unk1><audio_13A8><Mint>:<nl>
 Wh-What happened!?
<pause>
<audio_13A9><Arche>:<nl>
 <Mint>...
<pause>
<audio_13AA><Arche>:<nl>
 You've got some of the puffiest
 muffins I've ever seen <heart><wait>{END}"
"<audio_13AB><Mint>
「え<speed_0020>、<speed_FFFF>あ<speed_0020>、<speed_FFFF>か<speed_0010>、<speed_FFFF>からかわないで下
　さい<panic>」
<pause>
<audio_13AC><Arche>
「だって〜、あたし、ぺったんこ
　なんだもん」
<pause>
<audio_13AD><Arche>
「うらやましいな〜・・・」<wait>{END}","<audio_13AB><Mint>:<nl>
 I<speed_0020>,<speed_FFFF> um<speed_0020>,<speed_FFFF> um<speed_0020>,<speed_FFFF> well<speed_0020>...<speed_FFFF>
 Please don't make fun of me.
<pause>
<audio_13AC><Arche>:<nl>
 But all I've got are these itty-bitty
 pancakes!
<pause>
<audio_13AD><Arche>:<nl>
 Man, it's so unfair...<wait>{END}"
"<unk1><audio_13AE><Mint>
<Arche>さんだって、そのうちに・・・」{END}","<unk1><audio_13AE><Mint>:<nl>
 Oh, just give it some time, and
 then...{END}"
"<unk1><audio_13AF><Chester>
聞いたか？」
<pause>
<audio_13B0><Cless>
聞いたって、何を？」
<pause>
<audio_13B1><Chester>
<Arche>達の話をだよ！」
<pause>
<audio_13B2><Chester>
こりゃあ、見ない手はないな」<wait>{END}","<unk1><audio_13AF><Chester>:<nl>
 Holy crap, dude.
 Did you just hear that?
<pause>
<audio_13B0><Cless>:<nl>
 Hear what?
<pause>
<audio_13B1><Chester>:<nl>
 Seriously, man! <Arche>!
 She could've woken the dead ten
 times over.
<pause>
<audio_13B2><Chester>:<nl>
 No way I can stay still after all
 that.<wait>{END}"
"<audio_13B3><Cless>
「お、おい、やめとけよ！」
<pause>
<audio_13B4><Chester>
「別に、減るもんじゃなし・・・」{END}","<audio_13B3><Cless>:<nl>
 H-Hey, sit down!
<pause>
<audio_13B4><Chester>:<nl>
 Chill out.
 All I gotta do is play ninja for a
 sec.{END}"
"<audio_13B5><Klarth>
「いいねぇ、若いってのは」
<pause>
<audio_13B6><Cless>
「感心してる場合じゃないでしょ
　う<panic>」{END}","<audio_13B5><Klarth>:<nl>
 Ahh, to be young again...<nl>
 Go get 'em, tiger.
<pause>
<audio_13B6><Cless>:<nl>
 Don't encourage him! <panic>{END}"
"<audio_13B7><Cless>
「だからやめとけって・・・」<wait>{END}","<audio_13B7><Cless>:<nl>
 You should have listened to me...<wait>{END}"
<color_0002><Mint>と<Arche>は新たな称号を得ました。<color_0000>{END},"<color_0002><Mint> and <Arche> have
earned new titles.<color_0000>{END}"
"<audio_1412><Cless>
「うん、やはり温泉はいいな」
<pause>
<audio_1413><Chester>
「体の疲れが、一気に取れる気が
　するな・・・」
<pause>
<audio_1414><Klarth>
「ああ、まさに生き返った気分だ
　な」<wait>{END}","<audio_1412><Cless>:<nl>
 Ahhh, if only we could come in here
 more often...
<pause>
<audio_1413><Chester>:<nl>
 Truth. There's nothing else like it
 after busting your tail all day.
<pause>
<audio_1414><Klarth>:<nl>
 It makes me feel like a brand new
 man.<wait>{END}"
"<unk1><audio_1415><Chester>
・・・ん？何だ、<Cless>」
<pause>
<audio_1416><Cless>
<Chester>、お前・・・
前よりたくましい体つきになった気がするな」<wait>{END}","<unk1><audio_1415><Chester>:<nl>
 ...Hm?
 What are you staring at, man?
<pause>
<audio_1416><Cless>:<nl>
 Well, it's just, you know...<nl>
 It looks like you've beefed up quite
 a bit since you rejoined us.<wait>{END}"
"<audio_1417><Chester>
「そうか？ここのところ、訓練を
　続けていたせいかな」
<pause>
<audio_1418><Cless>
「腕や胸の辺りなんか、見違える
　ようだぞ」{END}","<audio_1417><Chester>:<nl>
 Oh yeah?
 All that training I've been doing has
 gotta be paying off, then.
<pause>
<audio_1418><Cless>:<nl>
 It looks like you've been working
 your arms and chest the most.
 It's really noticeable.{END}"
"<unk1><audio_1419><Arche>
ねぇ、<Mint>、今の聞いた？」<wait>{END}","<unk1><audio_1419><Arche>:<nl>
 Hey, didja hear that?<wait>{END}"
"<unk1><audio_141A><Mint>
な、何ですか・・・？」
<pause>
<audio_141B><Arche>
<Cless>達の話をよ！」
<pause>
<audio_141C><Arche>
これは、見ない手はないっしょ」<wait>{END}","<unk1><audio_141A><Mint>:<nl>
 H-Hear what, now...?
<pause>
<audio_141B><Arche>:<nl>
 What <Cless> was just babbling
 about, of course!
<pause>
<audio_141C><Arche>:<nl>
 Omigosh, I totally gotta see this
 hotness RIGHT NOW!<wait>{END}"
"<audio_141D><Mint>
「あ、あの・・・こういうことは」
<pause>
<audio_141E><Arche>
「いいからいいから♪」
<pause>
<audio_141F><Arche>
「・・・だいたい、女湯だけのぞ
　かれるなんて不公平じゃん！」
<pause>
<audio_1420><Mint>
「そういう問題では・・・」
<pause>
<audio_1421><Arche>
「さて、見〜ま〜す〜よ〜」{END}","<audio_141D><Mint>:<nl>
 B-But that would be...
<pause>
<audio_141E><Arche>:<nl>
 Don't worry <note>
 I've got this <note>
<pause>
<audio_141F><Arche>:<nl>
 And also, this is our chance to
 get payback for last time!
 An eye for an eye, y'know!
<pause>
<audio_1420><Mint>:<nl>
 Please don't--
<pause>
<audio_1421><Arche>:<nl>
 Ahem!
 Now! Let's! See!{END}"
"<unk1><audio_1422><Suzu>
<Klarth>さん、お酒の用意ができました」
<pause>
<audio_1423><Klarth>
ああ、ありがとう」
<pause>
<audio_1424><Klarth>
ここに持ってきてくれ」
<pause>
<audio_1425><Cless>
<Klarth>さん、すっかりごきげんですね」{END}","<unk1><audio_1422><Suzu>:<nl>
 Mr. <Klarth>, I have brought your
 sake.
<pause>
<audio_1423><Klarth>:<nl>
 Oooh, excellent!
<pause>
<audio_1424><Klarth>:<nl>
 Just set it right over here, thanks!
<pause>
<audio_1425><Cless>:<nl>
 Having a good time, eh <Klarth>?{END}"
"<audio_1426><Cless>
「・・・って、ああっ！」{END}","<audio_1426><Cless>:<nl>
 ...So, the--AHHHHHH!!{END}"
"<audio_1427><Arche>
「お、おーっす<panic>
　みんな元気ぃ〜？」{END}","<audio_1427><Arche>:<nl>
 H-Howdy guys <panic>
 How ya likin' the spring!?
 Ehehehe... <panic>{END}"
<color_0002><Chester>は『<var_CE01>』の称号を得ました。<color_0000>{END},"<color_0002><Chester> has earned the title
“<var_CE01>.”<color_0000>{END}"
"<Cless>
「<Arche>！？」
<pause>
<Arche>
「へへ、先回りしちゃいました」{END}","<Cless>:<nl>
 <Arche>!?
<pause>
<Arche>:<nl>
 Ehehe, beat ya!{END}"
"『試練にいどむ者、五つの問いに
　答えよ』
<pause>
『問いに惑い、答え乱れるが最も
　悪し』
<pause>
『人として生きるか、忍びとして
　生きるか、心して進むがよい』{END}","“You who would master the trial
must answer five questions.”
<pause>
“To hear in confusion, and reply in
disorder, is the greatest of ills.”
<pause>
“Whether you live as a person or
live as a shinobi, you must advance
with care.”{END}"
"『怒り』
「それは、冷静な判断を失わせる
　ものと知れ」{END}","“Anger”<nl>
Know that this makes one lose calm
judgment.{END}"
"『悲しみ』
「それは、力を失う元と知れ」{END}","“Sorrow”<nl>
Know that this is the origin of
enfeeblement. {END}"
"『喜び』
「それは、他人にねたまれる元と
　知れ」{END}","“Joy”<nl>
Know that this is the origin of being
envied by others.{END}"
"『あわれみ』
「それは、自分の死につながるも
　のと知れ」{END}","“Compassion”<nl>
Know that this is tied to one's own
death.{END}"
"『笑い』
「それは、心のスキを見せるもの
　と知れ」{END}","“Laughter”<nl>
Know that this exposes the
weakness in one's heart.{END}"
"『答えは一つにあらず。
　己の心の思うまま、それが答え
　なり』{END}","“There is no one correct answer.
Respond as your heart dictates.”{END}"
"<Cless>
「ロープを使って降りよう」{END}","<Cless>:<nl>
 All right, I'm lowering the rope.{END}"
"<Cless>
「ロープがないと降りられない」{END}","<Cless>:<nl>
 We'll probably snap our legs if we
 just jumped down there...<nl>
 Let's get a rope first.{END}"
"これより先、五つの試練が待つ！
<pause>
忍の者のみ、進むがよい！{END}","Five trials await you ahead!
<pause>
Advance only if you are a ninja!{END}"
"<Suzu>
「行ってきます」
<pause>
{END}","<Suzu>:<nl>
 I am going.
<pause>
{END}"
"<Cless>
「そんな状態で戦うのは無理だ
　体調を整えてからにしよう」
<pause>
<Suzu>
「・・・はい」{END}","<Cless>:<nl>
 ...But you're too badly wounded to
 fight. You should wait until you're
 feeling better.
<pause>
<Suzu>:<nl>
 ...Understood.{END}"
"<Cless>
「気をつけて・・・」
<pause>
{END}","<Cless>:<nl>
 Be careful...
<pause>
{END}"
"<color_0002>ここでは、<Suzu>が単独で戦う事になります。
<pause>
先には『試練の忍者』が待ちうけています。戦いは五回ありますので、頑張って勝ち抜いて下さい。
<pause>
敗北してもゲームオーバーにはなりませんが、試練の忍者が復活してしまうので、注意して下さい。
<pause>
また、途中で外に出た場合も、試練の忍者は復活してしまいます。五回連続で勝ち抜きましょう。<color_0000>{END}","<color_0002><Suzu> will fight alone here.
<pause>
The Ninja of the Trial wait ahead.
Their tests will grow more difficult
as you progress. You must be
prepared to exert your skills to the
utmost.
<pause>
If you're defeated, the game will
not end. However, the Ninja of the
Trial will be restored, so don't be
reckless.
<pause>
The Ninja of the Trial will also be
restored if you regroup or go
outside. You must defeat all five in
succession in order to pass the trial.<color_0000>{END}"
"汝、未だ試練を受ける資格なし！
己を高めよ！<wait>{END}","You are still unworthy of the trial!
Do not return until you have
improved your abilities!<wait>{END}"
"<color_0002>試練を受けるためには、<Suzu>が初めから身につけている以外の忍術をひとつ以上習得する必要があります。
<pause>
<Suzu>は、<Cless>の奥義書と同様に、忍術書で忍術を習得します。
<pause>
世界のどこかにある『忍術書』を探し出して下さい。<color_0000>{END}","<color_0002>To take the trial, <Suzu> must
learn at least one ninja arte in
addition to the ones she begins with.
<pause>
<Suzu> learns ninja artes from
ninja arte scrolls just as <Cless>
does from arcane arte books.
<pause>
Search for ninja arte scrolls
throughout the world.<color_0000>{END}"
"忍者
「汝に問う」
<pause>
忍者
「汝が消すべき相手には子がいる。
　汝はその子をも、共に消す事を
　是とするか？」{END}","Ninja:<nl>
 I inquire of you.
<pause>
Ninja:<nl>
 The target you must kill has a child.
 Are you justified in killing the child
 as well?{END}"
"<Suzu>
「後に災いとなる恐れのある者は
　消すが道理・・・」
<pause>
忍者
「よろしい」
<pause>
忍者
「ならばその証しを示せ」{END}","<Suzu>:<nl>
 Yes. One must dispatch any who
 may do you harm later.
<pause>
Ninja:<nl>
 Very well.
<pause>
Ninja:<nl>
 Then present to me proof of your
 conviction.{END}"
"<Suzu>
「その子に罪はありません・・・」
<pause>
忍者
「否！後に災いとなる恐れのある
　者は消すのが道理」
<pause>
忍者
「愚か者め、己の甘さを悔いるが
　よい！」{END}","<Suzu>:<nl>
 That child is innocent...
<pause>
Ninja:<nl>
 Wrong!
 You must kill ANY who may do you
 harm later!
<pause>
Ninja:<nl>
 Be ashamed of your compassion,
 fool!{END}"
"忍者
「汝に問う」
<pause>
忍者
「汝は主から仲間を裏切るべく命
　を受けた。この命令を実行する
　事を是とするか？」{END}","Ninja:<nl>
 I inquire of you.
<pause>
Ninja:<nl>
 You have received a direct order
 from your master commanding you
 to betray your comrades.
<pause>
Ninja:<nl>
 Are you justified in executing that
 command?{END}"
"<Suzu>
「主君の命であれば、仲間を裏切
　るも、それが忍びの道・・・」
<pause>
忍者
「よろしい」
<pause>
忍者
「ならばその証しを示せ」{END}","<Suzu>:<nl>
 If it is an order from my lord, I
 will betray my comrades, as that is
 the Way of the Shinobi...
<pause>
Ninja:<nl>
 Very well.
<pause>
Ninja:<nl>
 Then present to me proof of your
 conviction.{END}"
"<Suzu>
「仲間を裏切るなんて、そんなこ
　とできません・・・」
<pause>
忍者
「否！主君の命は絶対である」
<pause>
忍者
「愚か者め、己の甘さを悔いるが
　よい！」{END}","<Suzu>:<nl>
 I cannot do such a thing as betray
 my comrades...
<pause>
Ninja:<nl>
 Wrong! The orders of your lord are
 absolute!
<pause>
Ninja:<nl>
 Be ashamed of your compassion,
 fool!{END}"
"忍者
「汝に問う」
<pause>
忍者
「汝は任務遂行中に偶然に通りが
　かった者に姿を見られた。この
　者を斬る事を是とするか？」{END}","Ninja:<nl>
 I inquire of you.
<pause>
Ninja:<nl>
 A person accidentally comes upon
 you in the midst of your duties.
<pause>
Ninja:<nl>
 Are you justified in killing this
 person?{END}"
"<Suzu>
「忍びは隠密。見られたのならば
　斬るのが必定・・・」
<pause>
忍者
「よろしい」
<pause>
忍者
「ならばその証しを示せ」{END}","<Suzu>:<nl>
 A shinobi is secretive. If he saw
 me, his death is inevitable.
<pause>
Ninja:<nl>
 Very well.
<pause>
Ninja:<nl>
 Then present to me proof of your
 conviction.{END}"
"<Suzu>
「無駄な殺生は好みません・・・」
<pause>
忍者
「否！忍びとは知られぬ事」
<pause>
忍者
「愚か者め、己の甘さを悔いるが
　よい！」{END}","<Suzu>:<nl>
 I do not condone needless killing.
<pause>
Ninja:<nl>
 Wrong!
 None must know of shinobi!
<pause>
Ninja:<nl>
 Be ashamed of your compassion,
 fool!{END}"
"忍者
「汝に問う」
<pause>
忍者
「汝の主君が悪事を働いている事
　を知った。汝はそれを暴く事を
　是とするか？」{END}","Ninja:<nl>
 I inquire of you.
<pause>
Ninja:<nl>
 You know your lord has committed
 a crime. Are you justified in
 exposing it?{END}"
"<Suzu>
「主君といえども、悪事は許され
　ません・・・」
<pause>
忍者
「否！忍びはさばきを下すにあら
　ず。主君の命に従うのみ」
<pause>
忍者
「愚か者め、己の甘さを悔いるが
　よい！」{END}","<Suzu>:<nl>
 Wickedness may not be excused,
 even if done by my lord...
<pause>
Ninja:<nl>
 Wrong!
 A shinobi does not pass judgment.
 You are to obey your lord's orders
 unconditionally.
<pause>
Ninja:<nl>
 Be ashamed of your compassion,
 fool!{END}"
"<Suzu>
「いかに悪事とはいえ、主君を売
　るわけにはいきません・・・」
<pause>
忍者
「よろしい」
<pause>
忍者
「ならばその証しを示せ」{END}","<Suzu>:<nl>
 Though I may wish to, I cannot
 betray my lord...
<pause>
Ninja:<nl>
 Very well.
<pause>
Ninja:<nl>
 Then present to me proof of your
 conviction.{END}"
"忍者
「汝に問う」
<pause>
忍者
「汝は汝の親と刃を交えることに
　なった。汝は親を斬る事を是と
　するか？」
<pause>
<Suzu>
「そ、それは・・・」
<pause>
忍者
「答えよ！汝は、その覚悟がある
　か？」{END}","Ninja:<nl>
 I inquire of you.
<pause>
Ninja:<nl>
 You find yourself crossing blades
 with your parents. Are you
 justified in cutting them down?
<pause>
<Suzu>:<nl>
 I-I...
<pause>
Ninja:<nl>
 Answer! Or have you not prepared
 yourself?{END}"
"<Suzu>
「それが・・・それが、忍びのさ
　だめならば・・・」
<pause>
忍者
「よろしい」
<pause>
忍者
「ならばその証しを示せ」{END}","<Suzu>:<nl>
 If...if that is in accordance with the
 code of shinobi...
<pause>
Ninja:<nl>
 Very well.
<pause>
Ninja:<nl>
 Then present to me proof of your
 conviction.{END}"
"<Suzu>
「斬りたくなんか・・・でも」
<pause>
忍者
「笑止！汝は頭領の器にあらず」
<pause>
忍者
「愚か者め、己の甘さを悔いるが
　よい！」{END}","<Suzu>:<nl>
 It would be my duty to cut them
 down...but...
<pause>
Ninja:<nl>
 This is pitiful!
 You are not fit to be chief.
<pause>
Ninja:<nl>
 Be ashamed of your compassion,
 fool!{END}"
"忍者
「見事・・・」{END}","Ninja:<nl>
 Splendid...{END}"
"忍者
「未熟者め！出直して参れ！」{END}","Ninja:<nl>
 Novice!
 Turn back and try again!{END}"
"<Suzu>
「ここは・・・」{END}","<Suzu>:<nl>
 I have done it...{END}"
"<Suzu>
「この手紙は・・・父上の文字！」
<pause>
『無事、試練を乗り越えたようで
　なによりだ』
<pause>
{END}","<Suzu>:<nl>
 A letter...composed with Father's
 handwriting!
<pause>
“It seems you have managed to
overcome the trial.”
<pause>
{END}"
"『残念な事におまえには忍びの道
　の何たるかが分かってはいない
　ようだ』
<pause>
『だが、お前は忍者としてではな
　く、人として一番大切な物を持っ
　ている』
<pause>
『その心を忘れぬ限り、お前には
　一族を束ねる頭領となる資格が
　あると言えよう』
<pause>
{END}","“Unfortunately, it seems there is
much you do not understand about
the Way of the Shinobi.”
<pause>
“However, you possess that which is
most precious of all, not as a ninja,
but as a human being.”
<pause>
“As long as you do not forget your
heart, you have the qualifications to
become worthy of governing the
clan as chief.”
<pause>
{END}"
"『もはやお前に忍びの道の何たる
　かを語る必要もないようだ』
<pause>
『だが、今のお前に欠けている物
　が一つだけある』
<pause>
『それを理解した時、お前は一族
　を束ねる頭領となる資格を得る
　のだ』
<pause>
{END}","“You seem to have learned well the
Way of the Shinobi.”
<pause>
“However, there is one thing you
still lack.”
<pause>
“When you realize what that is, you
will have the qualifications to
become worthy of governing the
clan as chief.”
<pause>
{END}"
"『忍びの道とは己を殺し、主を生
　かす生き方』
<pause>
『お前はお前なりに何かをつかみ
　かけているようだ』
<pause>
『だが、頭領となり一族を束ねる
　にはまだまだ時間が必要なよう
　だな』
<pause>
{END}","“The Way of the Shinobi is to live
for one's lord; to slay oneself in his
service.”
<pause>
“It seems you have come to your
own understanding of this concept.”
<pause>
“However, it also seems more time
is necessary before you become
worthy of governing the clan as
chief.”
<pause>
{END}"
"『いまひとつの宝箱の中に入って
　いる武器を持ち、さらなる修行
　をかさねるのだ』
<pause>
『忍の道はきびしいのだ』{END}","“Take the weapon in this treasure
chest and continue the pursuit of
knowledge.”
<pause>
“The Way of the Shinobi is harsh.”{END}"
<color_0002><item_FD00>を手に入れました。<color_0000>{END},<color_0002>Acquired the <item_FD00>.<color_0000>{END}
"<Suzu>
「父上、母上・・・」{END}","<Suzu>:<nl>
 Mother, Father...{END}"
"<Suzu>
「試練完了！」<wait>{END}","<Suzu>:<nl>
 I have completed the trial!<wait>{END}"
<color_0002>この試練によって<Suzu>に経験値が加算されます。<wait><color_0000>{END},"<color_0002><Suzu> has gained experience
from this trial.<wait><color_0000>{END}"
<speed_0000><color_0002>ＬＥＶＥＬ　ＵＰ！{END},<speed_0000><color_0002>Level up!{END}
"<speed_0000><color_0002>ＬＥＶＥＬ　ＵＰ！
ＮＥＷ　ＳＫＩＬＬ！{END}",<speed_0000><color_0002>Level up! New arte!{END}
<speed_0000><color_0002>ＬＥＶＥＬ　ＵＰ！{END},<speed_0000><color_0002>Level up!{END}
"<speed_0000><color_0002>ＬＥＶＥＬ　ＵＰ！
ＮＥＷ　ＳＫＩＬＬ！{END}",<speed_0000><color_0002>Level up! New arte!{END}
<color_0002><Suzu>は『<var_DD01>』の称号を得ました。<color_0000>{END},"<color_0002><Suzu> has earned the title
“Shinobi.”<color_0000>{END}"
"<Cless>
「<Suzu>ちゃん！」{END}","<Cless>:<nl>
 Welcome back!{END}"
"<Cless>
「無事だったんだね？」
<pause>
<Suzu>
「はい、全て終りました」
<pause>
<Cless>
「よし、それじゃあ、帰ろう」{END}","<Cless>:<nl>
 Did it go well?
<pause>
<Suzu>:<nl>
 Yes.
 I was successful.
<pause>
<Cless>:<nl>
 That's great. Let's get going, then.{END}"
"<Cless>
「帰るの？」{END}","<Cless>:<nl>
 Not feeling up to this, huh?{END}"
"<Cless>
「それじゃあ、帰ろう」{END}","<Cless>:<nl>
 All right, then let's get out of here.{END}"
"<Cless>
「じゃあ、頑張ってね」{END}","<Cless>:<nl>
 Well, good luck.{END}"
"<Mint>
「頑張って！」{END}","<Mint>:<nl>
 Don't forget to do your best!{END}"
"<Cless>
「<Suzu>ちゃん！」{END}","<Cless>:<nl>
 <Suzu>!
 What happened!?{END}"
"<Suzu>
「<Cless>さん・・・」
<pause>
<Cless>
「ここはいったん戻ろう」
<pause>
<Suzu>
「・・・はい」{END}","<Suzu>:<nl>
 I...
<pause>
<Cless>:<nl>
 Let's take you back for now.
<pause>
<Suzu>:<nl>
 ...Okay.{END}"
