ベネツィア市{END},Venezia City{END}
ベネツィア港{END},Venezia Harbor{END}
"船長
「金さえくれればどこへでも運ん
　でやるから、これからもよろし
　くな！」{END}","Captain:<nl>
 I'll take you anywhere as long
 as you've got the cash!
 Come again!{END}"
ベネツィア港{END},Venezia Harbor{END}
"　　　　　〜渡し船〜
御希望とあらば<var_0202>ボタン
でスピードアップ！{END}","　　　　　-Ferry-<nl>
In a hurry?<nl>
Speed up the trip by holding <var_0202>!{END}"
"　　〜ベネツィア輸送船〜
楽しい海の旅をあなたもいかが？{END}","　　-Venezia Transport Ship-<nl>
Looking for a good time across the
sea?{END}"
"アルヴァニスタ王国行き定期連絡船
片道料金御一人様<num1_000000AA>ガルド{END}","One-way fare to Alvanista is <num1_000000AA>
gald per passenger.{END}"
"『魔物増加のため出港を見合わせ
　ています。
　御了承下さい。
　　　ベネツィア船舶委員会』{END}","“Departure is suspended due to an
increase in monster activity.
Thank you for your understanding.<nl>
-Venezia Ship Committee”{END}"
"<audio_1818>？？？
「買ってって〜見てって〜」{END}","<audio_1818>???:<nl>
 Come take a gander! Buy somethin', won't ya?{END}"
"<audio_1819><Cless>
「あれ？君は・・・」{END}","<audio_1819><Cless>:<nl>
 Oh, it's you...{END}"
"<audio_181A>？？？
「え？どこかで会ったっけ？」{END}","<audio_181A>???:<nl>
 Huh? Have we met before?{END}"
"<audio_181B><Cless>
「ほら、
　地下墓地で会った・・・」
<pause>
<audio_181C>？？？
「地下墓地？」{END}","<audio_181B><Cless>:<nl>
 Y'know, back in the mausoleum...
<pause>
<audio_181C>???:<nl>
 A mausoleum?{END}"
"<audio_181D><Mint>
「でも・・・
　何かおかしくありませんか？」
<pause>
<audio_181E><Cless>
「そう言えば・・・
　あれは僕たちの時代で・・・」
<pause>
<audio_181F><Mint>
「ええ・・・ここはそれより
　１００年も前の世界・・・」
<pause>
<audio_1820><Cless>
「じゃあ、彼女は？」
<pause>
<audio_1821><Mint>
「お母様、いえ、おばあ様、
　でしょうか・・・？」{END}","<audio_181D><Mint>:<nl>
 Wait... Isn't something off?
<pause>
<audio_181E><Cless>:<nl>
 Now that you mention it...<nl>
 That was back in our time...
<pause>
<audio_181F><Mint>:<nl>
 That's right... Right now we're 100 years in the past...
<pause>
<audio_1820><Cless>:<nl>
 Then who is she?
<pause>
<audio_1821><Mint>:<nl>
 Maybe her mother... No wait, perhaps her grandmother?{END}"
"<audio_1822>？？？
「旅の人？」{END}","<audio_1822>???:<nl>
 Are you travelers?{END}"
"<audio_1823><Cless>
「ああ・・・僕は
　<Cless>＝アルベイン」
<pause>
<audio_1824><Cless>
「で、こっちが<Mint>、
　<Klarth>、そして<Rhea>」
<pause>
<audio_1825>？？？
「私はロンドリーネ＝Ｅ＝
　エッフェンベルグ」
<pause>
<audio_1826>ロンドリーネ
「じゃあ、君たち、
　旅の途中ってことだよね？
　どこ行くの？」{END}","<audio_1823><Cless>:<nl>
 Yes... I'm <Cless> Alvein.
<pause>
<audio_1824><Cless>:<nl>
 This here is <Mint>, <Klarth>, and <Rhea>.
<pause>
<audio_1825>???:<nl>
 I'm Rondoline E. Effenberg.
<pause>
<audio_1826>Rondoline:<nl>
 So you guys are traveling? Where you headin'?{END}"
"<audio_1827><Mint>
「あの・・・デミテルって人、
　知りませんか？」
<pause>
<audio_1828>ロンドリーネ
「デミテル？
　さぁ・・・知らないけど
　その人、何した人？」
<pause>
<audio_1829><Cless>
「デミテルは・・・
　このリアの
　両親を殺したんだ・・・」{END}","<audio_1827><Mint>:<nl>
 Erm... Would you happen to know someone called Demeter?
<pause>
<audio_1828>Rondoline:<nl>
 Demeter? Beats me... Never heard of 'em. Did he do something?
<pause>
<audio_1829><Cless>:<nl>
 Demeter... killed <Rhea>'s parents.{END}"
"<audio_182A>ロンドリーネ
「あ・・・そっか・・・
　ごめん、悪いこと聞いちゃった
　かな・・・」
<pause>
<audio_182B><Rhea>
「い、いえ・・・」
<pause>
<audio_182C>ロンドリーネ
「それじゃあ、
　仇討ち、なんだ・・・」
<pause>
<audio_182D><Cless>
「ああ」{END}","<audio_182A>Rondoline:<nl>
 Oh... I see. My bad, I shouldn't have asked that...
<pause>
<audio_182B><Rhea>:<nl>
 It's fine...
<pause>
<audio_182C>Rondoline:<nl>
 So I take it you're out for revenge...
<pause>
<audio_182D><Cless>:<nl>
 Yeah.{END}"
"<audio_182E>ロンドリーネ
「そっか・・・がんばってね」
<pause>
<audio_182F><Cless>
「うん、ありがとう」
<pause>
<audio_1830><Cless>
「君は・・・どうしてここで
　商売なんてしてるの？」
<pause>
<audio_1831>ロンドリーネ
「店をやるといろんな人が
　来るでしょ？」
<pause>
<audio_1832>ロンドリーネ
「それで色々と面白い話も聞けて
　楽しいかなーと思ってさ
　あと、お金もたまるしね」{END}","<audio_182E>Rondoline:<nl>
 I see... Best of luck to you.
<pause>
<audio_182F><Cless>:<nl>
 Thank you.
<pause>
<audio_1830><Cless>:<nl>
 So what are you doing running a shop here?
<pause>
<audio_1831>Rondoline:<nl>
 You meet lots of different people when running a store, right?
<pause>
<audio_1832>Rondoline:<nl>
 I thought it would be fun to have all sorts of interesting conversations, and make a lot of money while I'm at it!{END}"
"<audio_1833><Klarth>
「許可は取っているのか？」{END}","<audio_1833><Klarth>:<nl>
 Do you have a permit?{END}"
"<audio_1834>ロンドリーネ
「許可？」
<pause>
<audio_1835><Klarth>
「商売するなら許可を取らないと。　この町はそういうの
　うるさいからな」
<pause>
<audio_1836>ロンドリーネ
「そうなんだ・・・
　ほんじゃ、行ってくるかな」
<pause>
<audio_1837>ロンドリーネ
「いいこと教えてくれて
　ありがと
　また会ったらよろしくね」{END}","<audio_1834>Rondoline:<nl>
 A permit?
<pause>
<audio_1835><Klarth>:<nl>
 You need a license in order to run a store. They're pretty strict about it in this town.
<pause>
<audio_1836>Rondoline:<nl>
 Is that so...? Well, I'd best be going!
<pause>
<audio_1837>Rondoline:<nl>
 Thanks for the chat. I'll see you around!{END}"
"<audio_1838><Cless>
「行っちゃった・・・」{END}","<audio_1838><Cless>:<nl>
 She left...{END}"
"<audio_1839><Mint>
「どこへ行けばいいのか、
　ご存知なのでしょうか？」{END}","<audio_1839><Mint>:<nl>
 Maybe she knows where we should go...?{END}"
"<audio_183A><Cless>
「そう言えば・・・」{END}","<audio_183A><Cless>:<nl>
 Now that you mention it...{END}"
"<audio_183B><Cless>
「おーい！！って・・・
　もう見えない・・・」{END}","<audio_183B><Cless>:<nl>
 Hey!!! Ack, I don't see her...{END}"
"<audio_183C><Mint>
「どうしましょう・・・」{END}","<audio_183C><Mint>:<nl>
 What should we do...?{END}"
"<audio_183D><Klarth>
「我々も、他人を気にかけている
　時じゃないだろう」{END}","<audio_183D><Klarth>:<nl>
 We don't have time to worry about strangers.{END}"
"<audio_183E><Mint>
「はい・・・」{END}","<audio_183E><Mint>:<nl>
 Of course.{END}"
"<audio_183F><Cless>
「行きましょう」{END}","<audio_183F><Cless>:<nl>
 Let's go.{END}"
"町の人
「ユークリッド国ではほとんどの
　人がユグドラシルを神として崇
　めているんだ」
<pause>
町の人
「大地の精霊であるユグドラシル
　が世界を守ってるんだってさ」{END}","Citizen:<nl>
 Most people throughout the country
 of Euclid revere Yggdrasill as a god.
<pause>
Citizen:<nl>
 'Cause they believe the Spirit of
 Gaea, who they say protects the
 world, lives in the heart of it.{END}"
"女の人
「でっかい港町でしょう」
<pause>
女の人
「いろんな人がいて、いろんな出
　会いがある、そういう町なの」{END}","Woman:<nl>
 What a huge port city.
<pause>
Woman:<nl>
 So many things to see,
 so many people to meet...<nl>
 Maybe I'll run into a tall,
 dark, and handsome stranger...{END}"
"子供
「ボクも魔術が使えたらな〜」
<pause>
子供
「エルフじゃないから無理だけど
　ねぇ〜」{END}","Child:<nl>
 It'd be so cool if I could use magic
 too!
<pause>
Child:<nl>
 But since I'm not an elf, I can't.
 No fair!{END}"
"町の人
「世界のどこかにエルフの集落っ
　てのがあるらしいよ」
<pause>
町の人
「どこにあるんだろ？」{END}","Citizen:<nl>
 There's a colony of elves
 somewhere in the world.
<pause>
Citizen:<nl>
 Where could it be?{END}"
"おじいさん
「昔はこの町にもエルフがたくさ
　んいたんじゃがのぅ・・・」{END}","Old Man:<nl>
 Not long ago, this city was teeming
 with elves...{END}"
"おばあさん
「いい天気ねぇ」{END}","Old Woman:<nl>
 If I were about thirty years
 younger, I'd be trying to get a
 suntan in this gorgeous weather.{END}"
"男の人
「いや〜、海だねぇ〜」
<pause>
男の人
「こう、何て言うか、ロマンを感
　じるねぇ〜」{END}","Man:<nl>
 Ahh, yeah!
 Nothin' like the good ol'
 refreshing sea breeze!
<pause>
Man:<nl>
 It just...how should I put it...feels
 soooo romantic!{END}"
"船乗り
「最近ヒマでしょうがないな」{END}","Sailor:<nl>
 We have nothing but free time
 lately. Not even the deck needs
 swabbing...{END}"
"船乗り
「この船はアルヴァニスタへの定
　期船だ」
<pause>
船乗り
「いつ出港するかは、オレもわか
　らないよ」
<pause>
船乗り
「船長に聞いてくれ」{END}","Sailor:<nl>
 This liner normally voyages to
 Alvanista, but all trips there have
 been canceled until further notice.
<pause>
Sailor:<nl>
 Wish I had a clue when that would
 be, but no one's said anything.
<pause>
Sailor:<nl>
 Maybe the captain has an idea.{END}"
"船乗り
「最近物騒だから、荷物運びの依
　頼もめっきり減ってしまった」
<pause>
船乗り
「まったく・・・」{END}","Sailor:<nl>
 Because of how treacherous the
 seas are, even freight shipping
 requests have dropped off.
<pause>
Sailor:<nl>
 These accursed days...{END}"
"船乗り
「ああ、これはミッドガルズ国へ
　の定期船なんだけどね」
<pause>
船乗り
「戦争は終ってもまだ定期航路は
　閉鎖されたままなんだ」
<pause>
船乗り
「早く出港したいよ・・・」{END}","Sailor:<nl>
 Yeah, this is the liner to Midgard,
 but...
<pause>
Sailor:<nl>
 Even with the war over, they've
 kept the damn sea route closed.
<pause>
Sailor:<nl>
 Ugh, I need to set sail...stretch my
 sea legs.{END}"
"船乗り
「ああ、これはミッドガルズ国へ
　の定期船だったんだけどね」
<pause>
船乗り
「戦争で入れなくなってね」
<pause>
船乗り
「正直なところ仕事がなくて困っ
　てるんだ・・・」{END}","Sailor:<nl>
 Yeah, this is the liner to Midgard,
 but a war's being waged there.
<pause>
Sailor:<nl>
 A trip to that country would be
 suicide.
<pause>
Sailor:<nl>
 Man, the economy's been mucked
 up thanks to all this. I'm worried
 that there's no honest way to
 make a living anymore...{END}"
"船乗り
「もしかして、お前らどこかに行
　きたいのか？」
<pause>
船乗り
「船長に頼めば何とかなるんじゃ
　ないか？」
<pause>
船乗り
「ヒマだからな・・・」{END}","Sailor:<nl>
 Any chance you guys want to take
 a trip somewhere?
<pause>
Sailor:<nl>
 We'd really appreciate it; the entire
 crew's getting a little stir crazy.
 Work--any kind of work--would
 help us keep our sanity.
<pause>
Sailor:<nl>
 Getting paid to stare into space
 and sing embarrassing songs to
 yourself all day is only exciting
 for so long...{END}"
"ナンシー
「彼、本当に来てくれるかしら？」
<pause>
<Cless>
「来てくれるって！」
<pause>
ナンシー
「・・・・・・」
<pause>
<Cless>
「ほら、来たよ」{END}","Nancy:<nl>
 Um...<nl>
 Is he really going to come?
<pause>
<Cless>:<nl>
 He said he'd be here shortly!
<pause>
Nancy:<nl>
 ......
<pause>
<Cless>:<nl>
 Oh, hey!
 Speak of the devil...{END}"
"エルウィン
「あなたが・・・」
<pause>
エルウィン
「ナンシーさん？」
<pause>
ナンシー
「はい・・・」
<pause>
<Mint>
「さ、私達はもう行きましょう」
<pause>
<Cless>
「そうだね」{END}","Elwyn:<nl>
 Hello there.
<pause>
Elwyn:<nl>
 You're Nancy if I'm not mistaken...
<pause>
Nancy:<nl>
 Yes, that's me...
<pause>
<Mint>:<nl>
 I think we should leave them alone
 now.
<pause>
<Cless>:<nl>
 Yeah, let's go do something else.{END}"
"ナンシー
「あの、その・・・」{END}","Nancy:<nl>
 Umm, well, I...{END}"
"ナンシー
「私、どうしたら・・・」{END}","Nancy:<nl>
 What do we do...?{END}"
"エルウィン
「ありがとう」
<pause>
エルウィン
「こんなステキな人ならもっと早
　く会うべきだったよ」{END}","Elwyn:<nl>
 Thanks a lot, you guys.
<pause>
Elwyn:<nl>
 She's very lovely.
 I feel so silly for my
 hesitation earlier!{END}"
"エルウィン
「僕は、いったいどうしたらいい
　んでしょうか？」
<pause>
<color_0002>エルウィンを励ましますか？<color_0000>{END}","Elwyn:<nl>
 What to do, what to do...
<pause>
<color_0002>Encourage Elwyn?<color_0000>{END}"
"<Cless>
「エルウィンさん、元気を出して」
<pause>
エルウィン
「しかし、父さんは許してくれそ
　うにないし・・・」
<pause>
<Klarth>
「まぁ、駆け落ちするのも一つの
　手段ではあるな」<wait>{END}","<Cless>:<nl>
 Don't worry, Elwyn.
<pause>
Elwyn:<nl>
 But what am I going to do about
 my dad? He's being such an
 inflexible jerk about this.
<pause>
<Klarth>:<nl>
 Why not leave him behind, then?
 Hop on a boat, go somewhere
 far away with her.
 He'll never find you.<wait>{END}"
"<unk1><Mint>
<Klarth>さん、軽はずみな事を言わないで下さい！」<wait>{END}","<unk1><Mint>:<nl>
 Please, <Klarth>!
 You shouldn't tell someone to do
 something as irrational as that!<wait>{END}"
"エルウィン
「いや、僕もそれは考えていたん
　です」
<pause>
<Mint>
「でも、そんな・・・」
<pause>
エルウィン
「このままでは、僕もナンシーも
　不幸なまま変わりません」
<pause>
エルウィン
「つらいかもしれませんが、二人
　でがんばってみます」{END}","Elwyn:<nl>
 Actually, the thought had crossed
 my mind as well.
<pause>
<Mint>:<nl>
 But still, you really shouldn't...
<pause>
Elwyn:<nl>
 It's probably the only way we'll be
 able to live happily, though.
<pause>
Elwyn:<nl>
 I'm sure it'll be tough at first, but
 the two of us will be fine if we
 have each other.{END}"
"<Klarth>
「まあ、あの二人なら何とかやっ
　ていけるだろう」
<pause>
<Cless>
「そういうものですか？」
<pause>
<Klarth>
「男と女の関係なんてのは、そん
　なものだ」
<pause>
<Klarth>
「おまえ達も、そのうちにわかる
　ようになるさ」{END}","<Klarth>:<nl>
 Well, I think they'll get out of this
 mess just fine.
<pause>
<Cless>:<nl>
 You're really sure of that?
<pause>
<Klarth>:<nl>
 True love between a man and
 woman knows no bounds.
<pause>
<Klarth>:<nl>
 Take it from me. You kids will
 understand what that means
 sooner or later.{END}"
"船乗り
「おか〜さ〜ん！」{END}","Sailor:<nl>
 MOOOOMMYYYYY!{END}"
"船乗り
「早くダオスを何とかしないと、
　俺たちゃ失業だよ・・・」{END}","Sailor:<nl>
 Something needs to be done about
 Dhaos fast, or they're gonna start
 handing out pink slips...{END}"
"船乗り
「アルヴァニスタ行きの定期船は
　出港できねぇんだ」
<pause>
船乗り
「ベネツィア船舶委員会が全ての
　船の操業をストップしちまって
　ね・・・」
<pause>
船乗り
「困ったもんだぜ」{END}","Sailor:<nl>
 Sorry, but the ship to Alvanista isn't
 going anywhere.
<pause>
Sailor:<nl>
 The Venezia Ship Committee has
 stopped all commercial operation...
<pause>
Sailor:<nl>
 This situation is making me
 nervous.{END}"
"船乗り
「掃除だけはせなあかんな」{END}","Sailor:<nl>
 Nothin' to do but clean.
 Over. And over. Again.{END}"
"男の人
「この世界のどこかに、闇に覆わ
　れた大陸があるらしいよ」
<pause>
男の人
「これもダオスの仕業かな？」{END}","Man:<nl>
 Appears there's a continent under a
 constantly dark sky somewhere in
 the world.
<pause>
Man:<nl>
 Is Dhaos behind that, too?{END}"
"女の人
「ああ、私って何て美人なのかし
　ら・・・」
<pause>
女の人
「水鏡にうつすたびにほれぼれし
　ちゃうわ・・・」
<pause>
<Cless>
（何か、すごいナルシスト・・・）{END}","Woman:<nl>
 Ahh, I'm so beautiful...
<pause>
Woman:<nl>
 Every time I see my reflection in
 the fountain, I'm enthralled...
<pause>
<Cless>:<nl>
 (Whoa. A real narcissist!){END}"
"男の子
「うわさだけど、どっかの森に隠
　れ里があるらしいよ」
<pause>
男の子
「どんな人達が住んでいるんだろ
　うね？」{END}","Boy:<nl>
 My buddies told me about a hidden
 village in some forest.
<pause>
Boy:<nl>
 What kind of people would live in a
 place like that?{END}"
"男の人
「アルヴァニスタや水鏡ユミルの
　近くには剣士や魔術師が修行を
　しているらしいよ」{END}","Man:<nl>
 Swordsmen and magicians have
 been training around Alvanista and
 Ymir's Lake of Reflection.{END}"
"女の子
「お勉強サボっちゃった」
<pause>
女の子
「よい子のみんなは、マネしちゃ
　だめだよ」{END}","Girl:<nl>
 I ditched my homework last night,
 and none of the bookworms will let
 me copy off them!
<pause>
Girl:<nl>
 What am I gonna do now!?
 I'm so screwed!{END}"
"船長
「あ〜あ、退屈・・・」{END}","Captain:<nl>
 Yawwwnnn...<nl>
 Bored is as bored does...{END}"
"<audio_0FC0>船長
「何だ、何か用か？」
<pause>
<audio_0FC1>船長
「用がないなら、さっさと船から
　出て行け！」{END}","<audio_0FC0>Captain:<nl>
 What, you want something?
<pause>
<audio_0FC1>Captain:<nl>
 If you don't have any business
 here, get off my ship!{END}"
"<audio_0FC0>船長
「何だ、何か用か？」
<pause>
<audio_0FC1>船長
「用がないならさっさと船から出
　て行け！」
<pause>
<audio_0FC2><Cless>
「この船で連れて行ってほしいの
　ですが・・・」
<pause>
<audio_0FC3>船長
「あ、客か、こりゃ失礼」<wait>{END}","<audio_0FC0>Captain:<nl>
 What, you want something?
<pause>
<audio_0FC1>Captain:<nl>
 If you don't have any business
 here, get off my ship!
<pause>
<audio_0FC2><Cless>:<nl>
 Uhh sir...<nl>
 We just wanted passage
 somewhere.
<pause>
<audio_0FC3>Captain:<nl>
 Oh, customers!
 Forgive my insolence.<wait>{END}"
"船長
「あ、あんたらは・・・」
<pause>
船長
「どこかに行きたいのかい？」<wait>{END}","Captain:<nl>
 Oh, it's you guys again...
<pause>
Captain:<nl>
 You want to go somewhere?<wait>{END}"
"<color_0002><speed_0000>１。西の孤島
２。北海の孤島
３。トールの海上位置<color_0000><speed_FFFF>{END}","<color_0002><speed_0000>1. Western island<nl>
2. Island in the North Sea<nl>
3. Sea above Thor<color_0000><speed_FFFF>{END}"
"<color_0002><speed_0000>１。西の孤島
２。北海の孤島<color_0000><speed_FFFF>{END}","<color_0002><speed_0000>1. Western island<nl>
2. Island in the North Sea<color_0000><speed_FFFF>{END}"
"<Klarth>
「西の孤島までお願いしたい」
<pause>
船長
「西の孤島？」
<pause>
船長
「あのデミテルが住んでるってい
　う噂の島か？」<wait>{END}","<Klarth>:<nl>
 Yeah, we're trying to find a
 ride to the western island.
 Could you give us a lift?
<pause>
Captain:<nl>
 You serious?
<pause>
Captain:<nl>
 The creepy island Demeter
 supposedly moved to?
 Well then...<wait>{END}"
"船長
「料金は片道運賃、食費、保険料
　を含めて一人<num5_C0005122>ガルド」
<pause>
船長
「全員で<num5_C0005124>ガルドだな」
<pause>
{END}","Captain:<nl>
 One-way fare including shipping,
 food, and insurance is <num5_C0005122> gald
 per person.
<pause>
Captain:<nl>
 So it'll be <num5_C0005124> total gald for all of
 you.
<pause>
{END}"
"船長
「料金は往復運賃、食費、保険料
　を含めて一人<num5_C0005122>ガルド」
<pause>
船長
「全員で<num5_C0005124>ガルドだな」
<pause>
{END}","Captain:<nl>
 One-way fare including shipping,
 food, and insurance is <num5_C0005122> gald
 per person.
<pause>
Captain:<nl>
 So it'll be <num5_C0005124> total gald for all of
 you.
<pause>
{END}"
"<audio_0FC6>船長
「行くかい？」{END}","<audio_0FC6>Captain:<nl>
 That sound fair?{END}"
"船長
「お金が足りなきゃどうしようも
　ねぇなぁ」{END}","Captain:<nl>
 Looks like you're a bit short on
 cash.{END}"
"<Klarth>
「おいおい、まだユグドラシルを
　復活させていないぞ」{END}","<Klarth>:<nl>
 ...I'm flattered you think so highly
 of my books. While I'd relish giving
 Dhaos a good bashing with them,
 I'd rather nuke him to oblivion.
<pause>
<Klarth>:<nl>
 Come on, let's go back and save
 Yggdrasill first.{END}"
"<unk1><Mint>
<Cless>さん<Arche>さんも連れて行かないと」{END}","<unk1><Mint>:<nl>
 We can't leave without <Arche>.{END}"
"<audio_0FC7>船長
「では出港！」<wait>{END}","<audio_0FC7>Captain:<nl>
 Set sail!<wait>{END}"
"船長
「またいつでも来てくれ、どうせ
　ヒマだから」{END}","Captain:<nl>
 Come back anytime.
 We're never up to much these
 days, anyway.{END}"
"船長
「船は出ないよ」
<pause>
船長
「こんな時に出港する奴の顔を見
　てみたいよ」{END}","Captain:<nl>
 My ship's not going anywhere.
<pause>
Captain:<nl>
 I'd like to see what kind of guy has
 the balls to set sail at a time like
 this.{END}"
"船長
「やあ、あんたらか」
<pause>
船長
「これはアルヴァニスタ行きの船
　だぜ」<wait>{END}","Captain:<nl>
 Oh, it's you guys again.
<pause>
Captain:<nl>
 My ship's about to depart for
 Alvanista.<wait>{END}"
"<Cless>
「船はいつ出ますか？」
<pause>
船長
「そんなこと言われてもねぇ」
<pause>
船長
「アルヴァニスタだっていつダオ
　スに襲われても不思議じゃない
　んだよ」
<pause>
船長
「そんな危険な所に船は出せない
　よ」
<pause>
船長
「あ〜あ、どうしよう・・・」{END}","<Cless>:<nl>
 Excuse me, Captain.
 When is this ship leaving?
<pause>
Captain:<nl>
 Bah, don't start up with that crap.
<pause>
Captain:<nl>
 We'd PROBABLY be well on our way
 to Alvanista right now if it weren't
 for Dhaos.
<pause>
Captain:<nl>
 I'm not about to put my ship and
 men at risk of an attack by him.
<pause>
Captain:<nl>
 Dammit, what am I gonna do...?{END}"
"船長
「料金は運賃、食費、保険料を含
　めて一人<num1_000000AA>ガルド」
<pause>
船長
「全員で<num5_C0005124>ガルドだけど、
　行くかい？」{END}","Captain:<nl>
 One-way fare including shipping,
 food, and insurance is <num1_000000AA> gald
 per person.
<pause>
Captain:<nl>
 It'll be <num5_C0005124> gald
 for lot of you.
 Still want to go?{END}"
"船長
「お金がなきゃ、どうしようもな
　いよ」{END}","Captain:<nl>
 No money, no ride.{END}"
"船長
「では、出港〜」{END}","Captain:<nl>
 All right, set sail!{END}"
"船長
「それじゃ」{END}","Captain:<nl>
 Whatever, then.{END}"
"<audio_10F2>ハリソン
「お待ちしていました」
<pause>
<audio_10F3>ハリソン
「しかし問題が起こりました」
<pause>
<audio_10F4>ハリソン
「船が出港できないそうです」
<pause>
<audio_10F5>船長
「すまんな」
<pause>
<audio_10F6>船長
「ダオスは海にも勢力を伸ばしつ
　つある」
<pause>
<audio_10F7>船長
「危険すぎるよ」
<pause>
<audio_10F8><Cless>
「しかしこのままじゃ・・・」
<pause>
<audio_10F9>ハリソン
「仕方がない・・・」
<pause>
<audio_10FA>ハリソン
「あそこをあたってみるか」
<pause>
<audio_10FB><Klarth>
「何か、別な方法でもあるのです
　か？」
<pause>
<audio_10FC>ハリソン
「途中ユークリッドに寄りません
　でしたか？」
<pause>
<audio_10FD>ハリソン
「あそこにはあまり大きな声では
　言えないのですが、国営の魔科
　学研究所があるのです」
<pause>
<audio_10FE><Cless>
「魔科学研究所・・・」
<pause>
<audio_10FF>ハリソン
「海がだめなら空ですよ」
<pause>
<audio_1100><Arche>
「空って、飛んでいくの！？」
<pause>
<audio_1101>ハリソン
「詳しい話は研究所ですることに
　しましょう」{END}","<audio_10F2>Harrison:<nl>
 I have been waiting for you.
<pause>
<audio_10F3>Harrison:<nl>
 But there has been a complication
 in our plans...
<pause>
<audio_10F4>Harrison:<nl>
 The ships are not sailing under any
 circumstance.
<pause>
<audio_10F5>Captain:<nl>
 Sorry.
<pause>
<audio_10F6>Captain:<nl>
 Dhaos has been steadily increasing
 his influence over the sea.
<pause>
<audio_10F7>Captain:<nl>
 We'd be playing with some serious
 fire if we went out there right
 now.
<pause>
<audio_10F8><Cless>:<nl>
 But as things are--
<pause>
<audio_10F9>Harrison:<nl>
 There's no other choice, so...
<pause>
<audio_10FA>Harrison:<nl>
 We'll have to try THAT place.
<pause>
<audio_10FB><Klarth>:<nl>
 Oh?
 You have another idea in mind?
<pause>
<audio_10FC>Harrison:<nl>
 Did you happen to drop by
 Euclid along the way?
 It's not exactly public
 information, but...
<pause>
<audio_10FD>Harrison:<nl>
 There's a state-operated magitechnology research center there.
<pause>
<audio_10FE><Cless>:<nl>
 Magitechnology, eh...
<pause>
<audio_10FF>Harrison:<nl>
 If we can't sail, then we'll soar.
<pause>
<audio_1100><Arche>:<nl>
 Whoa! Whoa! Soar!?
 We're gonna FLY there!?
<pause>
<audio_1101>Harrison:<nl>
 I'll delve into the specifics when
 we arrive at the research center.{END}"
"船乗り
「数十年前に、世界中の海をテリ
　トリーにしていた海賊がいたん
　だ」
<pause>
船乗り
「名前はアイフリード」
<pause>
船乗り
「決して悪い奴ではなかったが、
　何を考えてるかわからない謎の
　男だったよ」{END}","Sailor:<nl>
 Dozens of years ago, there was a
 pirate who claimed many of the
 world's seas as his territory.
<pause>
Sailor:<nl>
 They called him Aifread.
<pause>
Sailor:<nl>
 He was pretty eccentric as pirates
 go; he wasn't actually a bad guy.
 A true man of mystery.{END}"
"男の人
「海賊アイフリードはミッドガル
　ズの軍船団との戦いに敗北して
　しまったんだ」
<pause>
男の人
「そして頭のアイフリードは処刑
　されてしまったそうな」
<pause>
男の人
「合掌」{END}","Man:<nl>
 The pirate Aifread was defeated in
 a battle against a fleet of Midgard
 warships.
<pause>
Man:<nl>
 I heard he was apprehended
 afterward, and later executed.
<pause>
Man:<nl>
 May he rest in peace.{END}"
"船頭
「らっしゃ〜い、料金は<num1_0000001E>ガル
　ドだ」<wait>{END}","Ferryman:<nl>
 Welcome!
 The price is <num1_0000001E> gald per ride.<wait>{END}"
"船頭
「けど、あんたはツケがあるんで
　それを含めて<num5_C0006104>ガルド
　いただくぜ」<wait>{END}","Ferryman:<nl>
 Oh wait, it's you guys.
 I do believe you've accumulated a
 debt for being unable to pay for
 past services.
<pause>
Ferryman:<nl>
 So your total for this passage and
 previous debt comes to <num5_C0006104> gald.<wait>{END}"
"船頭
「どこに行く？」
<color_0002><speed_0000>１。武器屋　　２。防具屋
３。市長の家　４。町の南側<color_0000><speed_FFFF>{END}","Ferryman:<nl>
 Where would you like to go?
<pause>
<color_0002><speed_0000>1. Weapon shop<nl>
2. Armor shop<nl>
3. Mayor's house<nl>
4. South side of town<color_0000><speed_FFFF>{END}"
"船頭
「どこに行く？」
<color_0002><speed_0000>１。町の北側　２。防具屋
３。市長の家　４。町の南側<color_0000><speed_FFFF>{END}","Ferryman:<nl>
 Where would you like to go?
<pause>
<color_0002><speed_0000>1. North side of town<nl>
2. Armor shop<nl>
3. Mayor's house<nl>
4. South side of town<color_0000><speed_FFFF>{END}"
"船頭
「どこに行く？」
<color_0002><speed_0000>１。町の北側　２。武器屋
３。市長の家　４。町の南側<color_0000><speed_FFFF>{END}","Ferryman:<nl>
 Where would you like to go?
<pause>
<color_0002><speed_0000>1. North side of town<nl>
2. Weapon shop<nl>
3. Mayor's house<nl>
4. South side of town<color_0000><speed_FFFF>{END}"
"船頭
「どこに行く？」
<color_0002><speed_0000>１。町の北側　２。武器屋
３。防具屋　　４。町の南側<color_0000><speed_FFFF>{END}","Ferryman:<nl>
 Where would you like to go?
<pause>
<color_0002><speed_0000>1. North side of town<nl>
2. Weapon shop<nl>
3. Armor shop<nl>
4. South side of town<color_0000><speed_FFFF>{END}"
"船頭
「どこに行く？」
<color_0002><speed_0000>１。町の北側　２。武器屋
３。防具屋　　４。市長の家<color_0000><speed_FFFF>{END}","Ferryman:<nl>
 Where would you like to go?
<pause>
<color_0002><speed_0000>1. North side of town<nl>
2. Weapon shop<nl>
3. Armor shop<nl>
4. Mayor's house<color_0000><speed_FFFF>{END}"
"船頭
「金が足りんぞ」
<pause>
船頭
「ひやかしなら、よそでやってく
　れ」<wait>{END}","Ferryman:<nl>
 You're broke, huh...<wait>{END}"
"船頭
「とは言ってもここは船でしか出
　られないからな」
<pause>
船頭
「ツケといてやるから、乗りな」<wait>{END}","Ferryman:<nl>
 That makes things complicated,
 since there's no other way out.
<pause>
Ferryman:<nl>
 It'd be pretty lousy of me to just
 leave you stranded here, though.
 I'll add the amount owed to your
 bill for next time.
<pause>
Ferryman:<nl>
 Hop in.<wait>{END}"
"船頭
「どうぞごゆるりと！」
<pause>
船頭
「帰りもよろしく！」{END}","Ferryman:<nl>
 There you go!
<pause>
Ferryman:<nl>
 Let me know when you want to go
 back!{END}"
"船頭
「ありがとやんした〜」{END}","Ferryman:<nl>
 Thanks!{END}"
"船頭
「どうぞごゆるりと！」
<pause>
船頭
「帰りもよろしく！」{END}","Ferryman:<nl>
 There you go!
<pause>
Ferryman:<nl>
 Let me know when you want to go
 back!{END}"
"<unk1><Cless>
<Arche>？」
<pause>
<Arche>
ねぇ、船長さん<heart>」
<pause>
<Arche>
<Arche>のお願い、聞いてくれないかなぁ・・・」<wait>{END}","<unk1><Cless>:<nl>
 What are you doing, <Arche>?
<pause>
<Arche>:<nl>
 Hey there, hot stuff <heart>
<pause>
<Arche>:<nl>
 Won't you pretty-please do a favor
 for cute little <Arche>...?<wait>{END}"
"<Arche>
「もし聞いてくれたら、後でいい
　ことして、あ、げ、る<heart>」
<pause>
船長
「・・・・・・」<wait>{END}","<Arche>:<nl>
 If you do, I'll give you anything you
 want <heart>
<pause>
Captain:<nl>
 ......<wait>{END}"
"船長
「前にもそのセリフ聞かなかった
　か？」<wait>{END}","Captain:<nl>
 Err...<nl>
 Didn't you pull that a moment ago?<wait>{END}"
"船長
「まあ、あんたらがいるなら多少
　の危険も大丈夫だろう」<wait>{END}","Captain:<nl>
 Well, with you guys here, I guess a
 little danger won't be a problem.<wait>{END}"
"船長
「・・・子供にそんなこと言われ
　てもねぇ・・・」<wait>{END}","Captain:<nl>
 That...really isn't something I
 wanted to hear from a kid...<wait>{END}"
"<Arche>
「あー、ひっどーい！！」
<pause>
<Klarth>
「船長、金は出すからアルヴァニ
　スタ王国へ頼むよ」
<pause>
船長
「・・・・・・」
<pause>
船長
「わかったよ」<wait>{END}","<Arche>:<nl>
 Aww, how MEAN!!!
<pause>
<Klarth>:<nl>
 Captain, we'll pay you whatever's
 necessary for a trip to Alvanista.
<pause>
Captain:<nl>
 ......
<pause>
Captain:<nl>
 Fine, fine!<wait>{END}"
<color_0002><speed_0002><Arche>は『<var_AB01>』の称号を得ました。<color_0000>{END},"<color_0002><speed_0002><Arche> has earned the title
“<var_AB01>.”{END}"
"神父
「汝、すこやかなときも病める時
　も・・・」
<pause>
神父
「共に力を合わせ、生きていく事
　を、誓いますか？」
<pause>
ナンシー
「はい、誓います」
<pause>
神父
「汝、いつまでも妻を愛し続ける
　事を、誓いますか？」
<pause>
エルウィン
「誓います」
<pause>
神父
「それでは、誓いの口づけを」{END}","Priest:<nl>
 In sickness and in health...
<pause>
Priest:<nl>
 Do you take Elwyn to be your
 husband?
<pause>
Nancy:<nl>
 Yes, I do.
<pause>
Priest:<nl>
 And do you take Nancy to be your
 beloved wife?
<pause>
Elwyn:<nl>
 I do.
<pause>
Priest:<nl>
 You may now kiss the bride.{END}"
"<Arche>
「あっ、ラッキ〜♪」{END}","<Arche>:<nl>
 Yay, score! <note>{END}"
"エルウィン
「父さん、僕達二人が父さんを応
　援していきます」<wait>{END}","Elwyn:<nl>
 The two of us will take care of
 you, Dad.<wait>{END}"
"ドグ
「うおぉぉん、エルウィン」
<pause>
ナンシー
「お義父さん、泣かないで下さい」
<pause>
ナンシー
「私も、精一ぱいエルウィンを盛
　り立てるよう頑張ります」
<pause>
ドグ
「よかったなあ、エルウィン」<wait>{END}","Doug:<nl>
 Waaaah, *sniff* Elwyn.
<pause>
Nancy:<nl>
 Please don't cry, sir.
<pause>
Nancy:<nl>
 Elwyn and I will be just fine.
<pause>
Doug:<nl>
 I'm so happy for you, my son.<wait>{END}"
"ドグ
「これで、きっと母さんも・・・」<wait>{END}","Doug:<nl>
 Your mother is too, I'm sure...<wait>{END}"
"ドグ
「うおぉぉん<panic>」
<pause>
エルウィン
「父さん、落ち着いて」<wait>{END}","Doug:<nl>
 Waaaaah <panic>
<pause>
Elwyn:<nl>
 Dad, this isn't my funeral.<wait>{END}"
"ナンシーの母・マギー
「ナンシーのことをよろしく頼み
　ます」{END}","Nancy's Mother, Maggie:<nl>
 Take good care of Nancy for me.{END}"
"<Mint>
「二人とも幸せそう・・・」
<pause>
<Mint>
「良かった・・・」{END}","<Mint>:<nl>
 They look so happy...
<pause>
<Mint>:<nl>
 I'm so glad to see this day...{END}"
"<unk1>エルウィン
<Mint>さん、<Cless>さん、本当にありがとうございました」
<pause>
ナンシー
あの時、<Mint>さんに勇気をもらったおかげです」
<pause>
ナンシー
<Mint>さん、これを受けとって下さい」<wait>{END}","<unk1>Elwyn:<nl>
 <Mint> and <Cless>...<nl>
 We owe you two big time.
<pause>
Nancy:<nl>
 If it weren't for your
 encouragement, <Mint>, we
 wouldn't be here today.
<pause>
Nancy:<nl>
 Please accept these as a token of
 my gratitude.<wait>{END}"
<color_0002>ホワイトグローブを手に入れました。<color_0000><wait>{END},<color_0002>Acquired a pair of Bridal Gloves.<color_0000><wait>{END}
"<unk1>ナンシー
次はあなたの番ね、
<Mint>さん<heart>」
<pause>
{END}","<unk1>Nancy:<nl>
 Now it's your turn to find the man
 of YOUR dreams <heart>
<pause>
{END}"
"<Mint>
「えっ・・・<panic>」{END}","<Mint>:<nl>
 Um... <panic>{END}"
"<unk1><Klarth>
汝、すこやかなときも病める時も・・・か」
<pause>
<Klarth>
何か困難な問題が発生した時に、初めて、真実の愛情が問われるということか」
<pause>
<Cless>
きっと、あの人達なら大丈夫ですよ」
<pause>
<Cless>
なにしろ、困難な問題を乗り越えた二人ですから・・・」<wait>{END}","<unk1><Klarth>:<nl>
 In sickness and in health, huh...
<pause>
<Klarth>:<nl>
 I guess it's in difficult situations
 that true love is put to the test.
<pause>
<Cless>:<nl>
 I'm sure they'll be fine and dandy.
<pause>
<Cless>:<nl>
 They've already gotten over one of
 the most difficult problems they'll
 probably ever face...<wait>{END}"
"<unk1><Arche>
見た見た？<Mint>！」
<pause>
<Arche>
あんなドレス、着てみたいよね」
<pause>
<Arche>
あたし、今すぐ結婚したくなっちゃった」<wait>{END}","<unk1><Arche>:<nl>
 Hey, <Mint>!
 You saw her dress, didn'tcha!?
 Didn'tcha!?
<pause>
<Arche>:<nl>
 I wanna wear one just like it!
<pause>
<Arche>:<nl>
 I've SO gotta get married!
 Like, yesterday!<wait>{END}"
"<unk1><Arche>
ねえ、<Cless>・・・あたしと結婚しよ<heart>」<wait>{END}","<unk1><Arche>:<nl>
 Hey <Cless>...<nl>
 Won't you marry me, big boy? <heart><wait>{END}"
"<Arche>
「今すぐ、ねっ<heart>」<wait>{END}","<Arche>:<nl>
 Come on, don't be shy <heart><wait>{END}"
"<Cless>
「な・・・<panic>」<wait>{END}","<Cless>:<nl>
 Wha... <panic><wait>{END}"
"<Cless>
「何を言ってるんだ！」<wait>{END}","<Cless>:<nl>
 Right now!?
 What are you talking about!?<wait>{END}"
"<color_0002>何と答えますか？
<speed_0000>１。<Arche>、結婚しよう
２。<Mint>、結婚しよう
３。<Klarth>さん、助けて<speed_FFFF><color_0000>{END}","<color_0002>How do you answer?<nl>
<speed_0000>1. Let's get married, <Arche>.<nl>
2. Let's get married, <Mint>.<nl>
3. <Klarth>, help me!<speed_FFFF><color_0000>{END}"
"<Cless>
（な、何を考えてるんだ僕は！）
<pause>
<Cless>
（そんなこと、言えるはずない
　じゃないか）<wait>{END}","<Cless>:<nl>
 (W-Wait a second!)
<pause>
<Cless>:<nl>
 (If I say that, things'll get
 awkward fast!)<wait>{END}"
"<Cless>
（な、何を考えてるんだ僕は！）
<pause>
<Cless>
（そんなこと、突然、言えるはず
　ないじゃないか）<wait>{END}","<Cless>:<nl>
 (N-No! I can't do that!)
<pause>
<Cless>:<nl>
 (I'm not ready to say something
 like that yet!)<wait>{END}"
"<unk1><Cless>
<Klarth>さん、助けて下さい」
<pause>
<Klarth>
いやぁ・・・<Cless>、色男はつらいな」
<pause>
<Cless>
そんなぁ、助けて下さい」<wait>{END}","<unk1><Cless>:<nl>
 <Klarth>, help me out here!
<pause>
<Klarth>:<nl>
 No, no, I think not.
 I'm enjoying this more than you
 can possibly imagine. I never knew
 you were such a ladies' man!
<pause>
<Cless>:<nl>
 You're horrible!<wait>{END}"
"<Cless>
「ぼ、ぼぼ、僕は！」
<pause>
<Arche>
「・・・・・・」<wait>{END}","<Cless>:<nl>
 I...I-I-I, uh!
<pause>
<Arche>:<nl>
 ......<wait>{END}"
"<Arche>
「やぁ〜ねぇ〜、冗談よ、ジョ〜
　ダン」{END}","<Arche>:<nl>
 Aw, maaan!
 Lighten up a little!
 It was just a joke!
 A J-O-K-E!{END}"
<color_0002><Mint>は『<var_9901>』の称号を得ました。<color_0000>{END},"<color_0002><Mint> has earned the title
“<var_9901>.”<color_0000>{END}"
