ダブルＫ。Ｏ。{END},Double K.O.{END}
ドロー{END},Draw{END}
ビショップ{END},Bishop{END}
猫目{END},Cat's Eye{END}
ベジット{END},Veggie{END}
クリスタルロッド{END},Crystal Rod{END}
にんたい{END},Endurance{END}
天使の祝福{END},Angel's Blessing{END}
水剣{END},Water's Edge{END}
シースルー{END},Sea-Through{END}
マラガの海{END},Malaga Sea{END}
ウォーターフロント{END},Waterfront{END}
船乗り{END},Sailor{END}
船乗り{END},Sailor{END}
ライム{END},Lime{END}
ライム{END},Lime{END}
カレンダー{END},Calendar{END}
食べすぎ{END},Pig-Out{END}
ガーリック{END},Garlic{END}
デンダロイン{END},Tenderloin{END}
サーロイン{END},Sirloin{END}
ヤゴちゃん{END},Lil' Nymph{END}
名も無き食材屋{END},Grocery Store{END}
名も無き薬屋{END},Pharmacy{END}
名も無き道具屋{END},Tool Shop{END}
スピリット{END},Spirit{END}
スピリット{END},Spirit{END}
バスター{END},Buster{END}
スレイヤーIV{END},Slayer IV{END}
ニンジャ{END},Ninja{END}
どくだみ{END},Houttuynia{END}
