虎牙破斬{END},Tiger Blade{END}
ホーリーナイト{END},Holy Knight{END}
ホーリーナイト{END},Holy Knight{END}
水剣{END},Water's Edge{END}
シースルー{END},Sea-Through{END}
ライム{END},Lime{END}
ギースショップ{END},Aegis' Shop{END}
うしみつどき{END},Midnight{END}
ウォーターフロント{END},Waterfront{END}
あじおう{END},Flavor King{END}
食べすぎ{END},Pig-Out{END}
アイスコーヒー{END},Iced Coffee{END}
午前三時{END},3:00 A.M.{END}
ガーリック{END},Garlic{END}
くりきんとん{END},Kurikinton{END}
サンセット{END},Sunset{END}
ギースショップ{END},Aegis' Shop{END}
補給部隊{END},Quartermaster{END}
カレンダー{END},Calendar{END}
行商人{END},Peddler{END}
どくだみ{END},Houttuynia{END}
ベンジャミン{END},Benjamin{END}
ライム{END},Lime{END}
へろへろＱ{END},Hero Hero Q{END}
フリーザー{END},Freezer{END}
フリーザー{END},Freezer{END}
寝坊{END},Noonwalker{END}
あかさたな{END},A-B-C-D-E{END}
静寂の歌{END},Silent Song{END}
マラガの海{END},Malaga Sea{END}
テンダロイン{END},Tenderloin{END}
サーロイン{END},Sirloin{END}
ヤゴちゃん{END},Lil' Nymph{END}
ほっかむり{END},Bonnet{END}
とやま{END},Toyama{END}
