<wait_0E>We did it!{END},<wait_0E>We did it!{END}
A decade or so has since passed...{END},A decade or so has since passed...{END}
{END},{END}
{END},{END}
{END},{END}
{END},{END}
{END},{END}
{END},{END}
{END},{END}
{END},{END}
{END},{END}
{END},{END}
{END},{END}
{END},{END}
{END},{END}
{END},{END}
{END},{END}
{END},{END}
"Afterward, there were none left
who knew of their whereabouts...{END}",And they were never heard from again...{END}
"<wait_0E>The Light of Heaven
Shines on its Avenger...{END}","<wait_0E>The Light of Heaven
Shines on its Avenger...{END}"
"<wait_0E>The Gates of Hell shall
be thy Doom's Harbinger...{END}","<wait_0E>The Gates of Hell shall
be thy Doom's Harbinger...{END}"
"<wait_0E>Strike, Celestial Thunder...{END}","<wait_0E>Strike, Celestial Thunder...{END}"
<wait_0E>This is the end!{END},<wait_0E>This is the end!{END}
<wait_0E>Indignation!{END},<wait_0E>Indignation!{END}
{END},{END}
{END},{END}
<wait_0E>What!? But that's...!{END},<wait_0E>What!? But that's...!{END}
<wait_0E>No! That's...that's impossible!{END},<wait_0E>No! That's...that's impossible!{END}
Y-you!?{END},Y-You!?{END}
What are you doing here!?{END},What are you doing here!?{END}
{END},{END}
{END},{END}
{END},{END}
{END},{END}
{END},{END}
{END},{END}
{END},{END}
{END},{END}
{END},{END}
{END},{END}
{END},{END}
{END},{END}
{END},{END}
{END},{END}
{END},{END}
{END},{END}
{END},{END}
{END},{END}
First Aid!{END},First Aid!{END}
Heal!{END},Heal!{END}
Cure!{END},Cure!{END}
Nurse!{END},Nurse!{END}
Revitalize!{END},Revitalize!{END}
Recover!{END},Recover!{END}
Resurrection!{END},Resurrection!{END}
Igaguri-style!{END},Igaguri-style!{END}
Ninja arte!{END},Ninja arte!{END}
Igaguri-style ninja arte!{END},Igaguri-style ninja arte!{END}
{END},{END}
{END},{END}
{END},{END}
{END},{END}
{END},{END}
{END},{END}
{END},{END}
{END},{END}
{END},{END}
{END},{END}
{END},{END}
{END},{END}
"<Cless>
Guess I'm cooking for one...{END}",Guess I'm cooking for one...{END}
"<Cless>
Looks like it's about done.{END}",Looks like it's about done.{END}
"<Mint>
It's ready, everyone!{END}","It's ready, everyone!{END}"
"<Arche>
Taa-daa! This time, <Arche> used
one of her S-E-C-R-E-T ingredients!{END}",Taa-daa! My turn!{END}
"<Arche>
I put this and this and this in it!
Sounds yummy, doesn't it?{END}","I put this and this and this in it!
Sounds yummy, doesn't it?{END}"
"<Klarth>
Soup's on, everybody!{END}","Soup's on, everybody!{END}"
"<Chester>
<Chester> special, coming right up!{END}","<Chester> special, coming right up!{END}"
"<Suzu>
I have finished preparing our meal.{END}",I have finished preparing our meal.{END}
{END},{END}
{END},{END}
{END},{END}
{END},{END}
{END},{END}
{END},{END}
{END},{END}
{END},{END}
{END},{END}
{END},{END}
{END},{END}
{END},{END}
{END},{END}
{END},{END}
{END},{END}
{END},{END}
{END},{END}
{END},{END}
{END},{END}
{END},{END}
{END},{END}
{END},{END}
Finishing strike!{END},Finishing strike!{END}
Let's go!{END},Let's go!{END}
Oh no you don't!{END},Oh no you don't!{END}
Take this!{END},Take this!{END}
How's that!?{END},How's that!?{END}
En garde!{END},En garde!{END}
You like that!?{END},You like that!?{END}
Gooo!{END},Gooo!{END}
Deathblow!{END},Deathblow!{END}
Arcane arte!{END},Arcane arte!{END}
As if...I'd fall...TO YOU!!{END},As if...I'd fall...TO YOU!!{END}
Let's settle this in one stroke!{END},Let's settle this in one stroke!{END}
"Don't die, everyone!{END}","Don't die, everyone!{END}"
Leave this to me!{END},Leave this to me!{END}
Grant me your strength!{END},Grant me your strength!{END}
Don't use artes!{END},Don't use artes!{END}
"Everyone, run!{END}","Everyone, run!{END}"
Let's do this again!{END},Let's do this again!{END}
<wait_0E>I did it!{END},<wait_0E>I did it!{END}
<wait_0E>Looks like that's all of 'em.{END},<wait_0E>Looks like that's all of 'em.{END}
<wait_0E>You still have ways to go!{END},<wait_0E>You still have ways to go!{END}
<wait_0E>I'll fight even harder next time!{END},<wait_0E>I'll fight even harder next time!{END}
<wait_0E>Okay! Let's go!{END},<wait_0E>Okay! Let's go!{END}
"<wait_0E>Wow, that was pretty tough!{END}","<wait_0E>Wow, that was pretty tough!{END}"
<wait_0E>We'll never lose to the likes of you.{END},<wait_0E>We'll never lose to the likes of you.{END}
<wait_0E>We won!{END},<wait_0E>We won!{END}
<wait_0E>All right!{END},<wait_0E>All right!{END}
<wait_0E>You didn't stand a chance!{END},<wait_0E>You didn't stand a chance!{END}
<wait_0E>Yahoo!{END},<wait_0E>Yahoo!{END}
"<wait_0E>Okay, who's next!?{END}","<wait_0E>Okay, who's next!?{END}"
<wait_0E>How'd you like that!?{END},<wait_0E>How'd you like that!?{END}
<wait_0E>Oh-kay!{END},<wait_0E>Oh-kay!{END}
<wait_0E>Don't be so careless next time!{END},<wait_0E>Don't be so careless next time!{END}
<wait_0E>Perfect!{END},<wait_0E>Perfect!{END}
Roger!{END},Roger!{END}
Got it!{END},Got it!{END}
Leave it to me!{END},Leave it to me!{END}
{END},{END}
{END},{END}
{END},{END}
{END},{END}
{END},{END}
{END},{END}
{END},{END}
{END},{END}
{END},{END}
{END},{END}
{END},{END}
{END},{END}
{END},{END}
{END},{END}
{END},{END}
{END},{END}
{END},{END}
{END},{END}
{END},{END}
{END},{END}
{END},{END}
{END},{END}
{END},{END}
{END},{END}
{END},{END}
{END},{END}
{END},{END}
{END},{END}
{END},{END}
{END},{END}
{END},{END}
{END},{END}
{END},{END}
{END},{END}
{END},{END}
{END},{END}
{END},{END}
{END},{END}
{END},{END}
{END},{END}
{END},{END}
{END},{END}
{END},{END}
{END},{END}
{END},{END}
{END},{END}
{END},{END}
{END},{END}
{END},{END}
{END},{END}
{END},{END}
{END},{END}
{END},{END}
{END},{END}
{END},{END}
{END},{END}
{END},{END}
{END},{END}
{END},{END}
{END},{END}
{END},{END}
{END},{END}
{END},{END}
{END},{END}
{END},{END}
{END},{END}
{END},{END}
{END},{END}
{END},{END}
{END},{END}
{END},{END}
{END},{END}
{END},{END}
{END},{END}
{END},{END}
{END},{END}
Let us go.{END},Let us go.{END}
Let us do this.{END},Let us do this.{END}
Let us try.{END},Let us try.{END}
We shall not lose!{END},We shall not lose!{END}
Let us give it our all!{END},Let us give it our all!{END}
"Everyone, do not die!{END}","Everyone, do not die!{END}"
Please leave this to me.{END},Please leave this to me.{END}
Please lend me your strength!{END},Please lend me your strength!{END}
Please do not use artes.{END},Please do not use artes.{END}
"Everyone, let us flee!{END}","Everyone, let us flee!{END}"
Let us bring our courage forth.{END},Let us bring our courage forth.{END}
<wait_0E>I did it!{END},<wait_0E>I did it!{END}
<wait_0E>I'm so sorry.{END},<wait_0E>I'm so sorry.{END}
<wait_0E>Please forgive us.{END},<wait_0E>Please forgive us.{END}
"<wait_0E>Are you okay, everyone?{END}","<wait_0E>Are you okay, everyone?{END}"
<wait_0E>We are victorious!{END},<wait_0E>We are victorious!{END}
My apologies...{END},My apologies...{END}
Oh no...{END},Oh no...{END}
I have failed...{END},I have failed...{END}
I understand.{END},I understand.{END}
Okay.{END},Okay.{END}
Please leave it to me.{END},Please leave it to me.{END}
{END},{END}
{END},{END}
{END},{END}
{END},{END}
{END},{END}
{END},{END}
{END},{END}
{END},{END}
Ouch!{END},Ouch!{END}
Stop it!{END},Stop it!{END}
No!{END},No!{END}
{END},{END}
Mother...{END},Mother...{END}
My Lord...{END},My Lord...{END}
{END},{END}
{END},{END}
{END},{END}
{END},{END}
{END},{END}
{END},{END}
{END},{END}
{END},{END}
{END},{END}
{END},{END}
{END},{END}
{END},{END}
{END},{END}
{END},{END}
{END},{END}
{END},{END}
{END},{END}
{END},{END}
{END},{END}
{END},{END}
{END},{END}
{END},{END}
{END},{END}
{END},{END}
{END},{END}
{END},{END}
{END},{END}
{END},{END}
{END},{END}
{END},{END}
{END},{END}
{END},{END}
"Oh, you're really gonna get it now!{END}","Oh, you're really gonna get it now!{END}"
C'mon!{END},C'mon!{END}
At them!{END},At them!{END}
I'm so doing this!{END},I'm so doing this!{END}
konna no dou kana{END},How'd ya like that!?{END}
Know my power!{END},Know my power!{END}
How's that!?{END},How's that!?{END}
Death...blow!{END},Death...blow!{END}
Let's do Da Plan.{END},Let's do Da Plan.{END}
Let's get serious!{END},Let's get serious!{END}
"Good luck, everyone!{END}","Good luck, everyone!{END}"
Leave it to me!{END},Leave it to me!{END}
"Hey guys, gimme a hand!{END}","Hey guys, gimme a hand!{END}"
No artes!{END},No artes!{END}
This sucks! Let's run!{END},This sucks! Let's run!{END}
Uhh no good.{END},Uhh no good.{END}
<wait_0E>Yaaaaay!!{END},<wait_0E>Yaaaaay!!{END}
<wait_0E>Yahoooo!{END},<wait_0E>Yahoooo!{END}
<wait_0E>I showed 'em what's up!{END},<wait_0E>I showed 'em what's up!{END}
<wait_0E>Perfect!{END},<wait_0E>Perfect!{END}
"<wait_0E>Ehehe, we kicked their butts!{END}","<wait_0E>Ehehe, we kicked their butts!{END}"
<wait_0E>We won! We won!{END},<wait_0E>We won! We won!{END}
<wait_0E>And that's how it's done!{END},<wait_0E>And that's how it's done!{END}
Oops!{END},Oops!{END}
"Boo, screwed up!{END}","Boo, screwed up!{END}"
"Oh crap, oh crap...{END}","Oh crap, oh crap...{END}"
Huh!? The heck!?{END},Huh!? The heck!?{END}
No...way...{END},No...way...{END}
"Huh? Sorry, sorry!{END}","Huh? Sorry, sorry!{END}"
Okay!{END},Okay!{END}
Aye!{END},Aye!{END}
No problem!{END},No problem!{END}
'Kaaaay!{END},'Kaaaay!{END}
{END},{END}
{END},{END}
{END},{END}
{END},{END}
{END},{END}
{END},{END}
{END},{END}
{END},{END}
{END},{END}
Ouch!{END},Ouch!{END}
Get away!{END},Get away!{END}
Nooo!{END},Nooo!{END}
Ow.{END},Ow.{END}
{END},{END}
{END},{END}
That hurrrts...{END},That hurrrts...{END}
Noooooo!{END},Noooooo!{END}
{END},{END}
Oh my goddess...{END},Oh my goddess...{END}
{END},{END}
{END},{END}
{END},{END}
{END},{END}
{END},{END}
{END},{END}
{END},{END}
{END},{END}
{END},{END}
{END},{END}
{END},{END}
{END},{END}
{END},{END}
{END},{END}
{END},{END}
{END},{END}
{END},{END}
{END},{END}
{END},{END}
{END},{END}
{END},{END}
{END},{END}
{END},{END}
{END},{END}
{END},{END}
{END},{END}
{END},{END}
{END},{END}
{END},{END}
{END},{END}
{END},{END}
{END},{END}
{END},{END}
{END},{END}
{END},{END}
{END},{END}
{END},{END}
{END},{END}
{END},{END}
{END},{END}
{END},{END}
{END},{END}
{END},{END}
{END},{END}
{END},{END}
Final blow!{END},Final blow!{END}
Let's go!{END},Let's go!{END}
Oh no you don't!{END},Oh no you don't!{END}
Take this!{END},Take this!{END}
En garde!{END},En garde!{END}
How's that!{END},How's that!{END}
How was that?{END},How was that?{END}
Futile.{END},Futile.{END}
Don't struggle.{END},Don't struggle.{END}
No choice.{END},No choice.{END}
Now you've done it!{END},Now you've done it!{END}
Let's finish this.{END},Let's finish this.{END}
"Let's go, with caution!{END}","Let's go, with caution!{END}"
Leave this to me!{END},Leave this to me!{END}
Lend me your strength!{END},Lend me your strength!{END}
Put your artes away!{END},Put your artes away!{END}
Retreat!{END},Retreat!{END}
Let's fight after all!{END},Let's fight after all!{END}
<wait_0E>A waste of time.{END},<wait_0E>A waste of time.{END}
"<wait_0E>Whoops, guess I overdid it.{END}","<wait_0E>Whoops, guess I overdid it.{END}"
<wait_0E>You rolled a one. Too bad.{END},<wait_0E>You rolled a one. Too bad.{END}
"<wait_0E>My victory, huh?{END}","<wait_0E>My victory, huh?{END}"
<wait_0E>Yes!{END},<wait_0E>Yes!{END}
"<wait_0E>Now, onward.{END}","<wait_0E>Now, onward.{END}"
Understood.{END},Understood.{END}
Leave it to me.{END},Leave it to me.{END}
On it!{END},On it!{END}
Sorry...{END},Sorry...{END}
D'oh...{END},D'oh...{END}
A mistake...!?{END},A mistake...!?{END}
{END},{END}
{END},{END}
{END},{END}
{END},{END}
{END},{END}
{END},{END}
{END},{END}
{END},{END}
{END},{END}
{END},{END}
{END},{END}
{END},{END}
{END},{END}
{END},{END}
This can't be happening!{END},This can't be happening!{END}
{END},{END}
{END},{END}
{END},{END}
{END},{END}
{END},{END}
{END},{END}
{END},{END}
{END},{END}
{END},{END}
{END},{END}
{END},{END}
{END},{END}
{END},{END}
{END},{END}
{END},{END}
{END},{END}
{END},{END}
{END},{END}
{END},{END}
{END},{END}
{END},{END}
{END},{END}
{END},{END}
{END},{END}
{END},{END}
{END},{END}
{END},{END}
{END},{END}
{END},{END}
{END},{END}
{END},{END}
{END},{END}
{END},{END}
{END},{END}
I'm not gonna miss!{END},I'm not gonna miss!{END}
Say your prayers!{END},Say your prayers!{END}
It's payback time!{END},It's payback time!{END}
Bullseye!{END},Bullseye!{END}
Time to finish this!{END},Time to finish this!{END}
C'mon!{END},C'mon!{END}
Stay back!{END},Stay back!{END}
Chew on this!{END},Chew on this!{END}
How's this!?{END},How's this!?{END}
Ready for this!?{END},Ready for this!?{END}
How's that!?{END},How's that!?{END}
Here I come!{END},Here I come!{END}
Kill shot!{END},Kill shot!{END}
Arcane arte!{END},Arcane arte!{END}
Right through ya!{END},Right through ya!{END}
Dodge this!{END},Dodge this!{END}
Stop right there!{END},Stop right there!{END}
Got a present for ya!{END},Got a present for ya!{END}
It ends with this!{END},It ends with this!{END}
There!{END},There!{END}
Saw that coming a mile away!{END},Saw that coming a mile away!{END}
"Hang on, I'm comin'!{END}","Hang on, I'm comin'!{END}"
"Come on guys, don't die!{END}","Come on guys, don't die!{END}"
I got this!{END},I got this!{END}
Gimme a hand!{END},Gimme a hand!{END}
"Don't use artes, okay!?{END}","Don't use artes, okay!?{END}"
We're outta here!{END},We're outta here!{END}
It ain't over 'til it's over!{END},It ain't over 'til it's over!{END}
<wait_0E>I got 'em!{END},<wait_0E>I got 'em!{END}
<wait_0E>I'm a perfect shot!{END},<wait_0E>I'm a perfect shot!{END}
"<wait_0E>If I hunt you, you're goin' down!{END}","<wait_0E>If I hunt you, you're goin' down!{END}"
<wait_0E>I made that sucker go splat.{END},<wait_0E>I made that sucker go splat.{END}
<wait_0E>Heheh... What a wuss.{END},<wait_0E>Heheh... What a wuss.{END}
Gotcha.{END},Gotcha.{END}
I'm on it!{END},I'm on it!{END}
Roger that!{END},Roger that!{END}
{END},{END}
{END},{END}
{END},{END}
{END},{END}
{END},{END}
{END},{END}
{END},{END}
{END},{END}
{END},{END}
{END},{END}
{END},{END}
{END},{END}
{END},{END}
{END},{END}
"Weaksauce, man...{END}","Weaksauce, man...{END}"
{END},{END}
Burn!{END},Burn!{END}
{END},{END}
Freeze!{END},Freeze!{END}
{END},{END}
Fry!{END},Fry!{END}
{END},{END}
{END},{END}
{END},{END}
Fall!{END},Fall!{END}
{END},{END}
{END},{END}
{END},{END}
{END},{END}
{END},{END}
{END},{END}
{END},{END}
{END},{END}
{END},{END}
{END},{END}
{END},{END}
{END},{END}
{END},{END}
{END},{END}
{END},{END}
{END},{END}
{END},{END}
{END},{END}
{END},{END}
{END},{END}
{END},{END}
{END},{END}
{END},{END}
{END},{END}
Let us go.{END},Let us go.{END}
Prepare yourself!{END},Prepare yourself!{END}
Divine punishment!{END},Divine punishment!{END}
Perish!{END},Perish!{END}
Destruction!{END},Destruction!{END}
Obliteration!{END},Obliteration!{END}
Amen.{END},Amen.{END}
All things must transcend this world.{END},All things must transcend this world.{END}
All matter is void of form.{END},All matter is void of form.{END}
I shall vanquish evil.{END},I shall vanquish evil.{END}
I shall not lose.{END},I shall not lose.{END}
Ninja arte!{END},Ninja arte!{END}
We will end this here.{END},We will end this here.{END}
We must not perish.{END},We must not perish.{END}
"Leave this to me, please.{END}","Leave this to me, please.{END}"
"Lend me your strength, please.{END}","Lend me your strength, please.{END}"
Cast your artes aside.{END},Cast your artes aside.{END}
Let us flee this place.{END},Let us flee this place.{END}
We can still fight.{END},We can still fight.{END}
<wait_0E>Farewell.{END},<wait_0E>Farewell.{END}
<wait_0E>You fought in vain.{END},<wait_0E>You fought in vain.{END}
<wait_0E>I am triumphant once more.{END},<wait_0E>I am triumphant once more.{END}
"<wait_0E>Now, let us go.{END}","<wait_0E>Now, let us go.{END}"
<wait_0E>Pitiful.{END},<wait_0E>Pitiful.{END}
<wait_0E>Victory is mine.{END},<wait_0E>Victory is mine.{END}
As you command.{END},As you command.{END}
Very well.{END},Very well.{END}
Yes.{END},Yes.{END}
{END},{END}
{END},{END}
{END},{END}
{END},{END}
{END},{END}
{END},{END}
{END},{END}
{END},{END}
{END},{END}
{END},{END}
{END},{END}
{END},{END}
{END},{END}
Ow!{END},Ow!{END}
This is destiny.{END},This is destiny.{END}
{END},{END}
{END},{END}
{END},{END}
{END},{END}
{END},{END}
{END},{END}
Mirage!{END},Mirage!{END}
{END},{END}
{END},{END}
Farewell!{END},Farewell!{END}
{END},{END}
{END},{END}
Too slow!{END},Too slow!{END}
Failed!{END},Failed!{END}
{END},{END}
{END},{END}
Flame!{END},Flame!{END}
Burn!{END},Burn!{END}
{END},{END}
{END},{END}
Lightning!{END},Lightning!{END}
{END},{END}
{END},{END}
Wind!{END},Wind!{END}
Rend!{END},Rend!{END}
{END},{END}
{END},{END}
Come!{END},Come!{END}
{END},{END}
{END},{END}
{END},{END}
{END},{END}
{END},{END}
{END},{END}
{END},{END}
{END},{END}
{END},{END}
{END},{END}
{END},{END}
{END},{END}
{END},{END}
{END},{END}
{END},{END}
{END},{END}
{END},{END}
Now die!{END},Now die!{END}
Weakling!{END},Weakling!{END}
"Infallible shield, rise!{END}","Infallible shield, rise!{END}"
Pathetic!{END},Pathetic!{END}
Perish!{END},Perish!{END}
Die!{END},Die!{END}
Burn to ash!{END},Burn to ash!{END}
You shall not interfere!{END},You shall not interfere!{END}
"Come, light!{END}","Come, light!{END}"
Take this as well!{END},Take this as well!{END}
I shall end it with this!{END},I shall end it with this!{END}
Fools.{END},Fools.{END}
You shall not interfere with my plans.{END},You shall not interfere with my plans.{END}
Suffer this regret in the next world.{END},Suffer this regret in the next world.{END}
{END},{END}
{END},{END}
{END},{END}
{END},{END}
{END},{END}
{END},{END}
{END},{END}
{END},{END}
{END},{END}
{END},{END}
{END},{END}
{END},{END}
{END},{END}
{END},{END}
Th...this cannot be!{END},Th...this cannot be!{END}
{END},{END}
{END},{END}
{END},{END}
{END},{END}
{END},{END}
{END},{END}
{END},{END}
Toraido{END},Toraido{END}
Para Triangle{END},Para Triangle{END}
{END},{END}
{END},{END}
{END},{END}
{END},{END}
{END},{END}
{END},{END}
{END},{END}
{END},{END}
{END},{END}
{END},{END}
{END},{END}
{END},{END}
{END},{END}
{END},{END}
{END},{END}
{END},{END}
{END},{END}
{END},{END}
{END},{END}
{END},{END}
{END},{END}
{END},{END}
{END},{END}
{END},{END}
{END},{END}
{END},{END}
{END},{END}
{END},{END}
{END},{END}
{END},{END}
{END},{END}
{END},{END}
{END},{END}
{END},{END}
{END},{END}
{END},{END}
{END},{END}
{END},{END}
{END},{END}
{END},{END}
{END},{END}
{END},{END}
{END},{END}
{END},{END}
{END},{END}
{END},{END}
{END},{END}
{END},{END}
{END},{END}
{END},{END}
{END},{END}
{END},{END}
{END},{END}
{END},{END}
{END},{END}
{END},{END}
{END},{END}
{END},{END}
{END},{END}
{END},{END}
{END},{END}
{END},{END}
Die.{END},Die.{END}
Take this!{END},Take this!{END}
How's this!?{END},How's this!?{END}
Prepare yourself!{END},Prepare yourself!{END}
It ends with this.{END},It ends with this.{END}
"Arise, demon!{END}","Arise, demon!{END}"
"Come, O demon!{END}","Come, O demon!{END}"
{END},{END}
{END},{END}
{END},{END}
{END},{END}
{END},{END}
{END},{END}
{END},{END}
{END},{END}
{END},{END}
{END},{END}
{END},{END}
{END},{END}
How...could I fall...!?{END},How...could I fall...!?{END}
{END},{END}
{END},{END}
{END},{END}
{END},{END}
{END},{END}
{END},{END}
{END},{END}
{END},{END}
{END},{END}
There!{END},There!{END}
"Die, would you!?{END}","Die, would you!?{END}"
Take this!{END},Take this!{END}
Break through THIS!{END},Break through THIS!{END}
Prepare yourself!{END},Prepare yourself!{END}
It's over for you!{END},It's over for you!{END}
"Arise, Demon!{END}","Arise, Demon!{END}"
"Come, Demon!{END}","Come, Demon!{END}"
{END},{END}
{END},{END}
{END},{END}
{END},{END}
{END},{END}
{END},{END}
{END},{END}
{END},{END}
{END},{END}
{END},{END}
{END},{END}
{END},{END}
{END},{END}
{END},{END}
{END},{END}
{END},{END}
{END},{END}
{END},{END}
{END},{END}
{END},{END}
{END},{END}
{END},{END}
{END},{END}
{END},{END}
{END},{END}
{END},{END}
{END},{END}
{END},{END}
{END},{END}
{END},{END}
Here I come!{END},Here I come!{END}
How's that!?{END},How's that!?{END}
How was that!?{END},How was that!?{END}
{END},{END}
Cleanse all!{END},Cleanse all!{END}
Not yet!{END},Not yet!{END}
{END},{END}
{END},{END}
{END},{END}
{END},{END}
{END},{END}
{END},{END}
{END},{END}
{END},{END}
{END},{END}
{END},{END}
{END},{END}
{END},{END}
{END},{END}
{END},{END}
{END},{END}
{END},{END}
{END},{END}
{END},{END}
{END},{END}
{END},{END}
{END},{END}
{END},{END}
{END},{END}
{END},{END}
{END},{END}
There!{END},There!{END}
Take this!{END},Take this!{END}
Let's go!{END},Let's go!{END}
How was that!?{END},How was that!?{END}
En garde!{END},En garde!{END}
It's over!{END},It's over!{END}
Finishing strike!{END},Finishing strike!{END}
Rend!{END},Rend!{END}
"Come, water!{END}","Come, water!{END}"
{END},{END}
{END},{END}
{END},{END}
{END},{END}
{END},{END}
{END},{END}
{END},{END}
{END},{END}
{END},{END}
{END},{END}
{END},{END}
{END},{END}
{END},{END}
{END},{END}
{END},{END}
{END},{END}
{END},{END}
{END},{END}
{END},{END}
{END},{END}
{END},{END}
{END},{END}
{END},{END}
{END},{END}
{END},{END}
{END},{END}
{END},{END}
{END},{END}
{END},{END}
{END},{END}
{END},{END}
{END},{END}
{END},{END}
{END},{END}
{END},{END}
{END},{END}
{END},{END}
{END},{END}
{END},{END}
{END},{END}
{END},{END}
{END},{END}
{END},{END}
{END},{END}
{END},{END}
{END},{END}
{END},{END}
{END},{END}
{END},{END}
{END},{END}
{END},{END}
{END},{END}
{END},{END}
{END},{END}
{END},{END}
{END},{END}
{END},{END}
{END},{END}
{END},{END}
{END},{END}
{END},{END}
{END},{END}
{END},{END}
{END},{END}
{END},{END}
{END},{END}
{END},{END}
{END},{END}
{END},{END}
{END},{END}
{END},{END}
{END},{END}
{END},{END}
{END},{END}
{END},{END}
{END},{END}
{END},{END}
{END},{END}
{END},{END}
{END},{END}
{END},{END}
{END},{END}
{END},{END}
{END},{END}
{END},{END}
{END},{END}
{END},{END}
{END},{END}
{END},{END}
{END},{END}
{END},{END}
{END},{END}
{END},{END}
{END},{END}
{END},{END}
{END},{END}
{END},{END}
{END},{END}
{END},{END}
{END},{END}
{END},{END}
{END},{END}
{END},{END}
{END},{END}
{END},{END}
{END},{END}
{END},{END}
{END},{END}
{END},{END}
{END},{END}
{END},{END}
{END},{END}
{END},{END}
{END},{END}
{END},{END}
{END},{END}
{END},{END}
{END},{END}
{END},{END}
{END},{END}
{END},{END}
{END},{END}
{END},{END}
{END},{END}
{END},{END}
{END},{END}
{END},{END}
{END},{END}
{END},{END}
{END},{END}
{END},{END}
{END},{END}
{END},{END}
{END},{END}
{END},{END}
{END},{END}
{END},{END}
{END},{END}
{END},{END}
{END},{END}
{END},{END}
{END},{END}
{END},{END}
{END},{END}
{END},{END}
{END},{END}
{END},{END}
{END},{END}
{END},{END}
{END},{END}
{END},{END}
{END},{END}
{END},{END}
{END},{END}
{END},{END}
{END},{END}
{END},{END}
{END},{END}
{END},{END}
{END},{END}
{END},{END}
{END},{END}
{END},{END}
{END},{END}
{END},{END}
{END},{END}
{END},{END}
{END},{END}
{END},{END}
{END},{END}
{END},{END}
{END},{END}
{END},{END}
{END},{END}
{END},{END}
{END},{END}
{END},{END}
{END},{END}
{END},{END}
{END},{END}
{END},{END}
{END},{END}
{END},{END}
{END},{END}
{END},{END}
{END},{END}
{END},{END}
{END},{END}
{END},{END}
{END},{END}
{END},{END}
{END},{END}
{END},{END}
{END},{END}
{END},{END}
{END},{END}
{END},{END}
{END},{END}
{END},{END}
{END},{END}
{END},{END}
{END},{END}
{END},{END}
{END},{END}
{END},{END}
{END},{END}
{END},{END}
{END},{END}
{END},{END}
{END},{END}
{END},{END}
{END},{END}
{END},{END}
{END},{END}
{END},{END}
{END},{END}
{END},{END}
{END},{END}
{END},{END}
{END},{END}
{END},{END}
{END},{END}
{END},{END}
{END},{END}
{END},{END}
{END},{END}
{END},{END}
{END},{END}
{END},{END}
{END},{END}
{END},{END}
{END},{END}
{END},{END}
{END},{END}
{END},{END}
{END},{END}
{END},{END}
{END},{END}
{END},{END}
{END},{END}
{END},{END}
{END},{END}
{END},{END}
{END},{END}
{END},{END}
{END},{END}
{END},{END}
{END},{END}
{END},{END}
{END},{END}
{END},{END}
{END},{END}
{END},{END}
{END},{END}
{END},{END}
{END},{END}
{END},{END}
{END},{END}
{END},{END}
{END},{END}
{END},{END}
{END},{END}
{END},{END}
{END},{END}
{END},{END}
{END},{END}
{END},{END}
{END},{END}
{END},{END}
{END},{END}
{END},{END}
{END},{END}
{END},{END}
{END},{END}
{END},{END}
{END},{END}
{END},{END}
{END},{END}
{END},{END}
{END},{END}
{END},{END}
{END},{END}
{END},{END}
{END},{END}
{END},{END}
{END},{END}
{END},{END}
{END},{END}
{END},{END}
{END},{END}
{END},{END}
{END},{END}
{END},{END}
{END},{END}
{END},{END}
{END},{END}
{END},{END}
{END},{END}
{END},{END}
{END},{END}
{END},{END}
{END},{END}
{END},{END}
{END},{END}
{END},{END}
{END},{END}
{END},{END}
{END},{END}
{END},{END}
{END},{END}
{END},{END}
{END},{END}
{END},{END}
{END},{END}
{END},{END}
{END},{END}
{END},{END}
{END},{END}
{END},{END}
{END},{END}
{END},{END}
{END},{END}
{END},{END}
{END},{END}
{END},{END}
{END},{END}
{END},{END}
{END},{END}
{END},{END}
{END},{END}
{END},{END}
{END},{END}
{END},{END}
{END},{END}
{END},{END}
{END},{END}
{END},{END}
{END},{END}
{END},{END}
{END},{END}
{END},{END}
{END},{END}
{END},{END}
{END},{END}
{END},{END}
{END},{END}
{END},{END}
{END},{END}
{END},{END}
{END},{END}
{END},{END}
{END},{END}
{END},{END}
{END},{END}
{END},{END}
{END},{END}
{END},{END}
{END},{END}
{END},{END}
{END},{END}
{END},{END}
{END},{END}
{END},{END}
{END},{END}
{END},{END}
{END},{END}
{END},{END}
{END},{END}
{END},{END}
{END},{END}
{END},{END}
{END},{END}
{END},{END}
{END},{END}
{END},{END}
{END},{END}
{END},{END}
{END},{END}
{END},{END}
{END},{END}
{END},{END}
{END},{END}
{END},{END}
{END},{END}
{END},{END}
{END},{END}
{END},{END}
{END},{END}
{END},{END}
{END},{END}
{END},{END}
{END},{END}
{END},{END}
{END},{END}
{END},{END}
{END},{END}
{END},{END}
{END},{END}
{END},{END}
{END},{END}
{END},{END}
{END},{END}
{END},{END}
{END},{END}
{END},{END}
{END},{END}
{END},{END}
{END},{END}
{END},{END}
{END},{END}
{END},{END}
{END},{END}
{END},{END}
{END},{END}
{END},{END}
{END},{END}
{END},{END}
{END},{END}
{END},{END}
{END},{END}
{END},{END}
{END},{END}
{END},{END}
{END},{END}
{END},{END}
{END},{END}
{END},{END}
{END},{END}
{END},{END}
{END},{END}
{END},{END}
{END},{END}
{END},{END}
{END},{END}
{END},{END}
{END},{END}
{END},{END}
{END},{END}
{END},{END}
{END},{END}
{END},{END}
{END},{END}
{END},{END}
{END},{END}
{END},{END}
{END},{END}
{END},{END}
{END},{END}
{END},{END}
{END},{END}
{END},{END}
{END},{END}
{END},{END}
{END},{END}
{END},{END}
{END},{END}
{END},{END}
{END},{END}
{END},{END}
{END},{END}
{END},{END}
{END},{END}
{END},{END}
{END},{END}
{END},{END}
{END},{END}
{END},{END}
{END},{END}
{END},{END}
{END},{END}
{END},{END}
{END},{END}
{END},{END}
{END},{END}
{END},{END}
{END},{END}
{END},{END}
{END},{END}
{END},{END}
{END},{END}
{END},{END}
{END},{END}
{END},{END}
{END},{END}
{END},{END}
{END},{END}
{END},{END}
{END},{END}
{END},{END}
{END},{END}
{END},{END}
{END},{END}
{END},{END}
{END},{END}
{END},{END}
{END},{END}
{END},{END}
{END},{END}
{END},{END}
{END},{END}
{END},{END}
{END},{END}
{END},{END}
{END},{END}
{END},{END}
{END},{END}
{END},{END}
{END},{END}
{END},{END}
{END},{END}
{END},{END}
{END},{END}
{END},{END}
{END},{END}
{END},{END}
{END},{END}
{END},{END}
{END},{END}
{END},{END}
{END},{END}
{END},{END}
{END},{END}
{END},{END}
{END},{END}
{END},{END}
{END},{END}
{END},{END}
{END},{END}
{END},{END}
{END},{END}
{END},{END}
{END},{END}
{END},{END}
{END},{END}
{END},{END}
{END},{END}
{END},{END}
{END},{END}
{END},{END}
{END},{END}
{END},{END}
{END},{END}
{END},{END}
{END},{END}
{END},{END}
{END},{END}
{END},{END}
{END},{END}
{END},{END}
{END},{END}
{END},{END}
{END},{END}
{END},{END}
{END},{END}
{END},{END}
Gimme everything you got!{END},Gimme everything you got!{END}
How's that!{END},How's that!{END}
I'm not finished!{END},I'm not finished!{END}
Deathblow!{END},Deathblow!{END}
{END},{END}
{END},{END}
{END},{END}
{END},{END}
{END},{END}
{END},{END}
{END},{END}
{END},{END}
{END},{END}
{END},{END}
{END},{END}
{END},{END}
{END},{END}
{END},{END}
{END},{END}
{END},{END}
{END},{END}
{END},{END}
{END},{END}
{END},{END}
{END},{END}
{END},{END}
{END},{END}
{END},{END}
{END},{END}
{END},{END}
{END},{END}
{END},{END}
{END},{END}
{END},{END}
{END},{END}
{END},{END}
{END},{END}
{END},{END}
{END},{END}
We did it!{END},We did it!{END}
Mmm<heart> *kiss*{END},Mmm <heart> *kiss*{END}
{END},{END}
{END},{END}
{END},{END}
{END},{END}
{END},{END}
{END},{END}
{END},{END}
{END},{END}
{END},{END}
{END},{END}
{END},{END}
{END},{END}
{END},{END}
{END},{END}
{END},{END}
{END},{END}
{END},{END}
{END},{END}
{END},{END}
{END},{END}
{END},{END}
{END},{END}
{END},{END}
{END},{END}
{END},{END}
{END},{END}
{END},{END}
{END},{END}
{END},{END}
Wide Shot!{END},Wide Shot!{END}
Fire Laser!{END},Fire Laser!{END}
Side Wall!{END},Side Wall!{END}
Spark Wave!{END},Spark Wave!{END}
Wing Shot!{END},Wing Shot!{END}
Shockwave!{END},Shockwave!{END}
Ice Shot!{END},Ice Shot!{END}
Freeze Lancer!{END},Freeze Lancer!{END}
Rate up!{END},Rate up!{END}
Technical charge!{END},Technical charge!{END}
Energy charge!{END},Energy charge!{END}
Let's gooo!{END},Let's gooo!{END}
All clear!{END},All clear!{END}
{END},{END}
Groovy!{END},Groovy!{END}
"Perhaps, Mr. Monkey?{END}","Perhaps, Mr. Monkey?{END}"
Amazing!{END},Amazing!{END}
Wonderful!{END},Wonderful!{END}
That was great!{END},That was great!{END}
Not bad at all!{END},Not bad at all!{END}
Still got a ways to go...{END},Still got a ways to go...{END}
What the HECK are you doing!?{END},What the HECK are you doing!?{END}
"Awful, just awful...{END}","Awful, just awful...{END}"
Bonus!{END},Bonus!{END}
No Miss Bonus!{END},No Miss Bonus!{END}
No Damage Bonus!{END},No Damage Bonus!{END}
High-Speed Attack Bonus!{END},High-Speed Attack Bonus!{END}
Energy Max Bonus!{END},Energy Max Bonus!{END}
Technical Max Bonus!{END},Technical Max Bonus!{END}
YAHOO!{END},YAHOO!{END}
No! You can't!{END},No! You can't!{END}
{END},{END}
{END},{END}
{END},{END}
{END},{END}
{END},{END}
{END},{END}
{END},{END}
{END},{END}
{END},{END}
{END},{END}
{END},{END}
{END},{END}
{END},{END}
{END},{END}
{END},{END}
{END},{END}
{END},{END}
{END},{END}
{END},{END}
{END},{END}
{END},{END}
{END},{END}
{END},{END}
{END},{END}
{END},{END}
{END},{END}
{END},{END}
{END},{END}
{END},{END}
{END},{END}
{END},{END}
{END},{END}
{END},{END}
{END},{END}
{END},{END}
{END},{END}
{END},{END}
{END},{END}
{END},{END}
{END},{END}
{END},{END}
{END},{END}
{END},{END}
{END},{END}
{END},{END}
{END},{END}
{END},{END}
{END},{END}
{END},{END}
{END},{END}
{END},{END}
{END},{END}
{END},{END}
{END},{END}
{END},{END}
{END},{END}
{END},{END}
{END},{END}
{END},{END}
{END},{END}
{END},{END}
{END},{END}
{END},{END}
{END},{END}
{END},{END}
{END},{END}
{END},{END}
{END},{END}
{END},{END}
"So, like, “better to curse the darkness
than light a candle,” ain't it?{END}","So, like, “better to curse the darkness
than light a candle,” ain't it?{END}"
Ehehe... Arrogant much?{END},Ehehe... Arrogant much?{END}
Where's the Aventurer's Guild again?{END},Where's the Adventurer's Guild again?{END}
{END},{END}
{END},{END}
{END},{END}
{END},{END}
Pierce through!{END},Pierce through!{END}
Mystic Spear!{END},Mystic Spear!{END}
That one's on the house!{END},That one's on the house!{END}
I won't run away!{END},I won't run away!{END}
Time to get serious!{END},Time to get serious!{END}
"Oh no, this is bad!{END}","Oh no, this is bad!{END}"
Watch my back!{END},Watch my back!{END}
Please and thank you~!{END},Please and thank you~!{END}
Don't use your artes!{END},Don't use your artes!{END}
"Everyone, run!{END}","Everyone, run!{END}"
One more!{END},One more!{END}
Yahoo!{END},Yahoo!{END}
Hehehehe~!♪{END},Hehehehe~! ♪{END}
Nothing will stand in our way!{END},Nothing will stand in our way!{END}
"Beat 'em one by one, them's the basics, right?{END}","Beat 'em one by one, them's the basics, right?{END}"
"Okay, got it!{END}","Okay, got it!{END}"
Understood!{END},Understood!{END}
Leave it to me!{END},Leave it to me!{END}
{END},{END}
{END},{END}
I messed up...!{END},I messed up...!{END}
{END},{END}
{END},{END}
{END},{END}
{END},{END}
{END},{END}
{END},{END}
{END},{END}
{END},{END}
{END},{END}
{END},{END}
{END},{END}
{END},{END}
{END},{END}
{END},{END}
{END},{END}
{END},{END}
{END},{END}
{END},{END}
{END},{END}
{END},{END}
"Burn, Crimson Blade!{END}","Burn, Crimson Blade!{END}"
{END},{END}
I won't be defeated!{END},I won't be defeated!{END}
{END},{END}
Alvein-style Mystic Arte!{END},Alvein-style Mystic Arte!{END}
"Infallible shield, rise!{END}","Infallible shield, rise!{END}"
{END},{END}
Now die!{END},Now die!{END}
Perish!{END},Perish!{END}
Suffer this regret in the next world.{END},Suffer this regret in the next world.{END}
{END},{END}
I shall end it with this!{END},I shall end it with this!{END}
<var_0902> Skit{END},<var_0902> Skit{END}
