モンスター図鑑{END},Monster Memo{END}
モンスター大図鑑{END},Monster Sheet{END}
モンスター大百科{END},Monster Pamphlet{END}
モンスター教科書{END},Monster Notebook{END}
モンスター特大図鑑{END},Monster Album{END}
モンスター大全集{END},Monster Catalog{END}
モンスター特大全集{END},Monster Index{END}
ゴッドバイブル{END},Monsterpedia{END}
アイテムゲッター{END},Item Getter{END}
おとすアイテム{END},Dropped Item(s){END}
？？？？{END},????????{END}
ぼうぎょぞくせい{END},Element Resistance{END}
なし{END},None{END}
ぬすめるアイテム{END},Stolen Item{END}
無効化{END},Invalid{END}
弱い{END},Weak{END}
強い{END},Resist{END}
回復{END},Absorb{END}
こうげきぞくせい{END},Attack Element{END}
せんとうランク{END},Battle Rank{END}
ノーマル{END},Normal{END}
ハード{END},Hard{END}
マニア{END},Mania{END}
{END},{END}
