ゴッドベア・マーク２{END},God Bear Mark 2{END}
Ｇ・ビー{END},Giant Bee{END}
バグベア{END},Bugbear{END}
アウル{END},Owl{END}
ボア{END},Boar{END}
ボアチャイルド{END},Piglet{END}
スライム{END},Slime{END}
Ｇ・スラッグ{END},Giant Slug{END}
Ｇ・リーチ{END},Giant Leech{END}
クレイデーモン{END},Clay Demon{END}
ディンゴ{END},Dingo{END}
スケルトン{END},Skeleton{END}
グール{END},Ghoul{END}
ゴーレム{END},Golem{END}
リビングデッド{END},Living Dead{END}
アナコンダ{END},Anaconda{END}
ボーグル{END},Bogle{END}
ホーネット{END},Hornet{END}
ジャッカル{END},Jackal{END}
ハーピィ{END},Harpy{END}
ブルーシルフ{END},Blue Sylph{END}
ワイト{END},Wight{END}
ヘルマスター{END},Hellmaster{END}
ボーンナイト{END},Bone Knight{END}
Ｇ・フロッグ{END},Giant Frog{END}
デミテル{END},Demeter{END}
アークナイト{END},Arch Knight{END}
メイアー{END},Mayer{END}
ジャミル{END},Jahmir{END}
キラーアウル{END},Killer Owl{END}
オーガ{END},Ogre{END}
Ｇ・トード{END},Giant Toad{END}
Ｇ・バット{END},Giant Bat{END}
ケイヴマン{END},Caveman{END}
ウィングデビル{END},Winged Devil{END}
ブリーブ{END},Bleeb{END}
ブラックバット{END},Black Bat{END}
バダッハ{END},Bodach{END}
リザードフライ{END},Lizard Fly{END}
デザートキング{END},Desert King{END}
アザー{END},Azar{END}
イフリート{END},Efreet{END}
デザートフライ{END},Desert Fly{END}
クレイアイドル{END},Gnomelette{END}
ノーム{END},Gnome{END}
スクイッド{END},Squid{END}
ピヨピヨ{END},Peepit{END}
シースラッグ{END},Sea Slug{END}
ウンディーネ{END},Undine{END}
マクスウェル{END},Maxwell{END}
バジリスク{END},Basilisk{END}
セイレーン{END},Siren{END}
ベラドンナ{END},Belladonna{END}
リザードマン{END},Lizard Man{END}
ドラゴンナイト{END},Dragon Knight{END}
アイアンゴーレム{END},Iron Golem{END}
ディプレイヴドモンク{END},Depraved Monk{END}
シェイド{END},Shade{END}
ドゥームガード{END},Doom Guard{END}
ゲイズハウンド{END},Gazehound{END}
イシュラント{END},Ishrantu{END}
ヴァルチャー{END},Vulture{END}
パイソン{END},Python{END}
オークロット{END},Oakrot{END}
サイドワインダー{END},Sidewinder{END}
Ｇ・スコーピオン{END},Giant Scorpion{END}
ウィルオーウィスプ{END},Will O' Wisp{END}
バーニングデッド{END},Burning Dead{END}
グリーンローパー{END},Green Roper{END}
スターフィッシュ{END},Starfish{END}
オークジェリィ{END},Ochre Jelly{END}
ヴァンパイアバット{END},Vampire Bat{END}
ケイヴスパイダー{END},Cave Spider{END}
Ｇ・ワスプ{END},Giant Wasp{END}
マイティオーク{END},Mighty Oak{END}
ドラゴンフライ{END},Dragonfly{END}
ウルフズベイン{END},Wolfsbane{END}
ブラウンベア{END},Brown Bear{END}
リザード{END},Lizard{END}
ファントム{END},Phantom{END}
アーチャー{END},Archer{END}
ジャックオーランタン{END},Jack O' Lantern{END}
バンシー{END},Banshee{END}
シャーマン{END},Shaman{END}
メディウム{END},Medium{END}
スノーバニー{END},Snow Bunny{END}
チュンチュン{END},Chirpee{END}
シュヴァリエ{END},Chevalier{END}
ソーサリス{END},Sorceress{END}
サムライ{END},Samurai{END}
カゲ{END},Kage{END}
リッチ{END},Lich{END}
ジャーン{END},Jann{END}
ウッドカーラ{END},Woodkarla{END}
リビングソード{END},Living Sword{END}
３０００Ｒ{END},3000R{END}
４４００Ｒ{END},4400R{END}
２ＳＨ{END},2SH{END}
ドール{END},Dhole{END}
プレデター{END},Predator{END}
キラービー{END},Killer Bee{END}
ナイトメア{END},Nightmare{END}
ヴァイパー{END},Viper{END}
ボアボア{END},Boarboar{END}
ティンバーウルフ{END},Timber Wolf{END}
キングコブラ{END},King Cobra{END}
ネビロス{END},Nebiros{END}
ポイズントード{END},Poison Toad{END}
レッドローパー{END},Red Roper{END}
シャイターン{END},Shaitan{END}
サンダードラゴン{END},Thunder Dragon{END}
ヴォルト{END},Volt{END}
ワーヴァルチャー{END},Werevulture{END}
スカウト{END},Scout{END}
スカヴェンジャー{END},Scavenger{END}
デスストーカー{END},Deathstalker{END}
コカドリーユ{END},Cocadrille{END}
ブラッドサッカー{END},Blood Sucker{END}
トロル{END},Troll{END}
ドラゴントゥース{END},Dragon's Tooth{END}
カーカス{END},Carcass{END}
レイス{END},Wraith{END}
スペクター{END},Specter{END}
ジン{END},Jinn{END}
ドラゴニュート{END},Dragonewt{END}
フレイムジィ{END},Flame{END}
イグニスファッツァス{END},Ignis Fatuus{END}
ヴァルカン{END},Vulcan{END}
ナイトウィング{END},Night Wing{END}
ＡＣローパー{END},A.C. Roper{END}
アークデーモン{END},Arch Demon{END}
Ｇ・スクイッド{END},Giant Squid{END}
イーヴルスター{END},Evil Star{END}
アクアドラゴン{END},Aqua Dragon{END}
ブルーローパー{END},Blue Roper{END}
フロストバニー{END},Frost Bunny{END}
レッサーデーモン{END},Lesser Demon{END}
ポーラーベア{END},Polar Bear{END}
アイスゴーレム{END},Ice Golem{END}
フロストキング{END},Frost King{END}
プリーステス{END},Priestess{END}
クノイチ{END},Kunoichi{END}
フェンビースト{END},Fenrir Beast{END}
トレント{END},Treant{END}
Ｇ・メイフライ{END},Giant Mayfly{END}
アルラウネ{END},Alraune{END}
グリズリー{END},Grizzly{END}
モンクソルジャー{END},Monk Soldier{END}
Ｇ・リザード{END},Giant Lizard{END}
アパッチドクター{END},Apache Doctor{END}
ミスリルゴーレム{END},Mythril Golem{END}
ブラックナイト{END},Black Knight{END}
ブッシュワーカー{END},Bushwhacker{END}
ビショップ{END},Bishop{END}
ゴールドドラゴン{END},Gold Dragon{END}
レッドプディング{END},Red Pudding{END}
ブラックスライム{END},Black Slime{END}
ホワイトベア{END},White Bear{END}
サイキック{END},Psychic{END}
ボガート{END},Boggart{END}
ヘルハウンド{END},Hellhound{END}
ドゥームトード{END},Doom Toad{END}
カーカー{END},Cawker{END}
ガーゴイル{END},Gargoyle{END}
クィーンビー{END},Queen Bee{END}
マーマン{END},Merman{END}
サマエル{END},Samael{END}
ニンジャマスター{END},Ninja Master{END}
イーヴルソード{END},Evil Sword{END}
スーパースター{END},Superstar{END}
１００００Ｒ{END},10000R{END}
３ＳＨ{END},3SH{END}
インフェルノ{END},Inferno{END}
ファイアバグ{END},Firebug{END}
ヘルキャット{END},Hellcat{END}
ハタモト{END},Hatamoto{END}
フレイムソード{END},Flame Sword{END}
バルログ{END},Balrog{END}
フラムベルク{END},Flamberg{END}
イーヴルロード{END},Evil Lord{END}
レンジャー{END},Ranger{END}
アークビショップ{END},Arch Bishop{END}
ウィッチドクター{END},Witch Doctor{END}
プロフェット{END},Prophet{END}
ブードゥープリースト{END},Voodoo Priest{END}
ウィッチ{END},Witch{END}
サコン{END},Sakon{END}
ハンゾウ{END},Hanzo{END}
ガリアンソード{END},Galleon Sword{END}
ＤＡＲＫＥＹＥ？{END},Darkeye?{END}
ＲＯＡＭＥＹＥ？{END},Roameye?{END}
ＳＥＡＬＥＹＥ？{END},Sealeye?{END}
ダオス{END},Dhaos{END}
シルバードラゴン{END},Silver Dragon{END}
フェザーダオス{END},Dhaos{END}
ダオス{END},Dhaos{END}
ダオス{END},Dhaos{END}
ダオス{END},Dhaos{END}
バジリスクキング{END},Basilisk King{END}
ゾンビ{END},Zombie{END}
ビーストマスター{END},Beastmaster{END}
キヨマサ{END},Kiyomasa{END}
ブラックドラゴン{END},Black Dragon{END}
ストームライダー{END},Stormrider{END}
マンティコア{END},Manticore{END}
ケルベロス{END},Cerberus{END}
ビッグフット{END},Bigfoot{END}
ワイヴァーン{END},Wyvern{END}
ガルフビースト{END},Galf Beast{END}
パンプキンキング{END},Pumpkin King{END}
スケルトンキング{END},Skeleton King{END}
クレイゴーレム{END},Clay Golem{END}
レッドシルフ{END},Red Sylph{END}
マンドレイク{END},Mandrake{END}
どうぞう{END},Dozo{END}
おきよ{END},Okiyo{END}
ライカーガス{END},Lycurgus{END}
エアジャイアント{END},Air Giant{END}
フェニックス{END},Phoenix{END}
ノクターナルフライ{END},Nocturnal Fly{END}
マンタ{END},Manta{END}
ファラオ{END},Pharaoh{END}
オリジン{END},Origin{END}
タイラント{END},Tyrant{END}
ロボ{END},Lobo{END}
グレートタスク{END},Great Tusk{END}
クラーケン{END},Kraken{END}
マミー{END},Mummy{END}
ゾンビジャイアント{END},Zombie Giant{END}
プルート{END},Pluto{END}
ドラコケンタウロス{END},Draco-Centaur{END}
オーディーン{END},Odin{END}
こすけ{END},Kosuke{END}
じんぱち{END},Jinpachi{END}
じゅうぞう{END},Juzo{END}
さいぞう{END},Saizo{END}
さすけ{END},Sasuke{END}
かに{END},Crab{END}
リリス{END},Lilith{END}
？？？{END},???{END}
