武器屋『ホーリーナイト』{END},Weapon Shop “Holy Knight”{END}
防具屋『ホーリーナイト』{END},Armor Shop “Holy Knight”{END}
食材屋『マリオン』{END},Grocery Store “Marion”{END}
雑貨屋『ベイビー』{END},General Store “Baby”{END}
何でも屋『めろめろ』{END},Corner Store “Zoom Zoom”{END}
武具屋『ダブルＫ。Ｏ。』{END},Equipment Shop “Double K.O.”{END}
道具屋『ドロー』{END},Item Shop “Draw”{END}
行商人{END},Peddler{END}
武具屋『ビショップ』{END},Equipment Shop “Bishop”{END}
道具屋『猫目』{END},Item Shop “Cat's Eye”{END}
八百屋『ベジット』{END},Greengrocer “Veggie”{END}
武器屋『クリスタルロッド』{END},Weapon Shop “Crystal Rod”{END}
防具屋『にんたい』{END},Armor Shop “Endurance”{END}
道具屋『天使の祝福』{END},Item Shop “Angel's Blessing”{END}
武器屋『水剣』{END},Weapon Shop “Water's Edge”{END}
防具屋『シースルー』{END},Armor Shop “Sea-through”{END}
道具屋『マラガの海』{END},Item Shop “Malaga Sea”{END}
食材店『ウォーターフロント』{END},Ingredient Shop “Waterfront”{END}
船乗り{END},Sailor{END}
船乗り{END},Sailor{END}
武器屋『ライム』{END},Weapon Shop “Lime''{END}
防具屋『ライム』{END},Armor Shop “Lime''{END}
道具屋『カレンダー』{END},Item Shop “Calendar”{END}
スーパー『食べすぎ』{END},Supermarket “Pig-Out”{END}
武具屋『ガーリック』{END},Weapon Shop “Garlic”{END}
雑貨屋『テンダロイン』{END},General Shop “Tenderloin”{END}
食料店『サーロイン』{END},Food Store “Sirloin”{END}
薬屋『ヤゴちゃん』{END},Pharmacy “Lil' Nymph”{END}
名も無き食材屋{END},Grocery Store{END}
名も無き薬屋{END},Pharmacy{END}
名も無き道具屋{END},Tool Shop{END}
武器屋『スピリット』{END},Weapon Shop “Spirit”{END}
防具屋『スピリット』{END},Armor Shop “Spirit”{END}
ドラッグストア『バスター』{END},Drug Store “Buster”{END}
道具屋『スレイヤーIV』{END},Item Shop “Slayer IV”{END}
食材店『ニンジャ』{END},Grocery Store “Ninja”{END}
武具屋『虎牙破斬』{END},Equipment Store “Tiger Blade”{END}
武器屋『ホーリーナイト』{END},Weapon Shop “Holy Knight”{END}
防具屋『ホーリーナイト』{END},Armor Shop “Holy Knight”{END}
武器屋『水剣』{END},Weapon Shop “Water's Edge”{END}
防具屋『シースルー』{END},Armor Shop “Sea-through”{END}
武具屋『ライム』{END},Equipment Shop “Lime”{END}
『ギースショップ』{END},“Aegis' Shop”{END}
道具屋『うしみつどき』{END},Item Shop “Midnight”{END}
食材屋『ウォーターフロント』{END},Grocery Store “Waterfront”{END}
食材屋『あじおう』{END},Grocery Store “Flavor King”{END}
スーパー『食べすぎ』{END},Supermarket “Pig-Out”{END}
武具屋『アイスコーヒー』{END},Armor Shop “Iced Coffee”{END}
武具屋『午前三時』{END},Equipment Shop “3:00 A.M.”{END}
武具屋『ガーリック』{END},Weapon Shop “Garlic”{END}
よろずや『くりきんとん』{END},General Store “Kurikinton”{END}
雑貨屋『サンセット』{END},General Store “Sunset”{END}
『ギースショップ』{END},“Aegis' Shop”{END}
行商人{END},Peddler{END}
補給部隊{END},Quartermaster{END}
道具屋『カレンダー』{END},Item Shop “Calendar”{END}
行商人{END},Peddler{END}
薬屋『どくだみ』{END},Pharmacy “Houttuynia”{END}
薬屋『どくだみ』{END},Pharmacy “Houttuynia”{END}
雑貨屋『ベンジャミン』{END},General Store “Benjamin”{END}
武具屋『ライム』{END},Equipment Shop “Lime”{END}
何でも屋『へろへろＱ』{END},Corner Store “Hero Hero Q”{END}
武器屋『ティーゼル』{END},Weapon Shop “Teasel”{END}
雑貨屋『ゴーリ』{END},General Store “Goalie”{END}
スーパー『フリーザー』{END},Supermarket “Freezer”{END}
スーパー『フリーザー』{END},Supermarket “Freezer”{END}
喫茶『寝坊』{END},Tea House “Noonwalker”{END}
食材屋『あかさたな』{END},Grocery Store “A-B-C-D-E”{END}
薬屋『静寂の歌』{END},Pharmacy “Silent Song”{END}
道具屋『マラガの海』{END},Item Shop “Malaga Sea”{END}
雑貨屋『テンダロイン』{END},General Shop “Tenderloin”{END}
食料店『サーロイン』{END},Food Store “Sirloin”{END}
薬屋『ヤゴちゃん』{END},Pharmacy “Lil' Nymph”{END}
雑貨屋『ほっかむり』{END},General Store “Bonnet”{END}
薬売り『とやま』{END},Apothecary “Toyama”{END}
{END},{END}
