ダミー{END},Dummy{END}
みならいけんし{END},Apprentice Swordsman{END}
けんし{END},Swordsman{END}
バトルマスター{END},Battlemaster{END}
ソードマスター{END},Swordmaster{END}
フェンサー{END},Fencer{END}
ブレイブフェンサー{END},Brave Fencer{END}
ラストフェンサー{END},Last Fencer{END}
おうぎでんしょう{END},Alvein Successor{END}
ステップマスター{END},Step Master{END}
ベルセルク{END},Berserker{END}
チャンピオン{END},Champion{END}
グルメマスター{END},Gourmet King{END}
いしとりめいじん{END},Subtraction Guru{END}
じくうけんし{END},Eternal Swordsman{END}
ギルガメス{END},Gilgamesh{END}
マッハせいねん{END},Mach Boy{END}
ヒーラー{END},Healer{END}
クレリック{END},Cleric{END}
プリースト{END},Priestess{END}
ビショップ{END},Bishop{END}
カーディナル{END},Cardinal{END}
ポープ{END},Pope{END}
－－－－－－－－{END},--------{END}
－－－－－－－－{END},--------{END}
キューピット{END},Cupid{END}
ボインちゃん{END},Ms. Puffy Muffins{END}
きよきおとめ{END},Pure Maiden{END}
グルメマスター{END},Gourmet Queen{END}
うたひめ{END},Songstress{END}
ピアノのせんせい{END},Professor Adnade{END}
さいしょくけんび{END},Clever Beauty{END}
ミント１６（なし）{END},Mint 16 (Empty){END}
マジックユーザー{END},Magic User{END}
ウィッチ{END},Witch{END}
メイジ{END},Mage{END}
ソーサラー{END},Sorceress{END}
ウィザード{END},Wizardess{END}
スペル　マスター{END},Magic Maestro{END}
－－－－－－－－{END},--------{END}
－－－－－－－－{END},--------{END}
ゆめみるおとめ{END},Dreaming Maiden{END}
ぺったんこ{END},Pancake Chick{END}
うっふんむすめ{END},Femme Fatale Failure{END}
グルメマスター？{END},Gourmet Queen?{END}
× × りょうりにん{END},Worst. Chef. Ever.{END}
ＧＲＯＯＶＹ{END},GROOVY{END}
ともだちおもい{END},True Friend{END}
アーチェ１６（なし）{END},Arche 16 (Empty){END}
まほうがくしゃ{END},Magic Scholar{END}
テイマー{END},Tamer{END}
サモナー{END},Summoner{END}
エレメンタラー{END},Elementalist{END}
ウォーロック{END},Warlock{END}
サモンマスター{END},Master Summoner{END}
－－－－－－－－{END},--------{END}
－－－－－－－－{END},--------{END}
モンスターマスター{END},Monster Hunter{END}
アイテムコレクター{END},Item Collector{END}
トレジャーハンター{END},Treasure Hunter{END}
グルメマスター{END},Gourmet King{END}
しりにしかれマン{END},Henpecked Man{END}
えんれんのひと{END},Distant Lover{END}
しあわせもの{END},Lucky Guy{END}
クラース１６（なし）{END},Klarth 16 (Empty){END}
ハンター{END},Hunter{END}
レンジャー{END},Ranger{END}
アーチャー{END},Archer{END}
スナイパー{END},Sniper{END}
シューター{END},Shooter{END}
ストライカー{END},Striker{END}
－－－－－－－－{END},--------{END}
－－－－－－－－{END},--------{END}
やさしいあにき{END},Kind Brother{END}
どりょくか{END},Workhorse{END}
スケベだいまおう{END},Demon Prince of Perverts{END}
グルメマスター{END},Gourmet King{END}
げきマッハやろう{END},Super Mach Bastard{END}
たくましいやつ{END},Ripped Dude{END}
あついおとこ{END},Man of Passion{END}
くろうにん{END},Selfless Man{END}
すずめ　にんじゃ{END},Sparrow Ninja{END}
からす　にんじゃ{END},Raven Ninja{END}
つばめ　にんじゃ{END},Swallow Ninja{END}
はやぶさ　にんじゃ{END},Falcon Ninja{END}
たか　にんじゃ{END},Hawk Ninja{END}
つる　にんじゃ{END},Crane Ninja{END}
－－－－－－－－{END},--------{END}
－－－－－－－－{END},--------{END}
ひじょう{END},Heart of Steel{END}
じきとうりょう{END},Successor{END}
あまとう{END},Sweet Tooth{END}
グルメマスター{END},Gourmet Queen{END}
しのび{END},Shinobi{END}
ビリビリちゃん{END},Smitten Girl{END}
きじょう{END},Tough Girl{END}
すず１６（なし）{END},Suzu 16 (Empty){END}
たびのおんなけんし{END},Wandering Swordswoman{END}
まほうけんし{END},Magic Swordswoman{END}
スワローフェンサー{END},Swallow Fencer{END}
エクリプスのコ{END},Daughter of the Eclipse{END}
－－－－－－－－{END},--------{END}
－－－－－－－－{END},--------{END}
－－－－－－－－{END},--------{END}
－－－－－－－－{END},--------{END}
－－－－－－－－{END},--------{END}
－－－－－－－－{END},--------{END}
－－－－－－－－{END},--------{END}
－－－－－－－－{END},--------{END}
－－－－－－－－{END},--------{END}
－－－－－－－－{END},--------{END}
－－－－－－－－{END},--------{END}
－－－－－－－－{END},--------{END}
{END},{END}
