ナレーション　１{END},Narration 1{END}
ナレーション　２{END},Narration 2{END}
ナレーション　３{END},Narration 3{END}
ナレーション　４{END},Narration 4{END}
ナレーション　５{END},Narration 5{END}
ナレーション　６{END},Narration 6{END}
ナレーション　７{END},Narration 7{END}
ナレーション　８{END},Narration 8{END}
ナレーション　９{END},Narration 9{END}
ナレーション１０{END},Narration 10{END}
ナレーション１１{END},Narration 11{END}
ナレーション１２{END},Narration 12{END}
ナレーション１３{END},Narration 13{END}
ナレーション１４{END},Narration 14{END}
ナレーション１５{END},Narration 15{END}
ナレーション１６{END},Narration 16{END}
ＧＡＭＥ・ＯＶＥＲ１{END},Game Over 1{END}
ＧＡＭＥ・ＯＶＥＲ２{END},Game Over 2{END}
プロローグ／モリスン１{END},Prologue/Morrison 1{END}
プロローグ／モリスン２{END},Prologue/Morrison 2{END}
プロローグ／モリスン３{END},Prologue/Morrison 3{END}
プロローグ／モリスン４{END},Prologue/Morrison 4{END}
プロローグ／モリスン５{END},Prologue/Morrison 5{END}
プロローグ／モリスン６{END},Prologue/Morrison 6{END}
プロローグ／モリスン７{END},Prologue/Morrison 7{END}
プロローグ／ダオス１{END},Prologue/Dhaos 1{END}
プロローグ／ダオス２{END},Prologue/Dhaos 2{END}
プロローグ／ダオス３{END},Prologue/Dhaos 3{END}
プロローグ／ダオス４{END},Prologue/Dhaos 4{END}
マーテル　１{END},Martel 1{END}
マーテル　２{END},Martel 2{END}
マーテル　３{END},Martel 3{END}
<Chester>／アミィをよぶ{END},<Chester>/Ami!{END}
<Cless>／とうさん{END},<Cless>/Dad!{END}
<Cless>／かあさん{END},<Cless>/Mom!{END}
<Cless>／ぜっきょう{END},<Cless>/Waahhhhhhhhh!{END}
<Cless>／どくで　きぜつ{END},<Cless>/Poisoned{END}
レニオス　いでよ，ほのお！{END},"Lenios/Flames, come forth!!{END}"
<Arche>／はぁうぅ{END},<Arche>/Hauu{END}
<Arche>／あいぃー{END},<Arche>/Aiii{END}
<Arche>／だめよぉ{END},<Arche>/Don't do that{END}
<Arche>／そんなとこさわっちゃ{END},<Arche>/No touching allowed{END}
<Arche>／だめっ，だめだってば{END},<Arche>/Stop that{END}
<Arche>／ばかぁー{END},<Arche>/Idiot{END}
<Arche>／ふぁーい{END},<Arche>/Faai{END}
ヴァルキリー　１{END},Valkyrie 1{END}
ヴァルキリー　２{END},Valkyrie 2{END}
<Mint>／まほう　せつじつ１{END},<Mint>/Healing Event 1{END}
<Mint>／まほう　せつじつ２{END},<Mint>/Healing Event 2{END}
<Mint>／まほう　せつじつ３{END},<Mint>/Healing Event 3{END}
<Mint>／まほう　せつじつ４{END},<Mint>/Healing Event 4{END}
<Mint>／まほう　せつじつ５{END},<Mint>/Healing Event 5{END}
<Mint>／まほう　せつじつ６{END},<Mint>/Healing Event 6{END}
<Mint>／まほう　せつじつ７{END},<Mint>/Healing Event 7{END}
<Suzu>／いがぐりりゅう{END},<Suzu>/Igaguri-style{END}
<Suzu>／にんぽう{END},<Suzu>/Ninja Arte{END}
<Suzu>／いがぐりりゅうにんぽう{END},<Suzu>/Igaguri-Style Ninja Arte{END}
ダオス／イベント　１{END},Dhaos/Event 1{END}
ダオス／イベント　２{END},Dhaos/Event 2{END}
ダオス／イベント　３{END},Dhaos/Event 3{END}
ダオス／イベント　４{END},Dhaos/Event 4{END}
ダオス／イベント　５{END},Dhaos/Event 5{END}
ダオス／イベント　６{END},Dhaos/Event 6{END}
ダオス／イベント　７{END},Dhaos/Event 7{END}
ダオス／イベント　８{END},Dhaos/Event 8{END}
ダオス／イベント　９{END},Dhaos/Event 9{END}
ダオス／イベント１０{END},Dhaos/Event 10{END}
ダオス／イベント１１{END},Dhaos/Event 11{END}
ダオス／イベント１２{END},Dhaos/Event 12{END}
<Cless>／りょうり１{END},<Cless>/Cooking 1{END}
<Cless>／りょうり２{END},<Cless>/Cooking 2{END}
<Mint>／りょうり{END},<Mint>/Cooking{END}
<Arche>／りょうり１{END},<Arche>/Cooking 1{END}
<Arche>／りょうり２{END},<Arche>/Cooking 2{END}
<Klarth>／りょうり{END},<Klarth>/Cooking{END}
<Chester>／りょうり{END},<Chester>/Cooking{END}
<Suzu>／りょうり{END},<Suzu>/Cooking{END}
<Cless>／かけごえＡ　１{END},<Cless>/Shout A 1{END}
<Cless>／かけごえＡ　２{END},<Cless>/Shout A 2{END}
<Cless>／かけごえＡ　３{END},<Cless>/Shout A 3{END}
<Cless>／かけごえＡ　４{END},<Cless>/Shout A 4{END}
<Cless>／かけごえＡ　５{END},<Cless>/Shout A 5{END}
<Cless>／かけごえＡ　６{END},<Cless>/Shout A 6{END}
<Cless>／かけごえＡ　７{END},<Cless>/Shout A 7{END}
<Cless>／かけごえＡ　８{END},<Cless>/Shout A 8{END}
<Cless>／かけごえＡ　９{END},<Cless>/Shout A 9{END}
<Cless>／かけごえＡ１０{END},<Cless>/Shout A 10{END}
<Cless>／かけごえＡ１１{END},<Cless>/Shout A 11{END}
<Cless>／かけごえＡ１２{END},<Cless>/Shout A 12{END}
<Cless>／かけごえＡ１３{END},<Cless>/Shout A 13{END}
<Cless>／かけごえＡ１４{END},<Cless>/Shout A 14{END}
<Cless>／かけごえＡ１５{END},<Cless>/Shout A 15{END}
<Cless>／かけごえＡ１６{END},<Cless>/Shout A 16{END}
<Cless>／かけごえＡ１７{END},<Cless>/Shout A 17{END}
<Cless>／かけごえＡ１８{END},<Cless>/Shout A 18{END}
<Cless>／かけごえＡ１９{END},<Cless>/Shout A 19{END}
<Cless>／かけごえＡ２０{END},<Cless>/Shout A 20{END}
<Cless>／かけごえＡ２１{END},<Cless>/Shout A 21{END}
<Cless>／かけごえＡ２２{END},<Cless>/Shout A 22{END}
<Cless>／かけごえＢ　１{END},<Cless>/Shout B 1{END}
<Cless>／かけごえＢ　２{END},<Cless>/Shout B 2{END}
<Cless>／かけごえＢ　３{END},<Cless>/Shout B 3{END}
<Cless>／かけごえＢ　４{END},<Cless>/Shout B 4{END}
<Cless>／かけごえＢ　５{END},<Cless>/Shout B 5{END}
<Cless>／かけごえＢ　６{END},<Cless>/Shout B 6{END}
<Cless>／かけごえＢ　７{END},<Cless>/Shout B 7{END}
<Cless>／かけごえＢ　８{END},<Cless>/Shout B 8{END}
<Cless>／かけごえＢ　９{END},<Cless>/Shout B 9{END}
<Cless>／かけごえＢ１０{END},<Cless>/Shout B 10{END}
<Cless>／かけごえＢ１１{END},<Cless>/Shout B 11{END}
<Cless>／ごうれい　１{END},<Cless>/Command 1{END}
<Cless>／ごうれい　２{END},<Cless>/Command 2{END}
<Cless>／ごうれい　３{END},<Cless>/Command 3{END}
<Cless>／ごうれい　４{END},<Cless>/Command 4{END}
<Cless>／ごうれい　５{END},<Cless>/Command 5{END}
<Cless>／ごうれい　６{END},<Cless>/Command 6{END}
<Cless>／ごうれい　７{END},<Cless>/Command 7{END}
<Cless>／しょうり　１{END},<Cless>/Victory 1{END}
<Cless>／しょうり　２{END},<Cless>/Victory 2{END}
<Cless>／しょうり　３{END},<Cless>/Victory 3{END}
<Cless>／しょうり　４{END},<Cless>/Victory 4{END}
<Cless>／しょうり　５{END},<Cless>/Victory 5{END}
<Cless>／しょうり　６{END},<Cless>/Victory 6{END}
<Cless>／しょうり　７{END},<Cless>/Victory 7{END}
<Cless>／しょうり　８{END},<Cless>/Victory 8{END}
<Cless>／しょうり　９{END},<Cless>/Victory 9{END}
<Cless>／しょうり１０{END},<Cless>/Victory 10{END}
<Cless>／しょうり１１{END},<Cless>/Victory 11{END}
<Cless>／しょうり１２{END},<Cless>/Victory 12{END}
<Cless>／しょうり１３{END},<Cless>/Victory 13{END}
<Cless>／しょうり１４{END},<Cless>/Victory 14{END}
<Cless>／しょうり１５{END},<Cless>/Victory 15{END}
<Cless>／しょうり１６{END},<Cless>/Victory 16{END}
<Cless>／りょうかい　１{END},<Cless>/Shortcut 1{END}
<Cless>／りょうかい　２{END},<Cless>/Shortcut 2{END}
<Cless>／りょうかい　３{END},<Cless>/Shortcut 3{END}
<Cless>／ひめい　１{END},<Cless>/Injury 1{END}
<Cless>／ひめい　２{END},<Cless>/Injury 2{END}
<Cless>／ひめい　３{END},<Cless>/Injury 3{END}
<Cless>／ひめい　４{END},<Cless>/Injury 4{END}
<Cless>／ひめい　５{END},<Cless>/Injury 5{END}
<Cless>／ひめい　６{END},<Cless>/Injury 6{END}
<Cless>／ひめい　７{END},<Cless>/Injury 7{END}
<Cless>／ひめい　８{END},<Cless>/Injury 8{END}
<Cless>／ひめい　９{END},<Cless>/Injury 9{END}
<Cless>／ひめい１０{END},<Cless>/Injury 10{END}
<Cless>／ひめい１１{END},<Cless>/Injury 11{END}
<Cless>／ひめい１２{END},<Cless>/Injury 12{END}
<Cless>／わざ　１{END},<Cless>/Base Arte 1{END}
<Cless>／わざ　２{END},<Cless>/Base Arte 2{END}
<Cless>／わざ　３{END},<Cless>/Base Arte 3{END}
<Cless>／わざ　４{END},<Cless>/Base Arte 4{END}
<Cless>／わざ　５{END},<Cless>/Base Arte 5{END}
<Cless>／わざ　６{END},<Cless>/Base Arte 6{END}
<Cless>／わざ　７{END},<Cless>/Base Arte 7{END}
<Cless>／わざ　８{END},<Cless>/Base Arte 8{END}
<Cless>／わざ　９{END},<Cless>/Base Arte 9{END}
<Cless>／わざ１０{END},<Cless>/Base Arte 10{END}
<Cless>／わざ１１{END},<Cless>/Base Arte 11{END}
<Cless>／わざ１２{END},<Cless>/Base Arte 12{END}
<Cless>／わざ１３{END},<Cless>/Base Arte 13{END}
<Cless>／わざ１４{END},<Cless>/Base Arte 14{END}
<Cless>／わざ１５{END},<Cless>/Base Arte 15{END}
<Cless>／わざ１６{END},<Cless>/Base Arte 16{END}
<Cless>／わざ１７{END},<Cless>/Base Arte 17{END}
<Cless>／わざ１８{END},<Cless>/Base Arte 18{END}
<Cless>／わざ１９{END},<Cless>/Base Arte 19{END}
<Cless>／おうぎ　１{END},<Cless>/Arcane Arte 1{END}
<Cless>／おうぎ　２{END},<Cless>/Arcane Arte 2{END}
<Cless>／おうぎ　３{END},<Cless>/Arcane Arte 3{END}
<Cless>／おうぎ　４{END},<Cless>/Arcane Arte 4{END}
<Cless>／おうぎ　５{END},<Cless>/Arcane Arte 5{END}
<Cless>／おうぎ　６{END},<Cless>/Arcane Arte 6{END}
<Cless>／おうぎ　７{END},<Cless>/Arcane Arte 7{END}
<Cless>／おうぎ　８{END},<Cless>/Arcane Arte 8{END}
<Cless>／おうぎ　９{END},<Cless>/Arcane Arte 9{END}
<Cless>／おうぎ１０{END},<Cless>/Arcane Arte 10{END}
<Cless>／おうぎ１１{END},<Cless>/Arcane Arte 11{END}
<Cless>／おうぎ１２{END},<Cless>/Arcane Arte 12{END}
<Cless>／おうぎ１３{END},<Cless>/Arcane Arte 13{END}
<Cless>／おうぎ１４{END},<Cless>/Arcane Arte 14{END}
<Cless>／おうぎ１５{END},<Cless>/Arcane Arte 15{END}
<Cless>／おうぎ１６{END},<Cless>/Arcane Arte 16{END}
<Cless>／おうぎ１７{END},<Cless>/Arcane Arte 17{END}
<Cless>／おうぎ１８{END},<Cless>/Arcane Arte 18{END}
<Cless>／おうぎ１９{END},<Cless>/Arcane Arte 19{END}
<Cless>／おうぎ２０{END},<Cless>/Arcane Arte 20{END}
<Cless>／おうぎ２１{END},<Cless>/Arcane Arte 21{END}
<Cless>／おうぎ２２{END},<Cless>/Arcane Arte 22{END}
<Cless>／おうぎ２３{END},<Cless>/Arcane Arte 23{END}
<Cless>／おうぎ２４{END},<Cless>/Arcane Arte 24{END}
<Cless>／おうぎ２５{END},<Cless>/Arcane Arte 25{END}
<Cless>／おうぎ２６{END},<Cless>/Arcane Arte 26{END}
<Cless>／おうぎ２７{END},<Cless>/Arcane Arte 27{END}
<Cless>／おうぎ２８{END},<Cless>/Arcane Arte 28{END}
<Cless>／おうぎ２９{END},<Cless>/Arcane Arte 29{END}
<Cless>／おうぎ３０{END},<Cless>/Arcane Arte 30{END}
<Cless>／おうぎ３１{END},<Cless>/Arcane Arte 31{END}
<Cless>／おうぎ３２{END},<Cless>/Arcane Arte 32{END}
<Cless>／おうぎ３３{END},<Cless>/Arcane Arte 33{END}
<Cless>／おうぎ３４{END},<Cless>/Arcane Arte 34{END}
<Cless>／おうぎ３５{END},<Cless>/Arcane Arte 35{END}
<Cless>／おうぎ３６{END},<Cless>/Arcane Arte 36{END}
<Mint>／かけごえＡ　１{END},<Mint>/Shout A 1{END}
<Mint>／かけごえＡ　２{END},<Mint>/Shout A 2{END}
<Mint>／かけごえＡ　３{END},<Mint>/Shout A 3{END}
<Mint>／かけごえＡ　４{END},<Mint>/Shout A 4{END}
<Mint>／かけごえＡ　５{END},<Mint>/Shout A 5{END}
<Mint>／かけごえＡ　６{END},<Mint>/Shout A 6{END}
<Mint>／かけごえＡ　７{END},<Mint>/Shout A 7{END}
<Mint>／かけごえＡ　８{END},<Mint>/Shout A 8{END}
<Mint>／かけごえＡ　９{END},<Mint>/Shout A 9{END}
<Mint>／かけごえＢ　１{END},<Mint>/Shout B 1{END}
<Mint>／かけごえＢ　２{END},<Mint>/Shout B 2{END}
<Mint>／かけごえＢ　３{END},<Mint>/Shout B 3{END}
<Mint>／かけごえＢ　４{END},<Mint>/Shout B 4{END}
<Mint>／ごうれい　１{END},<Mint>/Command 1{END}
<Mint>／ごうれい　２{END},<Mint>/Command 2{END}
<Mint>／ごうれい　３{END},<Mint>/Command 3{END}
<Mint>／ごうれい　４{END},<Mint>/Command 4{END}
<Mint>／ごうれい　５{END},<Mint>/Command 5{END}
<Mint>／ごうれい　６{END},<Mint>/Command 6{END}
<Mint>／ごうれい　７{END},<Mint>/Command 7{END}
<Mint>／しょうり　１{END},<Mint>/Victory 1{END}
<Mint>／しょうり　２{END},<Mint>/Victory 2{END}
<Mint>／しょうり　３{END},<Mint>/Victory 3{END}
<Mint>／しょうり　４{END},<Mint>/Victory 4{END}
<Mint>／しょうり　５{END},<Mint>/Victory 5{END}
<Mint>／じゅつまちがい　１{END},<Mint>/Mistake 1{END}
<Mint>／じゅつまちがい　２{END},<Mint>/Mistake 2{END}
<Mint>／じゅつまちがい　３{END},<Mint>/Mistake 3{END}
<Mint>／りょうかい　１{END},<Mint>/Shortcut 1{END}
<Mint>／りょうかい　２{END},<Mint>/Shortcut 2{END}
<Mint>／りょうかい　３{END},<Mint>/Shortcut 3{END}
<Mint>／ひめい　１{END},<Mint>/Injury 1{END}
<Mint>／ひめい　２{END},<Mint>/Injury 2{END}
<Mint>／ひめい　３{END},<Mint>/Injury 3{END}
<Mint>／ひめい　４{END},<Mint>/Injury 4{END}
<Mint>／ひめい　５{END},<Mint>/Injury 5{END}
<Mint>／ひめい　６{END},<Mint>/Injury 6{END}
<Mint>／ひめい　７{END},<Mint>/Injury 7{END}
<Mint>／ひめい　８{END},<Mint>/Injury 8{END}
<Mint>／ひめい　９{END},<Mint>/Injury 9{END}
<Mint>／ひめい１０{END},<Mint>/Injury 10{END}
<Mint>／ひめい１１{END},<Mint>/Injury 11{END}
<Mint>／ひめい１２{END},<Mint>/Injury 12{END}
<Mint>／ひめい１３{END},<Mint>/Injury 13{END}
<Mint>／ひめい１４{END},<Mint>/Injury 14{END}
<Mint>／ほうじゅつ　１{END},<Mint>/Clerical Arte 1{END}
<Mint>／ほうじゅつ　２{END},<Mint>/Clerical Arte 2{END}
<Mint>／ほうじゅつ　３{END},<Mint>/Clerical Arte 3{END}
<Mint>／ほうじゅつ　４{END},<Mint>/Clerical Arte 4{END}
<Mint>／ほうじゅつ　５{END},<Mint>/Clerical Arte 5{END}
<Mint>／ほうじゅつ　６{END},<Mint>/Clerical Arte 6{END}
<Mint>／ほうじゅつ　７{END},<Mint>/Clerical Arte 7{END}
<Mint>／ほうじゅつ　８{END},<Mint>/Clerical Arte 8{END}
<Mint>／ほうじゅつ　９{END},<Mint>/Clerical Arte 9{END}
<Mint>／ほうじゅつ１０{END},<Mint>/Clerical Arte 10{END}
<Mint>／ほうじゅつ１１{END},<Mint>/Clerical Arte 11{END}
<Mint>／ほうじゅつ１２{END},<Mint>/Clerical Arte 12{END}
<Mint>／ほうじゅつ１３{END},<Mint>/Clerical Arte 13{END}
<Mint>／ほうじゅつ１４{END},<Mint>/Clerical Arte 14{END}
<Mint>／ほうじゅつ１５{END},<Mint>/Clerical Arte 15{END}
<Mint>／ほうじゅつ１６{END},<Mint>/Clerical Arte 16{END}
<Mint>／ほうじゅつ１７{END},<Mint>/Clerical Arte 17{END}
<Mint>／ほうじゅつ１８{END},<Mint>/Clerical Arte 18{END}
<Mint>／ほうじゅつ１９{END},<Mint>/Clerical Arte 19{END}
<Mint>／ほうじゅつ２０{END},<Mint>/Clerical Arte 20{END}
<Mint>／ほうじゅつ２１{END},<Mint>/Clerical Arte 21{END}
<Arche>／かけごえＡ　１{END},<Arche>/Shout A 1{END}
<Arche>／かけごえＡ　２{END},<Arche>/Shout A 2{END}
<Arche>／かけごえＡ　３{END},<Arche>/Shout A 3{END}
<Arche>／かけごえＡ　４{END},<Arche>/Shout A 4{END}
<Arche>／かけごえＡ　５{END},<Arche>/Shout A 5{END}
<Arche>／かけごえＡ　６{END},<Arche>/Shout A 6{END}
<Arche>／かけごえＡ　７{END},<Arche>/Shout A 7{END}
<Arche>／かけごえＡ　８{END},<Arche>/Shout A 8{END}
<Arche>／かけごえＡ　９{END},<Arche>/Shout A 9{END}
<Arche>／かけごえＡ１０{END},<Arche>/Shout A 10{END}
<Arche>／かけごえＡ１１{END},<Arche>/Shout A 11{END}
<Arche>／かけごえＢ　１{END},<Arche>/Shout B 1{END}
<Arche>／かけごえＢ　２{END},<Arche>/Shout B 2{END}
<Arche>／かけごえＢ　３{END},<Arche>/Shout B 3{END}
<Arche>／かけごえＢ　４{END},<Arche>/Shout B 4{END}
<Arche>／かけごえＢ　５{END},<Arche>/Shout B 5{END}
<Arche>／かけごえＢ　６{END},<Arche>/Shout B 6{END}
<Arche>／かけごえＢ　７{END},<Arche>/Shout B 7{END}
<Arche>／かけごえＢ　８{END},<Arche>/Shout B 8{END}
<Arche>／かけごえＢ　９{END},<Arche>/Shout B 9{END}
<Arche>／ごうれい　１{END},<Arche>/Command 1{END}
<Arche>／ごうれい　２{END},<Arche>/Command 2{END}
<Arche>／ごうれい　３{END},<Arche>/Command 3{END}
<Arche>／ごうれい　４{END},<Arche>/Command 4{END}
<Arche>／ごうれい　５{END},<Arche>/Command 5{END}
<Arche>／ごうれい　６{END},<Arche>/Command 6{END}
<Arche>／ごうれい　７{END},<Arche>/Command 7{END}
<Arche>／しょうり　１{END},<Arche>/Victory 1{END}
<Arche>／しょうり　２{END},<Arche>/Victory 2{END}
<Arche>／しょうり　３{END},<Arche>/Victory 3{END}
<Arche>／しょうり　４{END},<Arche>/Victory 4{END}
<Arche>／しょうり　５{END},<Arche>/Victory 5{END}
<Arche>／しょうり　６{END},<Arche>/Victory 6{END}
<Arche>／しょうり　７{END},<Arche>/Victory 7{END}
<Arche>／じゅつまちがい　１{END},<Arche>/Mistake 1{END}
<Arche>／じゅつまちがい　２{END},<Arche>/Mistake 2{END}
<Arche>／じゅつまちがい　３{END},<Arche>/Mistake 3{END}
<Arche>／じゅつまちがい　４{END},<Arche>/Mistake 4{END}
<Arche>／じゅつまちがい　５{END},<Arche>/Mistake 5{END}
<Arche>／じゅつまちがい　６{END},<Arche>/Mistake 6{END}
<Arche>／りょうかい　１{END},<Arche>/Shortcut 1{END}
<Arche>／りょうかい　２{END},<Arche>/Shortcut 2{END}
<Arche>／りょうかい　３{END},<Arche>/Shortcut 3{END}
<Arche>／りょうかい　４{END},<Arche>/Shortcut 4{END}
<Arche>／ひめい　１{END},<Arche>/Injury 1{END}
<Arche>／ひめい　２{END},<Arche>/Injury 2{END}
<Arche>／ひめい　３{END},<Arche>/Injury 3{END}
<Arche>／ひめい　４{END},<Arche>/Injury 4{END}
<Arche>／ひめい　５{END},<Arche>/Injury 5{END}
<Arche>／ひめい　６{END},<Arche>/Injury 6{END}
<Arche>／ひめい　７{END},<Arche>/Injury 7{END}
<Arche>／ひめい　８{END},<Arche>/Injury 8{END}
<Arche>／ひめい　９{END},<Arche>/Injury 9{END}
<Arche>／ひめい１０{END},<Arche>/Injury 10{END}
<Arche>／ひめい１１{END},<Arche>/Injury 11{END}
<Arche>／ひめい１２{END},<Arche>/Injury 12{END}
<Arche>／ひめい１３{END},<Arche>/Injury 13{END}
<Arche>／ひめい１４{END},<Arche>/Injury 14{END}
<Arche>／ひめい１５{END},<Arche>/Injury 15{END}
<Arche>／ひめい１６{END},<Arche>/Injury 16{END}
<Arche>／ひめい１７{END},<Arche>/Injury 17{END}
<Arche>／ひめい１８{END},<Arche>/Injury 18{END}
<Arche>／ひめい１９{END},<Arche>/Injury 19{END}
<Arche>／まじゅつ　１{END},<Arche>/Spell 1{END}
<Arche>／まじゅつ　２{END},<Arche>/Spell 2{END}
<Arche>／まじゅつ　３{END},<Arche>/Spell 3{END}
<Arche>／まじゅつ　４{END},<Arche>/Spell 4{END}
<Arche>／まじゅつ　５{END},<Arche>/Spell 5{END}
<Arche>／まじゅつ　６{END},<Arche>/Spell 6{END}
<Arche>／まじゅつ　７{END},<Arche>/Spell 7{END}
<Arche>／まじゅつ　８{END},<Arche>/Spell 8{END}
<Arche>／まじゅつ　９{END},<Arche>/Spell 9{END}
<Arche>／まじゅつ１０{END},<Arche>/Spell 10{END}
<Arche>／まじゅつ１１{END},<Arche>/Spell 11{END}
<Arche>／まじゅつ１２{END},<Arche>/Spell 12{END}
<Arche>／まじゅつ１３{END},<Arche>/Spell 13{END}
<Arche>／まじゅつ１４{END},<Arche>/Spell 14{END}
<Arche>／まじゅつ１５{END},<Arche>/Spell 15{END}
<Arche>／まじゅつ１６{END},<Arche>/Spell 16{END}
<Arche>／まじゅつ１７{END},<Arche>/Spell 17{END}
<Arche>／まじゅつ１８{END},<Arche>/Spell 18{END}
<Arche>／まじゅつ１９{END},<Arche>/Spell 19{END}
<Arche>／まじゅつ２０{END},<Arche>/Spell 20{END}
<Arche>／まじゅつ２１{END},<Arche>/Spell 21{END}
<Arche>／まじゅつ２２{END},<Arche>/Spell 22{END}
<Arche>／まじゅつ２３{END},<Arche>/Spell 23{END}
<Arche>／まじゅつ２４{END},<Arche>/Spell 24{END}
<Klarth>／かけごえＡ　１{END},<Klarth>/Shout A 1{END}
<Klarth>／かけごえＡ　２{END},<Klarth>/Shout A 2{END}
<Klarth>／かけごえＡ　３{END},<Klarth>/Shout A 3{END}
<Klarth>／かけごえＡ　４{END},<Klarth>/Shout A 4{END}
<Klarth>／かけごえＡ　５{END},<Klarth>/Shout A 5{END}
<Klarth>／かけごえＡ　６{END},<Klarth>/Shout A 6{END}
<Klarth>／かけごえＡ　７{END},<Klarth>/Shout A 7{END}
<Klarth>／かけごえＡ　８{END},<Klarth>/Shout A 8{END}
<Klarth>／かけごえＡ　９{END},<Klarth>/Shout A 9{END}
<Klarth>／かけごえＡ１０{END},<Klarth>/Shout A 10{END}
<Klarth>／かけごえＡ１１{END},<Klarth>/Shout A 11{END}
<Klarth>／かけごえＡ１２{END},<Klarth>/Shout A 12{END}
<Klarth>／かけごえＡ１３{END},<Klarth>/Shout A 13{END}
<Klarth>／かけごえＡ１４{END},<Klarth>/Shout A 14{END}
<Klarth>／かけごえＡ１５{END},<Klarth>/Shout A 15{END}
<Klarth>／かけごえＡ１６{END},<Klarth>/Shout A 16{END}
<Klarth>／かけごえＡ１７{END},<Klarth>/Shout A 17{END}
<Klarth>／かけごえＡ１８{END},<Klarth>/Shout A 18{END}
<Klarth>／かけごえＡ１９{END},<Klarth>/Shout A 19{END}
<Klarth>／かけごえＡ２０{END},<Klarth>/Shout A 20{END}
<Klarth>／かけごえＡ２１{END},<Klarth>/Shout A 21{END}
<Klarth>／かけごえＢ　１{END},<Klarth>/Shout B 1{END}
<Klarth>／かけごえＢ　２{END},<Klarth>/Shout B 2{END}
<Klarth>／かけごえＢ　３{END},<Klarth>/Shout B 3{END}
<Klarth>／かけごえＢ　４{END},<Klarth>/Shout B 4{END}
<Klarth>／かけごえＢ　５{END},<Klarth>/Shout B 5{END}
<Klarth>／かけごえＢ　６{END},<Klarth>/Shout B 6{END}
<Klarth>／かけごえＢ　７{END},<Klarth>/Shout B 7{END}
<Klarth>／かけごえＢ　８{END},<Klarth>/Shout B 8{END}
<Klarth>／かけごえＢ　９{END},<Klarth>/Shout B 9{END}
<Klarth>／かけごえＢ１０{END},<Klarth>/Shout B 10{END}
<Klarth>／かけごえＢ１１{END},<Klarth>/Shout B 11{END}
<Klarth>／ごうれい　１{END},<Klarth>/Command 1{END}
<Klarth>／ごうれい　２{END},<Klarth>/Command 2{END}
<Klarth>／ごうれい　３{END},<Klarth>/Command 3{END}
<Klarth>／ごうれい　４{END},<Klarth>/Command 4{END}
<Klarth>／ごうれい　５{END},<Klarth>/Command 5{END}
<Klarth>／ごうれい　６{END},<Klarth>/Command 6{END}
<Klarth>／ごうれい　７{END},<Klarth>/Command 7{END}
<Klarth>／しょうり　１{END},<Klarth>/Victory 1{END}
<Klarth>／しょうり　２{END},<Klarth>/Victory 2{END}
<Klarth>／しょうり　３{END},<Klarth>/Victory 3{END}
<Klarth>／しょうり　４{END},<Klarth>/Victory 4{END}
<Klarth>／しょうり　５{END},<Klarth>/Victory 5{END}
<Klarth>／しょうり　６{END},<Klarth>/Victory 6{END}
<Klarth>／りょうかい　１{END},<Klarth>/Shortcut 1{END}
<Klarth>／りょうかい　２{END},<Klarth>/Shortcut 2{END}
<Klarth>／りょうかい　３{END},<Klarth>/Shortcut 3{END}
<Klarth>／じゅつまちがい　１{END},<Klarth>/Mistake 1{END}
<Klarth>／じゅつまちがい　２{END},<Klarth>/Mistake 2{END}
<Klarth>／じゅつまちがい　３{END},<Klarth>/Mistake 3{END}
<Klarth>／ひめい　１{END},<Klarth>/Injury 1{END}
<Klarth>／ひめい　２{END},<Klarth>/Injury 2{END}
<Klarth>／ひめい　３{END},<Klarth>/Injury 3{END}
<Klarth>／ひめい　４{END},<Klarth>/Injury 4{END}
<Klarth>／ひめい　５{END},<Klarth>/Injury 5{END}
<Klarth>／ひめい　６{END},<Klarth>/Injury 6{END}
<Klarth>／ひめい　７{END},<Klarth>/Injury 7{END}
<Klarth>／ひめい　８{END},<Klarth>/Injury 8{END}
<Klarth>／ひめい　９{END},<Klarth>/Injury 9{END}
<Klarth>／ひめい１０{END},<Klarth>/Injury 10{END}
<Klarth>／ひめい１１{END},<Klarth>/Injury 11{END}
<Klarth>／ひめい１２{END},<Klarth>/Injury 12{END}
<Klarth>／ひめい１３{END},<Klarth>/Injury 13{END}
<Klarth>／ひめい１４{END},<Klarth>/Injury 14{END}
<Klarth>／ひめい１５{END},<Klarth>/Injury 15{END}
<Klarth>／しょうかん　１{END},<Klarth>/Summon 1{END}
<Klarth>／しょうかん　２{END},<Klarth>/Summon 2{END}
<Klarth>／しょうかん　３{END},<Klarth>/Summon 3{END}
<Klarth>／しょうかん　４{END},<Klarth>/Summon 4{END}
<Klarth>／しょうかん　５{END},<Klarth>/Summon 5{END}
<Klarth>／しょうかん　６{END},<Klarth>/Summon 6{END}
<Klarth>／しょうかん　７{END},<Klarth>/Summon 7{END}
<Klarth>／しょうかん　８{END},<Klarth>/Summon 8{END}
<Klarth>／しょうかん　９{END},<Klarth>/Summon 9{END}
<Klarth>／しょうかん１０{END},<Klarth>/Summon 10{END}
<Klarth>／しょうかん１１{END},<Klarth>/Summon 11{END}
<Klarth>／しょうかん１２{END},<Klarth>/Summon 12{END}
<Chester>／かけごえＡ　１{END},<Chester>/Shout A 1{END}
<Chester>／かけごえＡ　２{END},<Chester>/Shout A 2{END}
<Chester>／かけごえＡ　３{END},<Chester>/Shout A 3{END}
<Chester>／かけごえＡ　４{END},<Chester>/Shout A 4{END}
<Chester>／かけごえＡ　５{END},<Chester>/Shout A 5{END}
<Chester>／かけごえＡ　６{END},<Chester>/Shout A 6{END}
<Chester>／かけごえＡ　７{END},<Chester>/Shout A 7{END}
<Chester>／かけごえＡ　８{END},<Chester>/Shout A 8{END}
<Chester>／かけごえＡ　９{END},<Chester>/Shout A 9{END}
<Chester>／かけごえＡ１０{END},<Chester>/Shout A 10{END}
<Chester>／かけごえＡ１１{END},<Chester>/Shout A 11{END}
<Chester>／かけごえＡ１２{END},<Chester>/Shout A 12{END}
<Chester>／かけごえＡ１３{END},<Chester>/Shout A 13{END}
<Chester>／かけごえＡ１４{END},<Chester>/Shout A 14{END}
<Chester>／かけごえＡ１５{END},<Chester>/Shout A 15{END}
<Chester>／かけごえＡ１６{END},<Chester>/Shout A 16{END}
<Chester>／かけごえＡ１７{END},<Chester>/Shout A 17{END}
<Chester>／かけごえＡ１８{END},<Chester>/Shout A 18{END}
<Chester>／かけごえＡ１９{END},<Chester>/Shout A 19{END}
<Chester>／かけごえＡ２０{END},<Chester>/Shout A 20{END}
<Chester>／かけごえＡ２１{END},<Chester>/Shout A 21{END}
<Chester>／かけごえＡ２２{END},<Chester>/Shout A 22{END}
<Chester>／かけごえＢ　１{END},<Chester>/Shout B 1{END}
<Chester>／かけごえＢ　２{END},<Chester>/Shout B 2{END}
<Chester>／かけごえＢ　３{END},<Chester>/Shout B 3{END}
<Chester>／かけごえＢ　４{END},<Chester>/Shout B 4{END}
<Chester>／かけごえＢ　５{END},<Chester>/Shout B 5{END}
<Chester>／かけごえＢ　６{END},<Chester>/Shout B 6{END}
<Chester>／かけごえＢ　７{END},<Chester>/Shout B 7{END}
<Chester>／かけごえＢ　８{END},<Chester>/Shout B 8{END}
<Chester>／かけごえＢ　９{END},<Chester>/Shout B 9{END}
<Chester>／かけごえＢ１０{END},<Chester>/Shout B 10{END}
<Chester>／かけごえＢ１１{END},<Chester>/Shout B 11{END}
<Chester>／かけごえＢ１２{END},<Chester>/Shout B 12{END}
<Chester>／かけごえＢ１３{END},<Chester>/Shout B 13{END}
<Chester>／かけごえＢ１４{END},<Chester>/Shout B 14{END}
<Chester>／かけごえＢ１５{END},<Chester>/Shout B 15{END}
<Chester>／かけごえＢ１６{END},<Chester>/Shout B 16{END}
<Chester>／かけごえＢ１７{END},<Chester>/Shout B 17{END}
<Chester>／かけごえＢ１８{END},<Chester>/Shout B 18{END}
<Chester>／かけごえＢ１９{END},<Chester>/Shout B 19{END}
<Chester>／かけごえＢ２０{END},<Chester>/Shout B 20{END}
<Chester>／かけごえＢ２１{END},<Chester>/Shout B 21{END}
<Chester>／ごうれい　１{END},<Chester>/Command 1{END}
<Chester>／ごうれい　２{END},<Chester>/Command 2{END}
<Chester>／ごうれい　３{END},<Chester>/Command 3{END}
<Chester>／ごうれい　４{END},<Chester>/Command 4{END}
<Chester>／ごうれい　５{END},<Chester>/Command 5{END}
<Chester>／ごうれい　６{END},<Chester>/Command 6{END}
<Chester>／ごうれい　７{END},<Chester>/Command 7{END}
<Chester>／しょうり　１{END},<Chester>/Victory 1{END}
<Chester>／しょうり　２{END},<Chester>/Victory 2{END}
<Chester>／しょうり　３{END},<Chester>/Victory 3{END}
<Chester>／しょうり　４{END},<Chester>/Victory 4{END}
<Chester>／しょうり　５{END},<Chester>/Victory 5{END}
<Chester>／りょうかい　１{END},<Chester>/Shortcut 1{END}
<Chester>／りょうかい　２{END},<Chester>/Shortcut 2{END}
<Chester>／りょうかい　３{END},<Chester>/Shortcut 3{END}
<Chester>／ひめい　１{END},<Chester>/Injury 1{END}
<Chester>／ひめい　２{END},<Chester>/Injury 2{END}
<Chester>／ひめい　３{END},<Chester>/Injury 3{END}
<Chester>／ひめい　４{END},<Chester>/Injury 4{END}
<Chester>／ひめい　５{END},<Chester>/Injury 5{END}
<Chester>／ひめい　６{END},<Chester>/Injury 6{END}
<Chester>／ひめい　７{END},<Chester>/Injury 7{END}
<Chester>／ひめい　８{END},<Chester>/Injury 8{END}
<Chester>／ひめい　９{END},<Chester>/Injury 9{END}
<Chester>／ひめい１０{END},<Chester>/Injury 10{END}
<Chester>／ひめい１１{END},<Chester>/Injury 11{END}
<Chester>／ひめい１２{END},<Chester>/Injury 12{END}
<Chester>／ひめい１３{END},<Chester>/Injury 13{END}
<Chester>／ひめい１４{END},<Chester>/Injury 14{END}
<Chester>／ひめい１５{END},<Chester>/Injury 15{END}
<Chester>／わざ　１{END},<Chester>/Arte 1{END}
<Chester>／わざ　２{END},<Chester>/Arte 2{END}
<Chester>／わざ　３{END},<Chester>/Arte 3{END}
<Chester>／わざ　４{END},<Chester>/Arte 4{END}
<Chester>／わざ　５{END},<Chester>/Arte 5{END}
<Chester>／わざ　６{END},<Chester>/Arte 6{END}
<Chester>／わざ　７{END},<Chester>/Arte 7{END}
<Chester>／わざ　８{END},<Chester>/Arte 8{END}
<Chester>／わざ　９{END},<Chester>/Arte 9{END}
<Chester>／わざ１０{END},<Chester>/Arte 10{END}
<Chester>／わざ１１{END},<Chester>/Arte 11{END}
<Chester>／わざ１２{END},<Chester>/Arte 12{END}
<Chester>／わざ１３{END},<Chester>/Arte 13{END}
<Chester>／わざ１４{END},<Chester>/Arte 14{END}
<Suzu>／かけごえＡ　１{END},<Suzu>/Shout A 1{END}
<Suzu>／かけごえＡ　２{END},<Suzu>/Shout A 2{END}
<Suzu>／かけごえＡ　３{END},<Suzu>/Shout A 3{END}
<Suzu>／かけごえＡ　４{END},<Suzu>/Shout A 4{END}
<Suzu>／かけごえＡ　５{END},<Suzu>/Shout A 5{END}
<Suzu>／かけごえＡ　６{END},<Suzu>/Shout A 6{END}
<Suzu>／かけごえＡ　７{END},<Suzu>/Shout A 7{END}
<Suzu>／かけごえＡ　８{END},<Suzu>/Shout A 8{END}
<Suzu>／かけごえＡ　９{END},<Suzu>/Shout A 9{END}
<Suzu>／かけごえＡ１０{END},<Suzu>/Shout A 10{END}
<Suzu>／かけごえＡ１１{END},<Suzu>/Shout A 11{END}
<Suzu>／かけごえＡ１２{END},<Suzu>/Shout A 12{END}
<Suzu>／かけごえＡ１３{END},<Suzu>/Shout A 13{END}
<Suzu>／かけごえＡ１４{END},<Suzu>/Shout A 14{END}
<Suzu>／かけごえＡ１５{END},<Suzu>/Shout A 15{END}
<Suzu>／かけごえＡ１６{END},<Suzu>/Shout A 16{END}
<Suzu>／かけごえＡ１７{END},<Suzu>/Shout A 17{END}
<Suzu>／かけごえＡ１８{END},<Suzu>/Shout A 18{END}
<Suzu>／かけごえＡ１９{END},<Suzu>/Shout A 19{END}
<Suzu>／かけごえＡ２０{END},<Suzu>/Shout A 20{END}
<Suzu>／かけごえＢ　１{END},<Suzu>/Shout B1{END}
<Suzu>／かけごえＢ　２{END},<Suzu>/Shout B2{END}
<Suzu>／かけごえＢ　３{END},<Suzu>/Shout B3{END}
<Suzu>／かけごえＢ　４{END},<Suzu>/Shout B4{END}
<Suzu>／かけごえＢ　５{END},<Suzu>/Shout B5{END}
<Suzu>／かけごえＢ　６{END},<Suzu>/Shout B6{END}
<Suzu>／かけごえＢ　７{END},<Suzu>/Shout B7{END}
<Suzu>／かけごえＢ　８{END},<Suzu>/Shout B8{END}
<Suzu>／かけごえＢ　９{END},<Suzu>/Shout B9{END}
<Suzu>／かけごえＢ１０{END},<Suzu>/Shout B10{END}
<Suzu>／かけごえＢ１１{END},<Suzu>/Shout B11{END}
<Suzu>／かけごえＢ１２{END},<Suzu>/Shout B12{END}
<Suzu>／ごうれい　１{END},<Suzu>/Command 1{END}
<Suzu>／ごうれい　２{END},<Suzu>/Command 2{END}
<Suzu>／ごうれい　３{END},<Suzu>/Command 3{END}
<Suzu>／ごうれい　４{END},<Suzu>/Command 4{END}
<Suzu>／ごうれい　５{END},<Suzu>/Command 5{END}
<Suzu>／ごうれい　６{END},<Suzu>/Command 6{END}
<Suzu>／ごうれい　７{END},<Suzu>/Command 7{END}
<Suzu>／しょうり　１{END},<Suzu>/Victory 1{END}
<Suzu>／しょうり　２{END},<Suzu>/Victory 2{END}
<Suzu>／しょうり　３{END},<Suzu>/Victory 3{END}
<Suzu>／しょうり　４{END},<Suzu>/Victory 4{END}
<Suzu>／しょうり　５{END},<Suzu>/Victory 5{END}
<Suzu>／しょうり　６{END},<Suzu>/Victory 6{END}
<Suzu>／りょうかい　１{END},<Suzu>/Shortcut 1{END}
<Suzu>／りょうかい　２{END},<Suzu>/Shortcut 2{END}
<Suzu>／りょうかい　３{END},<Suzu>/Shortcut 3{END}
<Suzu>／ひめい　１{END},<Suzu>/Injury 1{END}
<Suzu>／ひめい　２{END},<Suzu>/Injury 2{END}
<Suzu>／ひめい　３{END},<Suzu>/Injury 3{END}
<Suzu>／ひめい　４{END},<Suzu>/Injury 4{END}
<Suzu>／ひめい　５{END},<Suzu>/Injury 5{END}
<Suzu>／ひめい　６{END},<Suzu>/Injury 6{END}
<Suzu>／ひめい　７{END},<Suzu>/Injury 7{END}
<Suzu>／ひめい　８{END},<Suzu>/Injury 8{END}
<Suzu>／ひめい　９{END},<Suzu>/Injury 9{END}
<Suzu>／ひめい１０{END},<Suzu>/Injury 10{END}
<Suzu>／ひめい１１{END},<Suzu>/Injury 11{END}
<Suzu>／ひめい１２{END},<Suzu>/Injury 12{END}
<Suzu>／ひめい１３{END},<Suzu>/Injury 13{END}
<Suzu>／ひめい１４{END},<Suzu>/Injury 14{END}
<Suzu>／ひめい１５{END},<Suzu>/Injury 15{END}
<Suzu>／にんじゅつ　１{END},<Suzu>/Ninjutsu 1{END}
<Suzu>／にんじゅつ　２{END},<Suzu>/Ninjutsu 2{END}
<Suzu>／にんじゅつ　３{END},<Suzu>/Ninjutsu 3{END}
<Suzu>／にんじゅつ　４{END},<Suzu>/Ninjutsu 4{END}
<Suzu>／にんじゅつ　５{END},<Suzu>/Ninjutsu 5{END}
<Suzu>／にんじゅつ　６{END},<Suzu>/Ninjutsu 6{END}
<Suzu>／にんじゅつ　７{END},<Suzu>/Ninjutsu 7{END}
<Suzu>／にんじゅつ　８{END},<Suzu>/Ninjutsu 8{END}
<Suzu>／にんじゅつ　９{END},<Suzu>/Ninjutsu 9{END}
<Suzu>／にんじゅつ１０{END},<Suzu>/Ninjutsu 10{END}
<Suzu>／にんじゅつ１１{END},<Suzu>/Ninjutsu 11{END}
<Suzu>／にんじゅつ１２{END},<Suzu>/Ninjutsu 12{END}
<Suzu>／にんじゅつ１３{END},<Suzu>/Ninjutsu 13{END}
<Suzu>／にんじゅつ１４{END},<Suzu>/Ninjutsu 14{END}
<Suzu>／にんじゅつ１５{END},<Suzu>/Ninjutsu 15{END}
<Suzu>／にんじゅつ１６{END},<Suzu>/Ninjutsu 16{END}
<Suzu>／にんじゅつ１７{END},<Suzu>/Ninjutsu 17{END}
<Suzu>／にんじゅつ１８{END},<Suzu>/Ninjutsu 18{END}
<Suzu>／にんじゅつ１９{END},<Suzu>/Ninjutsu 19{END}
<Suzu>／にんじゅつ２０{END},<Suzu>/Ninjutsu 20{END}
<Suzu>／にんじゅつ２１{END},<Suzu>/Ninjutsu 21{END}
<Suzu>／にんじゅつ２２{END},<Suzu>/Ninjutsu 22{END}
<Suzu>／にんじゅつ２３{END},<Suzu>/Ninjutsu 23{END}
<Suzu>／にんじゅつ２４{END},<Suzu>/Ninjutsu 24{END}
<Suzu>／にんじゅつ２５{END},<Suzu>/Ninjutsu 25{END}
<Suzu>／にんじゅつ２６{END},<Suzu>/Ninjutsu 26{END}
<Suzu>／にんじゅつ２７{END},<Suzu>/Ninjutsu 27{END}
<Suzu>／にんじゅつ２８{END},<Suzu>/Ninjutsu 28{END}
ダオス／かけごえＡ　１{END},Dhaos/Shout A 1{END}
ダオス／かけごえＡ　２{END},Dhaos/Shout A 2{END}
ダオス／かけごえＡ　３{END},Dhaos/Shout A 3{END}
ダオス／かけごえＡ　４{END},Dhaos/Shout A 4{END}
ダオス／かけごえＡ　５{END},Dhaos/Shout A 5{END}
ダオス／かけごえＡ　６{END},Dhaos/Shout A 6{END}
ダオス／かけごえＡ　７{END},Dhaos/Shout A 7{END}
ダオス／かけごえＡ　８{END},Dhaos/Shout A 8{END}
ダオス／かけごえＡ　９{END},Dhaos/Shout A 9{END}
ダオス／かけごえＡ１０{END},Dhaos/Shout A 10{END}
ダオス／かけごえＡ１１{END},Dhaos/Shout A 11{END}
ダオス／かけごえＡ１２{END},Dhaos/Shout A 12{END}
ダオス／かけごえＡ１３{END},Dhaos/Shout A 13{END}
ダオス／かけごえＡ１４{END},Dhaos/Shout A 14{END}
ダオス／かけごえＡ１５{END},Dhaos/Shout A 15{END}
ダオス／かけごえＡ１６{END},Dhaos/Shout A 16{END}
ダオス／かけごえＡ１７{END},Dhaos/Shout A 17{END}
ダオス／かけごえＢ　１{END},Dhaos/Shout B 1{END}
ダオス／かけごえＢ　２{END},Dhaos/Shout B 2{END}
ダオス／かけごえＢ　３{END},Dhaos/Shout B 3{END}
ダオス／かけごえＢ　４{END},Dhaos/Shout B 4{END}
ダオス／かけごえＢ　５{END},Dhaos/Shout B 5{END}
ダオス／かけごえＢ　６{END},Dhaos/Shout B 6{END}
ダオス／かけごえＢ　７{END},Dhaos/Shout B 7{END}
ダオス／かけごえＢ　８{END},Dhaos/Shout B 8{END}
ダオス／かけごえＢ　９{END},Dhaos/Shout B 9{END}
ダオス／かけごえＢ１０{END},Dhaos/Shout B 10{END}
ダオス／かけごえＢ１１{END},Dhaos/Shout B 11{END}
ダオス／しょうり　１{END},Dhaos/Victory 1{END}
ダオス／しょうり　２{END},Dhaos/Victory 2{END}
ダオス／しょうり　３{END},Dhaos/Victory 3{END}
ダオス／ひめい　１{END},Dhaos/Injury 1{END}
ダオス／ひめい　２{END},Dhaos/Injury 2{END}
ダオス／ひめい　３{END},Dhaos/Injury 3{END}
ダオス／ひめい　４{END},Dhaos/Injury 4{END}
ダオス／ひめい　５{END},Dhaos/Injury 5{END}
ダオス／ひめい　６{END},Dhaos/Injury 6{END}
ダオス／ひめい　７{END},Dhaos/Injury 7{END}
ダオス／ひめい　８{END},Dhaos/Injury 8{END}
ダオス／ひめい　９{END},Dhaos/Injury 9{END}
ダオス／ひめい１０{END},Dhaos/Injury 10{END}
ダオス／ひめい１１{END},Dhaos/Injury 11{END}
ダオス／ひめい１２{END},Dhaos/Injury 12{END}
ダオス／ひめい１３{END},Dhaos/Injury 13{END}
ダオス／ひめい１４{END},Dhaos/Injury 14{END}
ダオス／ひめい１５{END},Dhaos/Injury 15{END}
ダオス／わざ　１{END},Dhaos/Arte 1{END}
ダオス／わざ　２{END},Dhaos/Arte 2{END}
ダオス／わざ　３{END},Dhaos/Arte 3{END}
ダオス／わざ　４{END},Dhaos/Arte 4{END}
ダオス／わざ　５{END},Dhaos/Arte 5{END}
ダオス／わざ　６{END},Dhaos/Arte 6{END}
ダオス／わざ　７{END},Dhaos/Arte 7{END}
ダオス／わざ　８{END},Dhaos/Arte 8{END}
ダオス／わざ　９{END},Dhaos/Arte 9{END}
ダオス／じゅつ　１{END},Dhaos/Spell 1{END}
ダオス／じゅつ　２{END},Dhaos/Spell 2{END}
ダオス／じゅつ　３{END},Dhaos/Spell 3{END}
ダオス／じゅつ　４{END},Dhaos/Spell 4{END}
ダオス／じゅつ　５{END},Dhaos/Spell 5{END}
ダオス／じゅつ　６{END},Dhaos/Spell 6{END}
ダオス／じゅつ　７{END},Dhaos/Spell 7{END}
ダオス／じゅつ　８{END},Dhaos/Spell 8{END}
ダオス／じゅつ　９{END},Dhaos/Spell 9{END}
ダオス／じゅつ１０{END},Dhaos/Spell 10{END}
ダオス／じゅつ１１{END},Dhaos/Spell 11{END}
ダオス／じゅつ１２{END},Dhaos/Spell 12{END}
ダオス／じゅつ１３{END},Dhaos/Spell 13{END}
ダオス／じゅつ１４{END},Dhaos/Spell 14{END}
ダオス／じゅつ１５{END},Dhaos/Spell 15{END}
ダオス／じゅつ１６{END},Dhaos/Spell 16{END}
ダオス／じゅつ１７{END},Dhaos/Spell 17{END}
ダオス／じゅつ１８{END},Dhaos/Spell 18{END}
ダオス／じゅつ１９{END},Dhaos/Spell 19{END}
ダオス／じゅつ２０{END},Dhaos/Spell 20{END}
ダオス／じゅつ２１{END},Dhaos/Spell 21{END}
ダオス／じゅつ２２{END},Dhaos/Spell 22{END}
ダオス／じゅつ２３{END},Dhaos/Spell 23{END}
ダオス／じゅつ２４{END},Dhaos/Spell 24{END}
ダオス／じゅつ２５{END},Dhaos/Spell 25{END}
ダオス／じゅつ２６{END},Dhaos/Spell 26{END}
ダオス／じゅつ２７{END},Dhaos/Spell 27{END}
ダオス／じゅつ２８{END},Dhaos/Spell 28{END}
ダオス／じゅつ２９{END},Dhaos/Spell 29{END}
ダオス／じゅつ３０{END},Dhaos/Spell 30{END}
ダオス／じゅつ３１{END},Dhaos/Spell 31{END}
ダオス／じゅつ３２{END},Dhaos/Spell 32{END}
ダオス／じゅつ３３{END},Dhaos/Spell 33{END}
ダオス／じゅつ３４{END},Dhaos/Spell 34{END}
ダオス／じゅつ３５{END},Dhaos/Spell 35{END}
ダオス／じゅつ３６{END},Dhaos/Spell 36{END}
ダオス／じゅつ３７{END},Dhaos/Spell 37{END}
ダオス／じゅつ３８{END},Dhaos/Spell 38{END}
ダオス／じゅつ３９{END},Dhaos/Spell 39{END}
ダオス／じゅつ４０{END},Dhaos/Spell 40{END}
ダオス／じゅつ４１{END},Dhaos/Spell 41{END}
ダオス／じゅつ４２{END},Dhaos/Spell 42{END}
ダオス／じゅつ４３{END},Dhaos/Spell 43{END}
ダオス／じゅつ４４{END},Dhaos/Spell 44{END}
ダオス／じゅつ４５{END},Dhaos/Spell 45{END}
デミテル／かけごえＡ　１{END},Demeter/Shout A 1{END}
デミテル／かけごえＡ　２{END},Demeter/Shout A 2{END}
デミテル／かけごえＡ　３{END},Demeter/Shout A 3{END}
デミテル／かけごえＡ　４{END},Demeter/Shout A 4{END}
デミテル／かけごえＡ　５{END},Demeter/Shout A 5{END}
デミテル／かけごえＡ　６{END},Demeter/Shout A 6{END}
デミテル／かけごえＡ　７{END},Demeter/Shout A 7{END}
デミテル／かけごえＡ　８{END},Demeter/Shout A 8{END}
デミテル／かけごえＡ　９{END},Demeter/Shout A 9{END}
デミテル／かけごえＡ１０{END},Demeter/Shout A 10{END}
デミテル／かけごえＡ１１{END},Demeter/Shout A 11{END}
デミテル／かけごえＡ１２{END},Demeter/Shout A 12{END}
デミテル／かけごえＡ１３{END},Demeter/Shout A 13{END}
デミテル／かけごえＡ１４{END},Demeter/Shout A 14{END}
デミテル／かけごえＡ１５{END},Demeter/Shout A 15{END}
デミテル／かけごえＡ１６{END},Demeter/Shout A 16{END}
デミテル／かけごえＡ１７{END},Demeter/Shout A 17{END}
デミテル／かけごえＡ１８{END},Demeter/Shout A 18{END}
デミテル／かけごえＢ　１{END},Demeter/Shout B 1{END}
デミテル／かけごえＢ　２{END},Demeter/Shout B 2{END}
デミテル／かけごえＢ　３{END},Demeter/Shout B 3{END}
デミテル／かけごえＢ　４{END},Demeter/Shout B 4{END}
デミテル／かけごえＢ　５{END},Demeter/Shout B 5{END}
デミテル／かけごえＢ　６{END},Demeter/Shout B 6{END}
デミテル／ひめい　１{END},Demeter/Shriek 1{END}
デミテル／ひめい　２{END},Demeter/Shriek 2{END}
デミテル／ひめい　３{END},Demeter/Shriek 3{END}
デミテル／ひめい　４{END},Demeter/Shriek 4{END}
デミテル／ひめい　５{END},Demeter/Shriek 5{END}
デミテル／ひめい　６{END},Demeter/Shriek 6{END}
デミテル／ひめい　７{END},Demeter/Shriek 7{END}
デミテル／ひめい　８{END},Demeter/Shriek 8{END}
デミテル／ひめい　９{END},Demeter/Shriek 9{END}
デミテル／ひめい１０{END},Demeter/Shriek 10{END}
デミテル／ひめい１１{END},Demeter/Shriek 11{END}
デミテル／ひめい１２{END},Demeter/Shriek 12{END}
デミテル／ひめい１３{END},Demeter/Shriek 13{END}
ジャミル／かけごえＡ　１{END},Jahmir/Shout A 1{END}
ジャミル／かけごえＡ　２{END},Jahmir/Shout A 2{END}
ジャミル／かけごえＡ　３{END},Jahmir/Shout A 3{END}
ジャミル／かけごえＡ　４{END},Jahmir/Shout A 4{END}
ジャミル／かけごえＡ　５{END},Jahmir/Shout A 5{END}
ジャミル／かけごえＡ　６{END},Jahmir/Shout A 6{END}
ジャミル／かけごえＡ　７{END},Jahmir/Shout A 7{END}
ジャミル／かけごえＡ　８{END},Jahmir/Shout A 8{END}
ジャミル／かけごえＡ　９{END},Jahmir/Shout A 9{END}
ジャミル／かけごえＡ１０{END},Jahmir/Shout A 10{END}
ジャミル／かけごえＢ　１{END},Jahmir/Shout B 1{END}
ジャミル／かけごえＢ　２{END},Jahmir/Shout B 2{END}
ジャミル／かけごえＢ　３{END},Jahmir/Shout B 3{END}
ジャミル／かけごえＢ　４{END},Jahmir/Shout B 4{END}
ジャミル／かけごえＢ　５{END},Jahmir/Shout B 5{END}
ジャミル／かけごえＢ　６{END},Jahmir/Shout B 6{END}
ジャミル／かけごえＢ　７{END},Jahmir/Shout B 7{END}
ジャミル／わらいごえ　１{END},Jahmir/Laugh 1{END}
ジャミル／じゅつ　１{END},Jahmir/Spell 1{END}
ジャミル／じゅつ　２{END},Jahmir/Spell 2{END}
ジャミル／じゅつ　３{END},Jahmir/Spell 3{END}
ジャミル／じゅつ　４{END},Jahmir/Spell 4{END}
ジャミル／じゅつ　５{END},Jahmir/Spell 5{END}
ジャミル／じゅつ　６{END},Jahmir/Spell 6{END}
ジャミル／じゅつ　７{END},Jahmir/Spell 7{END}
ジャミル／じゅつ　８{END},Jahmir/Spell 8{END}
ジャミル／じゅつ　９{END},Jahmir/Spell 9{END}
ジャミル／じゅつ１０{END},Jahmir/Spell 10{END}
ジャミル／じゅつ１１{END},Jahmir/Spell 11{END}
ジャミル／ひめい　１{END},Jahmir/Shriek 1{END}
ジャミル／ひめい　２{END},Jahmir/Shriek 2{END}
ジャミル／ひめい　３{END},Jahmir/Shriek 3{END}
ジャミル／ひめい　４{END},Jahmir/Shriek 4{END}
ジャミル／ひめい　５{END},Jahmir/Shriek 5{END}
ジャミル／ひめい　６{END},Jahmir/Shriek 6{END}
ジャミル／ひめい　７{END},Jahmir/Shriek 7{END}
ジャミル／ひめい　８{END},Jahmir/Shriek 8{END}
イフリート／かけごえＡ　１{END},Efreet/Shout A 1{END}
イフリート／かけごえＡ　２{END},Efreet/Shout A 2{END}
イフリート／かけごえＡ　３{END},Efreet/Shout A 3{END}
イフリート／かけごえＡ　４{END},Efreet/Shout A 4{END}
イフリート／かけごえＡ　５{END},Efreet/Shout A 5{END}
イフリート／かけごえＡ　６{END},Efreet/Shout A 6{END}
イフリート／かけごえＡ　７{END},Efreet/Shout A 7{END}
イフリート／かけごえＡ　８{END},Efreet/Shout A 8{END}
イフリート／かけごえＡ　９{END},Efreet/Shout A 9{END}
イフリート／かけごえＡ１０{END},Efreet/Shout A10{END}
イフリート／かけごえＢ　１{END},Efreet/Shout B 1{END}
イフリート／かけごえＢ　２{END},Efreet/Shout B 2{END}
イフリート／かけごえＢ　３{END},Efreet/Shout B 3{END}
イフリート／かけごえＢ　４{END},Efreet/Shout B 4{END}
イフリート／かけごえＢ　５{END},Efreet/Shout B 5{END}
イフリート／かけごえＢ　６{END},Efreet/Shout B 6{END}
イフリート／じゅつ　１{END},Efreet/Arte 1{END}
イフリート／じゅつ　２{END},Efreet/Arte 2{END}
イフリート／じゅつ　３{END},Efreet/Arte 3{END}
イフリート／じゅつ　４{END},Efreet/Arte 4{END}
イフリート／じゅつ　５{END},Efreet/Arte 5{END}
イフリート／じゅつ　６{END},Efreet/Arte 6{END}
イフリート／じゅつ　７{END},Efreet/Arte 7{END}
イフリート／ひめい　１{END},Efreet/Shriek 1{END}
イフリート／ひめい　２{END},Efreet/Shriek 2{END}
イフリート／ひめい　３{END},Efreet/Shriek 3{END}
イフリート／ひめい　４{END},Efreet/Shriek 4{END}
イフリート／ひめい　５{END},Efreet/Shriek 5{END}
イフリート／ひめい　６{END},Efreet/Shriek 6{END}
イフリート／ひめい　７{END},Efreet/Shriek 7{END}
イフリート／ひめい　８{END},Efreet/Shriek 8{END}
ウンディーネ／かけごえＡ　１{END},Undine/Shout A 1{END}
ウンディーネ／かけごえＡ　２{END},Undine/Shout A 2{END}
ウンディーネ／かけごえＡ　３{END},Undine/Shout A 3{END}
ウンディーネ／かけごえＡ　４{END},Undine/Shout A 4{END}
ウンディーネ／かけごえＡ　５{END},Undine/Shout A 5{END}
ウンディーネ／かけごえＡ　６{END},Undine/Shout A 6{END}
ウンディーネ／かけごえＡ　７{END},Undine/Shout A 7{END}
ウンディーネ／かけごえＡ　８{END},Undine/Shout A 8{END}
ウンディーネ／かけごえＡ　９{END},Undine/Shout A 9{END}
ウンディーネ／かけごえＡ１０{END},Undine/Shout A10{END}
ウンディーネ／かけごえＢ　１{END},Undine/Shout B 1{END}
ウンディーネ／かけごえＢ　２{END},Undine/Shout B 2{END}
ウンディーネ／かけごえＢ　３{END},Undine/Shout B 3{END}
ウンディーネ／かけごえＢ　４{END},Undine/Shout B 4{END}
ウンディーネ／かけごえＢ　５{END},Undine/Shout B 5{END}
ウンディーネ／かけごえＢ　６{END},Undine/Shout B 6{END}
ウンディーネ／かけごえＢ　７{END},Undine/Shout B 7{END}
ウンディーネ／かけごえＢ　８{END},Undine/Shout B 8{END}
ウンディーネ／かけごえＢ　９{END},Undine/Shout B 9{END}
ウンディーネ／じゅつ　１{END},Undine/Arte 1{END}
ウンディーネ／じゅつ　２{END},Undine/Arte 2{END}
ウンディーネ／じゅつ　３{END},Undine/Arte 3{END}
ウンディーネ／じゅつ　４{END},Undine/Arte 4{END}
ウンディーネ／じゅつ　５{END},Undine/Arte 5{END}
ウンディーネ／じゅつ　６{END},Undine/Arte 6{END}
ウンディーネ／ひめい　１{END},Undine/Shriek 1{END}
ウンディーネ／ひめい　２{END},Undine/Shriek 2{END}
ウンディーネ／ひめい　３{END},Undine/Shriek 3{END}
ウンディーネ／ひめい　４{END},Undine/Shriek 4{END}
ウンディーネ／ひめい　５{END},Undine/Shriek 5{END}
ウンディーネ／ひめい　６{END},Undine/Shriek 6{END}
ウンディーネ／ひめい　７{END},Undine/Shriek 7{END}
ウンディーネ／ひめい　８{END},Undine/Shriek 8{END}
ウンディーネ／ひめい　９{END},Undine/Shriek 9{END}
ウンディーネ／ひめい１０{END},Undine/Shriek 10{END}
ウンディーネ／ひめい１１{END},Undine/Shriek 11{END}
ウンディーネ／ひめい１２{END},Undine/Shriek 12{END}
ウンディーネ／ひめい１３{END},Undine/Shriek 13{END}
てきはんようおとこＡ／かけごえ　１{END},Half-Demon (Male) A/Shout 1{END}
てきはんようおとこＡ／かけごえ　２{END},Half-Demon (Male) A/Shout 2{END}
てきはんようおとこＡ／かけごえ　３{END},Half-Demon (Male) A/Shout 3{END}
てきはんようおとこＡ／かけごえ　４{END},Half-Demon (Male) A/Shout 4{END}
てきはんようおとこＡ／かけごえ　５{END},Half-Demon (Male) A/Shout 5{END}
てきはんようおとこＡ／かけごえ　６{END},Half-Demon (Male) A/Shout 6{END}
てきはんようおとこＡ／かけごえ　７{END},Half-Demon (Male) A/Shout 7{END}
てきはんようおとこＡ／かけごえ　８{END},Half-Demon (Male) A/Shout 8{END}
てきはんようおとこＡ／かけごえ　９{END},Half-Demon (Male) A/Shout 9{END}
てきはんようおとこＡ／かけごえ１０{END},Half-Demon (Male) A/Shout 10{END}
てきはんようおとこＡ／かけごえ１１{END},Half-Demon (Male) A/Shout 11{END}
てきはんようおとこＡ／かけごえ１２{END},Half-Demon (Male) A/Shout 12{END}
てきはんようおとこＡ／かけごえ１３{END},Half-Demon (Male) A/Shout 13{END}
てきはんようおとこＡ／かけごえ１４{END},Half-Demon (Male) A/Shout 14{END}
てきはんようおとこＡ／ひめい　１{END},Half-Demon (Male) A/Shriek 1{END}
てきはんようおとこＡ／ひめい　２{END},Half-Demon (Male) A/Shriek 2{END}
てきはんようおとこＡ／ひめい　３{END},Half-Demon (Male) A/Shriek 3{END}
てきはんようおとこＡ／ひめい　４{END},Half-Demon (Male) A/Shriek 4{END}
てきはんようおとこＡ／ひめい　５{END},Half-Demon (Male) A/Shriek 5{END}
てきはんようおとこＡ／ひめい　６{END},Half-Demon (Male) A/Shriek 6{END}
てきはんようおとこＡ／ひめい　７{END},Half-Demon (Male) A/Shriek 7{END}
てきはんようおとこＡ／ひめい　８{END},Half-Demon (Male) A/Shriek 8{END}
てきはんようおとこＡ／ひめい　９{END},Half-Demon (Male) A/Shriek 9{END}
てきはんようおとこＡ／じゅつ　１{END},Half-Demon (Male) A/Arte 1{END}
てきはんようおとこＡ／じゅつ　２{END},Half-Demon (Male) A/Arte 2{END}
てきはんようおとこＡ／じゅつ　３{END},Half-Demon (Male) A/Arte 3{END}
てきはんようおとこＡ／じゅつ　４{END},Half-Demon (Male) A/Arte 4{END}
てきはんようおとこＡ／じゅつ　５{END},Half-Demon (Male) A/Arte 5{END}
てきはんようおとこＡ／じゅつ　６{END},Half-Demon (Male) A/Arte 6{END}
てきはんようおとこＡ／じゅつ　７{END},Half-Demon (Male) A/Arte 7{END}
てきはんようおとこＡ／じゅつ　８{END},Half-Demon (Male) A/Arte 8{END}
てきはんようおとこＡ／じゅつ　９{END},Half-Demon (Male) A/Arte 9{END}
てきはんようおとこＡ／じゅつ１０{END},Half-Demon (Male) A/Arte 10{END}
てきはんようおとこＡ／じゅつ１１{END},Half-Demon (Male) A/Arte 11{END}
てきはんようおとこＡ／じゅつ１２{END},Half-Demon (Male) A/Arte 12{END}
てきはんようおとこＡ／じゅつ１３{END},Half-Demon (Male) A/Arte 13{END}
てきはんようおとこＡ／じゅつ１４{END},Half-Demon (Male) A/Arte 14{END}
てきはんようおとこＡ／じゅつ１５{END},Half-Demon (Male) A/Arte 15{END}
てきはんようおとこＡ／じゅつ１６{END},Half-Demon (Male) A/Arte 16{END}
てきはんようおとこＡ／じゅつ１７{END},Half-Demon (Male) A/Arte 17{END}
てきはんようおとこＡ／じゅつ１８{END},Half-Demon (Male) A/Arte 18{END}
てきはんようおとこＡ／じゅつ１９{END},Half-Demon (Male) A/Arte 19{END}
てきはんようおとこＡ／じゅつ２０{END},Half-Demon (Male) A/Arte 20{END}
てきはんようおとこＡ／じゅつ２１{END},Half-Demon (Male) A/Arte 21{END}
てきはんようおとこＡ／じゅつ２２{END},Half-Demon (Male) A/Arte 22{END}
てきはんようおとこＡ／じゅつ２３{END},Half-Demon (Male) A/Arte 23{END}
てきはんようおとこＡ／じゅつ２４{END},Half-Demon (Male) A/Arte 24{END}
てきはんようおとこＡ／じゅつ２５{END},Half-Demon (Male) A/Arte 25{END}
てきはんようおとこＡ／じゅつ２６{END},Half-Demon (Male) A/Arte 26{END}
てきはんようおとこＡ／じゅつ２７{END},Half-Demon (Male) A/Arte 27{END}
てきはんようおとこＡ／じゅつ２８{END},Half-Demon (Male) A/Arte 28{END}
てきはんようおとこＡ／じゅつ２９{END},Half-Demon (Male) A/Arte 29{END}
てきはんようおとこＡ／じゅつ３０{END},Half-Demon (Male) A/Arte 30{END}
てきはんようおとこＡ／じゅつ３１{END},Half-Demon (Male) A/Arte 31{END}
てきはんようおとこＡ／じゅつ３２{END},Half-Demon (Male) A/Arte 32{END}
てきはんようおとこＡ／じゅつ３３{END},Half-Demon (Male) A/Arte 33{END}
てきはんようおとこＡ／じゅつ３４{END},Half-Demon (Male) A/Arte 34{END}
てきはんようおとこＡ／じゅつ３５{END},Half-Demon (Male) A/Arte 35{END}
てきはんようおとこＡ／じゅつ３６{END},Half-Demon (Male) A/Arte 36{END}
てきはんようおとこＡ／じゅつ３７{END},Half-Demon (Male) A/Arte 37{END}
てきはんようおとこＡ／じゅつ３８{END},Half-Demon (Male) A/Arte 38{END}
てきはんようおとこＡ／じゅつ３９{END},Half-Demon (Male) A/Arte 39{END}
てきはんようおとこＡ／じゅつ４０{END},Half-Demon (Male) A/Arte 40{END}
てきはんようおとこＡ／じゅつ４１{END},Half-Demon (Male) A/Arte 41{END}
てきはんようおとこＡ／じゅつ４２{END},Half-Demon (Male) A/Arte 42{END}
てきはんようおとこＡ／じゅつ４３{END},Half-Demon (Male) A/Arte 43{END}
てきはんようおんなＡ／かけごえ　１{END},Half-Demon (Female) A/Shout 1{END}
てきはんようおんなＡ／かけごえ　２{END},Half-Demon (Female) A/Shout 2{END}
てきはんようおんなＡ／かけごえ　３{END},Half-Demon (Female) A/Shout 3{END}
てきはんようおんなＡ／かけごえ　４{END},Half-Demon (Female) A/Shout 4{END}
てきはんようおんなＡ／かけごえ　５{END},Half-Demon (Female) A/Shout 5{END}
てきはんようおんなＡ／かけごえ　６{END},Half-Demon (Female) A/Shout 6{END}
てきはんようおんなＡ／かけごえ　７{END},Half-Demon (Female) A/Shout 7{END}
てきはんようおんなＡ／かけごえ　８{END},Half-Demon (Female) A/Shout 8{END}
てきはんようおんなＡ／かけごえ　９{END},Half-Demon (Female) A/Shout 9{END}
てきはんようおんなＡ／かけごえ１０{END},Half-Demon (Female) A/Shout 10{END}
てきはんようおんなＡ／かけごえ１１{END},Half-Demon (Female) A/Shout 11{END}
てきはんようおんなＡ／かけごえ１２{END},Half-Demon (Female) A/Shout 12{END}
てきはんようおんなＡ／かけごえ１３{END},Half-Demon (Female) A/Shout 13{END}
てきはんようおんなＡ／ひめい　１{END},Half-Demon (Female) A/Shriek 1{END}
てきはんようおんなＡ／ひめい　２{END},Half-Demon (Female) A/Shriek 2{END}
てきはんようおんなＡ／ひめい　３{END},Half-Demon (Female) A/Shriek 3{END}
てきはんようおんなＡ／ひめい　４{END},Half-Demon (Female) A/Shriek 4{END}
てきはんようおんなＡ／ひめい　５{END},Half-Demon (Female) A/Shriek 5{END}
てきはんようおんなＡ／じゅつ　１{END},Half-Demon (Female) A/Arte 1{END}
てきはんようおんなＡ／じゅつ　２{END},Half-Demon (Female) A/Arte 2{END}
てきはんようおんなＡ／じゅつ　３{END},Half-Demon (Female) A/Arte 3{END}
てきはんようおんなＡ／じゅつ　４{END},Half-Demon (Female) A/Arte 4{END}
てきはんようおんなＡ／じゅつ　５{END},Half-Demon (Female) A/Arte 5{END}
てきはんようおんなＡ／じゅつ　６{END},Half-Demon (Female) A/Arte 6{END}
てきはんようおんなＡ／じゅつ　７{END},Half-Demon (Female) A/Arte 7{END}
てきはんようおんなＡ／じゅつ　８{END},Half-Demon (Female) A/Arte 8{END}
てきはんようおんなＡ／じゅつ　９{END},Half-Demon (Female) A/Arte 9{END}
てきはんようおんなＡ／じゅつ１０{END},Half-Demon (Female) A/Arte 10{END}
てきはんようおんなＡ／じゅつ１１{END},Half-Demon (Female) A/Arte 11{END}
てきはんようおんなＡ／じゅつ１２{END},Half-Demon (Female) A/Arte 12{END}
てきはんようおんなＡ／じゅつ１３{END},Half-Demon (Female) A/Arte 13{END}
てきはんようおんなＡ／じゅつ１４{END},Half-Demon (Female) A/Arte 14{END}
てきはんようおんなＡ／じゅつ１５{END},Half-Demon (Female) A/Arte 15{END}
てきはんようおんなＡ／じゅつ１６{END},Half-Demon (Female) A/Arte 16{END}
てきはんようおんなＡ／じゅつ１７{END},Half-Demon (Female) A/Arte 17{END}
てきはんようおんなＡ／じゅつ１８{END},Half-Demon (Female) A/Arte 18{END}
てきはんようおんなＡ／じゅつ１９{END},Half-Demon (Female) A/Arte 19{END}
てきはんようおんなＡ／じゅつ２０{END},Half-Demon (Female) A/Arte 20{END}
てきはんようおんなＡ／じゅつ２１{END},Half-Demon (Female) A/Arte 21{END}
てきはんようおんなＡ／じゅつ２２{END},Half-Demon (Female) A/Arte 22{END}
てきはんようおんなＡ／じゅつ２３{END},Half-Demon (Female) A/Arte 23{END}
てきはんようおんなＡ／じゅつ２４{END},Half-Demon (Female) A/Arte 24{END}
てきはんようおんなＡ／じゅつ２５{END},Half-Demon (Female) A/Arte 25{END}
てきはんようおんなＡ／じゅつ２６{END},Half-Demon (Female) A/Arte 26{END}
てきはんようおんなＡ／じゅつ２７{END},Half-Demon (Female) A/Arte 27{END}
てきはんようおんなＡ／じゅつ２８{END},Half-Demon (Female) A/Arte 28{END}
てきはんようおんなＡ／じゅつ２９{END},Half-Demon (Female) A/Arte 29{END}
てきはんようおんなＡ／じゅつ３０{END},Half-Demon (Female) A/Arte 30{END}
てきはんようおんなＡ／じゅつ３１{END},Half-Demon (Female) A/Arte 31{END}
てきはんようおんなＡ／じゅつ３２{END},Half-Demon (Female) A/Arte 32{END}
てきはんようおんなＡ／じゅつ３３{END},Half-Demon (Female) A/Arte 33{END}
てきはんようおんなＡ／じゅつ３４{END},Half-Demon (Female) A/Arte 34{END}
てきはんようおんなＡ／じゅつ３５{END},Half-Demon (Female) A/Arte 35{END}
てきはんようおんなＡ／じゅつ３６{END},Half-Demon (Female) A/Arte 36{END}
てきはんようおんなＡ／じゅつ３７{END},Half-Demon (Female) A/Arte 37{END}
てきはんようおんなＡ／じゅつ３８{END},Half-Demon (Female) A/Arte 38{END}
てきはんようおんなＡ／じゅつ３９{END},Half-Demon (Female) A/Arte 39{END}
てきはんようおんなＡ／じゅつ４０{END},Half-Demon (Female) A/Arte 40{END}
てきはんようおんなＡ／じゅつ４１{END},Half-Demon (Female) A/Arte 41{END}
てきはんようおんなＡ／じゅつ４２{END},Half-Demon (Female) A/Arte 42{END}
てきはんようおんなＡ／じゅつ４３{END},Half-Demon (Female) A/Arte 43{END}
てきはんようおんなＢ／かけごえ　１{END},Half-Demon (Female) B/Shout 1{END}
てきはんようおんなＢ／かけごえ　２{END},Half-Demon (Female) B/Shout 2{END}
てきはんようおんなＢ／かけごえ　３{END},Half-Demon (Female) B/Shout 3{END}
てきはんようおんなＢ／かけごえ　４{END},Half-Demon (Female) B/Shout 4{END}
てきはんようおんなＢ／かけごえ　５{END},Half-Demon (Female) B/Shout 5{END}
てきはんようおんなＢ／かけごえ　６{END},Half-Demon (Female) B/Shout 6{END}
てきはんようおんなＢ／かけごえ　７{END},Half-Demon (Female) B/Shout 7{END}
てきはんようおんなＢ／かけごえ　８{END},Half-Demon (Female) B/Shout 8{END}
てきはんようおんなＢ／かけごえ　９{END},Half-Demon (Female) B/Shout 9{END}
てきはんようおんなＢ／かけごえ１０{END},Half-Demon (Female) B/Shout 10{END}
てきはんようおんなＢ／かけごえ１１{END},Half-Demon (Female) B/Shout 11{END}
てきはんようおんなＢ／かけごえ１２{END},Half-Demon (Female) B/Shout 12{END}
てきはんようおんなＢ／かけごえ１３{END},Half-Demon (Female) B/Shout 13{END}
てきはんようおんなＢ／ひめい　１{END},Half-Demon (Female) B/Shriek 1{END}
てきはんようおんなＢ／ひめい　２{END},Half-Demon (Female) B/Shriek 2{END}
てきはんようおんなＢ／ひめい　３{END},Half-Demon (Female) B/Shriek 3{END}
てきはんようおんなＢ／ひめい　４{END},Half-Demon (Female) B/Shriek 4{END}
てきはんようおんなＢ／ひめい　５{END},Half-Demon (Female) B/Shriek 5{END}
てきはんようおんなＢ／じゅつ　１{END},Half-Demon (Female) B/Arte 1{END}
てきはんようおんなＢ／じゅつ　２{END},Half-Demon (Female) B/Arte 2{END}
てきはんようおんなＢ／じゅつ　３{END},Half-Demon (Female) B/Arte 3{END}
てきはんようおんなＢ／じゅつ　４{END},Half-Demon (Female) B/Arte 4{END}
てきはんようおんなＢ／じゅつ　５{END},Half-Demon (Female) B/Arte 5{END}
てきはんようおんなＢ／じゅつ　６{END},Half-Demon (Female) B/Arte 6{END}
てきはんようおんなＢ／じゅつ　７{END},Half-Demon (Female) B/Arte 7{END}
てきはんようおんなＢ／じゅつ　８{END},Half-Demon (Female) B/Arte 8{END}
てきはんようおんなＢ／じゅつ　９{END},Half-Demon (Female) B/Arte 9{END}
てきはんようおんなＢ／じゅつ１０{END},Half-Demon (Female) B/Arte 10{END}
てきはんようおんなＢ／じゅつ１１{END},Half-Demon (Female) B/Arte 11{END}
てきはんようおんなＢ／じゅつ１２{END},Half-Demon (Female) B/Arte 12{END}
てきはんようおんなＢ／じゅつ１３{END},Half-Demon (Female) B/Arte 13{END}
てきはんようおんなＢ／じゅつ１４{END},Half-Demon (Female) B/Arte 14{END}
てきはんようおんなＢ／じゅつ１５{END},Half-Demon (Female) B/Arte 15{END}
てきはんようおんなＢ／じゅつ１６{END},Half-Demon (Female) B/Arte 16{END}
てきはんようおんなＢ／じゅつ１７{END},Half-Demon (Female) B/Arte 17{END}
てきはんようおんなＢ／じゅつ１８{END},Half-Demon (Female) B/Arte 18{END}
てきはんようおんなＢ／じゅつ１９{END},Half-Demon (Female) B/Arte 19{END}
てきはんようおんなＢ／じゅつ２０{END},Half-Demon (Female) B/Arte 20{END}
てきはんようおんなＢ／じゅつ２１{END},Half-Demon (Female) B/Arte 21{END}
てきはんようおんなＢ／じゅつ２２{END},Half-Demon (Female) B/Arte 22{END}
てきはんようおんなＢ／じゅつ２３{END},Half-Demon (Female) B/Arte 23{END}
てきはんようおんなＢ／じゅつ２４{END},Half-Demon (Female) B/Arte 24{END}
てきはんようおんなＢ／じゅつ２５{END},Half-Demon (Female) B/Arte 25{END}
てきはんようおんなＢ／じゅつ２６{END},Half-Demon (Female) B/Arte 26{END}
てきはんようおんなＢ／じゅつ２７{END},Half-Demon (Female) B/Arte 27{END}
てきはんようおんなＢ／じゅつ２８{END},Half-Demon (Female) B/Arte 28{END}
てきはんようおんなＢ／じゅつ２９{END},Half-Demon (Female) B/Arte 29{END}
てきはんようおんなＢ／じゅつ３０{END},Half-Demon (Female) B/Arte 30{END}
てきはんようおんなＢ／じゅつ３１{END},Half-Demon (Female) B/Arte 31{END}
てきはんようおんなＢ／じゅつ３２{END},Half-Demon (Female) B/Arte 32{END}
てきはんようおんなＢ／じゅつ３３{END},Half-Demon (Female) B/Arte 33{END}
てきはんようおんなＢ／じゅつ３４{END},Half-Demon (Female) B/Arte 34{END}
てきはんようおんなＢ／じゅつ３５{END},Half-Demon (Female) B/Arte 35{END}
てきはんようおんなＢ／じゅつ３６{END},Half-Demon (Female) B/Arte 36{END}
てきはんようおんなＢ／じゅつ３７{END},Half-Demon (Female) B/Arte 37{END}
てきはんようおんなＢ／じゅつ３８{END},Half-Demon (Female) B/Arte 38{END}
てきはんようおんなＢ／じゅつ３９{END},Half-Demon (Female) B/Arte 39{END}
てきはんようおんなＢ／じゅつ４０{END},Half-Demon (Female) B/Arte 40{END}
てきはんようおんなＢ／じゅつ４１{END},Half-Demon (Female) B/Arte 41{END}
てきはんようおんなＢ／じゅつ４２{END},Half-Demon (Female) B/Arte 42{END}
てきはんようおんなＢ／じゅつ４３{END},Half-Demon (Female) B/Arte 43{END}
てきはんようおとこＢ／かけごえ　１{END},Half-Demon (Male) B/Shout 1{END}
てきはんようおとこＢ／かけごえ　２{END},Half-Demon (Male) B/Shout 2{END}
てきはんようおとこＢ／かけごえ　３{END},Half-Demon (Male) B/Shout 3{END}
てきはんようおとこＢ／かけごえ　４{END},Half-Demon (Male) B/Shout 4{END}
てきはんようおとこＢ／かけごえ　５{END},Half-Demon (Male) B/Shout 5{END}
てきはんようおとこＢ／かけごえ　６{END},Half-Demon (Male) B/Shout 6{END}
てきはんようおとこＢ／かけごえ　７{END},Half-Demon (Male) B/Shout 7{END}
てきはんようおとこＢ／かけごえ　８{END},Half-Demon (Male) B/Shout 8{END}
てきはんようおとこＢ／かけごえ　９{END},Half-Demon (Male) B/Shout 9{END}
てきはんようおとこＢ／かけごえ１０{END},Half-Demon (Male) B/Shout 10{END}
てきはんようおとこＢ／かけごえ１１{END},Half-Demon (Male) B/Shout 11{END}
てきはんようおとこＢ／かけごえ１２{END},Half-Demon (Male) B/Shout 12{END}
てきはんようおとこＢ／かけごえ１３{END},Half-Demon (Male) B/Shout 13{END}
てきはんようおとこＢ／かけごえ１４{END},Half-Demon (Male) B/Shout 14{END}
てきはんようおとこＢ／ひめい　１{END},Half-Demon (Male) B/Shriek 1{END}
てきはんようおとこＢ／ひめい　２{END},Half-Demon (Male) B/Shriek 2{END}
てきはんようおとこＢ／ひめい　３{END},Half-Demon (Male) B/Shriek 3{END}
てきはんようおとこＢ／ひめい　４{END},Half-Demon (Male) B/Shriek 4{END}
てきはんようおとこＢ／ひめい　５{END},Half-Demon (Male) B/Shriek 5{END}
てきはんようおとこＢ／ひめい　６{END},Half-Demon (Male) B/Shriek 6{END}
てきはんようおとこＢ／ひめい　７{END},Half-Demon (Male) B/Shriek 7{END}
てきはんようおとこＢ／ひめい　８{END},Half-Demon (Male) B/Shriek 8{END}
てきはんようおとこＢ／ひめい　９{END},Half-Demon (Male) B/Shriek 9{END}
てきはんようおとこＢ／じゅつ　１{END},Half-Demon (Male) B/Arte 1{END}
てきはんようおとこＢ／じゅつ　２{END},Half-Demon (Male) B/Arte 2{END}
てきはんようおとこＢ／じゅつ　３{END},Half-Demon (Male) B/Arte 3{END}
てきはんようおとこＢ／じゅつ　４{END},Half-Demon (Male) B/Arte 4{END}
てきはんようおとこＢ／じゅつ　５{END},Half-Demon (Male) B/Arte 5{END}
てきはんようおとこＢ／じゅつ　６{END},Half-Demon (Male) B/Arte 6{END}
てきはんようおとこＢ／じゅつ　７{END},Half-Demon (Male) B/Arte 7{END}
てきはんようおとこＢ／じゅつ　８{END},Half-Demon (Male) B/Arte 8{END}
てきはんようおとこＢ／じゅつ　９{END},Half-Demon (Male) B/Arte 9{END}
てきはんようおとこＢ／じゅつ１０{END},Half-Demon (Male) B/Arte 10{END}
てきはんようおとこＢ／じゅつ１１{END},Half-Demon (Male) B/Arte 11{END}
てきはんようおとこＢ／じゅつ１２{END},Half-Demon (Male) B/Arte 12{END}
てきはんようおとこＢ／じゅつ１３{END},Half-Demon (Male) B/Arte 13{END}
てきはんようおとこＢ／じゅつ１４{END},Half-Demon (Male) B/Arte 14{END}
てきはんようおとこＢ／じゅつ１５{END},Half-Demon (Male) B/Arte 15{END}
てきはんようおとこＢ／じゅつ１６{END},Half-Demon (Male) B/Arte 16{END}
てきはんようおとこＢ／じゅつ１７{END},Half-Demon (Male) B/Arte 17{END}
てきはんようおとこＢ／じゅつ１８{END},Half-Demon (Male) B/Arte 18{END}
てきはんようおとこＢ／じゅつ１９{END},Half-Demon (Male) B/Arte 19{END}
てきはんようおとこＢ／じゅつ２０{END},Half-Demon (Male) B/Arte 20{END}
てきはんようおとこＢ／じゅつ２１{END},Half-Demon (Male) B/Arte 21{END}
てきはんようおとこＢ／じゅつ２２{END},Half-Demon (Male) B/Arte 22{END}
てきはんようおとこＢ／じゅつ２３{END},Half-Demon (Male) B/Arte 23{END}
てきはんようおとこＢ／じゅつ２４{END},Half-Demon (Male) B/Arte 24{END}
てきはんようおとこＢ／じゅつ２５{END},Half-Demon (Male) B/Arte 25{END}
てきはんようおとこＢ／じゅつ２６{END},Half-Demon (Male) B/Arte 26{END}
てきはんようおとこＢ／じゅつ２７{END},Half-Demon (Male) B/Arte 27{END}
てきはんようおとこＢ／じゅつ２８{END},Half-Demon (Male) B/Arte 28{END}
てきはんようおとこＢ／じゅつ２９{END},Half-Demon (Male) B/Arte 29{END}
てきはんようおとこＢ／じゅつ３０{END},Half-Demon (Male) B/Arte 30{END}
てきはんようおとこＢ／じゅつ３１{END},Half-Demon (Male) B/Arte 31{END}
てきはんようおとこＢ／じゅつ３２{END},Half-Demon (Male) B/Arte 32{END}
てきはんようおとこＢ／じゅつ３３{END},Half-Demon (Male) B/Arte 33{END}
てきはんようおとこＢ／じゅつ３４{END},Half-Demon (Male) B/Arte 34{END}
てきはんようおとこＢ／じゅつ３５{END},Half-Demon (Male) B/Arte 35{END}
てきはんようおとこＢ／じゅつ３６{END},Half-Demon (Male) B/Arte 36{END}
てきはんようおとこＢ／じゅつ３７{END},Half-Demon (Male) B/Arte 37{END}
てきはんようおとこＢ／じゅつ３８{END},Half-Demon (Male) B/Arte 38{END}
てきはんようおとこＢ／じゅつ３９{END},Half-Demon (Male) B/Arte 39{END}
てきはんようおとこＢ／じゅつ４０{END},Half-Demon (Male) B/Arte 40{END}
てきはんようおとこＢ／じゅつ４１{END},Half-Demon (Male) B/Arte 41{END}
てきはんようおとこＢ／じゅつ４２{END},Half-Demon (Male) B/Arte 42{END}
てきはんようおとこＢ／じゅつ４３{END},Half-Demon (Male) B/Arte 43{END}
てきはんようおとこＣ／かけごえ　１{END},Half-Demon (Male) C/Shout 1{END}
てきはんようおとこＣ／かけごえ　２{END},Half-Demon (Male) C/Shout 2{END}
てきはんようおとこＣ／かけごえ　３{END},Half-Demon (Male) C/Shout 3{END}
てきはんようおとこＣ／かけごえ　４{END},Half-Demon (Male) C/Shout 4{END}
てきはんようおとこＣ／かけごえ　５{END},Half-Demon (Male) C/Shout 5{END}
てきはんようおとこＣ／かけごえ　６{END},Half-Demon (Male) C/Shout 6{END}
てきはんようおとこＣ／かけごえ　７{END},Half-Demon (Male) C/Shout 7{END}
てきはんようおとこＣ／かけごえ　８{END},Half-Demon (Male) C/Shout 8{END}
てきはんようおとこＣ／かけごえ　９{END},Half-Demon (Male) C/Shout 9{END}
てきはんようおとこＣ／かけごえ１０{END},Half-Demon (Male) C/Shout 10{END}
てきはんようおとこＣ／かけごえ１１{END},Half-Demon (Male) C/Shout 11{END}
てきはんようおとこＣ／かけごえ１２{END},Half-Demon (Male) C/Shout 12{END}
てきはんようおとこＣ／かけごえ１３{END},Half-Demon (Male) C/Shout 13{END}
てきはんようおとこＣ／かけごえ１４{END},Half-Demon (Male) C/Shout 14{END}
てきはんようおとこＣ／ひめい　１{END},Half-Demon (Male) C/Shriek 1{END}
てきはんようおとこＣ／ひめい　２{END},Half-Demon (Male) C/Shriek 2{END}
てきはんようおとこＣ／ひめい　３{END},Half-Demon (Male) C/Shriek 3{END}
てきはんようおとこＣ／ひめい　４{END},Half-Demon (Male) C/Shriek 4{END}
てきはんようおとこＣ／ひめい　５{END},Half-Demon (Male) C/Shriek 5{END}
てきはんようおとこＣ／ひめい　６{END},Half-Demon (Male) C/Shriek 6{END}
てきはんようおとこＣ／ひめい　７{END},Half-Demon (Male) C/Shriek 7{END}
てきはんようおとこＣ／ひめい　８{END},Half-Demon (Male) C/Shriek 8{END}
てきはんようおとこＣ／ひめい　９{END},Half-Demon (Male) C/Shriek 9{END}
てきはんようおとこＣ／じゅつ　１{END},Half-Demon (Male) C/Arte 1{END}
てきはんようおとこＣ／じゅつ　２{END},Half-Demon (Male) C/Arte 2{END}
てきはんようおとこＣ／じゅつ　３{END},Half-Demon (Male) C/Arte 3{END}
てきはんようおとこＣ／じゅつ　４{END},Half-Demon (Male) C/Arte 4{END}
てきはんようおとこＣ／じゅつ　５{END},Half-Demon (Male) C/Arte 5{END}
てきはんようおとこＣ／じゅつ　６{END},Half-Demon (Male) C/Arte 6{END}
てきはんようおとこＣ／じゅつ　７{END},Half-Demon (Male) C/Arte 7{END}
てきはんようおとこＣ／じゅつ　８{END},Half-Demon (Male) C/Arte 8{END}
てきはんようおとこＣ／じゅつ　９{END},Half-Demon (Male) C/Arte 9{END}
てきはんようおとこＣ／じゅつ１０{END},Half-Demon (Male) C/Arte 10{END}
てきはんようおとこＣ／じゅつ１１{END},Half-Demon (Male) C/Arte 11{END}
てきはんようおとこＣ／じゅつ１２{END},Half-Demon (Male) C/Arte 12{END}
てきはんようおとこＣ／じゅつ１３{END},Half-Demon (Male) C/Arte 13{END}
てきはんようおとこＣ／じゅつ１４{END},Half-Demon (Male) C/Arte 14{END}
てきはんようおとこＣ／じゅつ１５{END},Half-Demon (Male) C/Arte 15{END}
てきはんようおとこＣ／じゅつ１６{END},Half-Demon (Male) C/Arte 16{END}
てきはんようおとこＣ／じゅつ１７{END},Half-Demon (Male) C/Arte 17{END}
てきはんようおとこＣ／じゅつ１８{END},Half-Demon (Male) C/Arte 18{END}
てきはんようおとこＣ／じゅつ１９{END},Half-Demon (Male) C/Arte 19{END}
てきはんようおとこＣ／じゅつ２０{END},Half-Demon (Male) C/Arte 20{END}
てきはんようおとこＣ／じゅつ２１{END},Half-Demon (Male) C/Arte 21{END}
てきはんようおとこＣ／じゅつ２２{END},Half-Demon (Male) C/Arte 22{END}
てきはんようおとこＣ／じゅつ２３{END},Half-Demon (Male) C/Arte 23{END}
てきはんようおとこＣ／じゅつ２４{END},Half-Demon (Male) C/Arte 24{END}
てきはんようおとこＣ／じゅつ２５{END},Half-Demon (Male) C/Arte 25{END}
てきはんようおとこＣ／じゅつ２６{END},Half-Demon (Male) C/Arte 26{END}
てきはんようおとこＣ／じゅつ２７{END},Half-Demon (Male) C/Arte 27{END}
てきはんようおとこＣ／じゅつ２８{END},Half-Demon (Male) C/Arte 28{END}
てきはんようおとこＣ／じゅつ２９{END},Half-Demon (Male) C/Arte 29{END}
てきはんようおとこＣ／じゅつ３０{END},Half-Demon (Male) C/Arte 30{END}
てきはんようおとこＣ／じゅつ３１{END},Half-Demon (Male) C/Arte 31{END}
てきはんようおとこＣ／じゅつ３２{END},Half-Demon (Male) C/Arte 32{END}
てきはんようおとこＣ／じゅつ３３{END},Half-Demon (Male) C/Arte 33{END}
てきはんようおとこＣ／じゅつ３４{END},Half-Demon (Male) C/Arte 34{END}
てきはんようおとこＣ／じゅつ３５{END},Half-Demon (Male) C/Arte 35{END}
てきはんようおとこＣ／じゅつ３６{END},Half-Demon (Male) C/Arte 36{END}
てきはんようおとこＣ／じゅつ３７{END},Half-Demon (Male) C/Arte 37{END}
てきはんようおとこＣ／じゅつ３８{END},Half-Demon (Male) C/Arte 38{END}
てきはんようおとこＣ／じゅつ３９{END},Half-Demon (Male) C/Arte 39{END}
てきはんようおとこＣ／じゅつ４０{END},Half-Demon (Male) C/Arte 40{END}
てきはんようおとこＣ／じゅつ４１{END},Half-Demon (Male) C/Arte 41{END}
てきはんようおとこＣ／じゅつ４２{END},Half-Demon (Male) C/Arte 42{END}
てきはんようおとこＣ／じゅつ４３{END},Half-Demon (Male) C/Arte 43{END}
てきはんようおんなＣ／かけごえ　１{END},Half-Demon (Female) C/Shout 1{END}
てきはんようおんなＣ／かけごえ　２{END},Half-Demon (Female) C/Shout 2{END}
てきはんようおんなＣ／かけごえ　３{END},Half-Demon (Female) C/Shout 3{END}
てきはんようおんなＣ／かけごえ　４{END},Half-Demon (Female) C/Shout 4{END}
てきはんようおんなＣ／かけごえ　５{END},Half-Demon (Female) C/Shout 5{END}
てきはんようおんなＣ／かけごえ　６{END},Half-Demon (Female) C/Shout 6{END}
てきはんようおんなＣ／かけごえ　７{END},Half-Demon (Female) C/Shout 7{END}
てきはんようおんなＣ／かけごえ　８{END},Half-Demon (Female) C/Shout 8{END}
てきはんようおんなＣ／かけごえ　９{END},Half-Demon (Female) C/Shout 9{END}
てきはんようおんなＣ／かけごえ１０{END},Half-Demon (Female) C/Shout 10{END}
てきはんようおんなＣ／かけごえ１１{END},Half-Demon (Female) C/Shout 11{END}
てきはんようおんなＣ／かけごえ１２{END},Half-Demon (Female) C/Shout 12{END}
てきはんようおんなＣ／かけごえ１３{END},Half-Demon (Female) C/Shout 13{END}
てきはんようおんなＣ／ひめい　１{END},Half-Demon (Female) C/Shriek 1{END}
てきはんようおんなＣ／ひめい　２{END},Half-Demon (Female) C/Shriek 2{END}
てきはんようおんなＣ／ひめい　３{END},Half-Demon (Female) C/Shriek 3{END}
てきはんようおんなＣ／ひめい　４{END},Half-Demon (Female) C/Shriek 4{END}
てきはんようおんなＣ／ひめい　５{END},Half-Demon (Female) C/Shriek 5{END}
てきはんようおんなＣ／じゅつ　１{END},Half-Demon (Female) C/Arte 1{END}
てきはんようおんなＣ／じゅつ　２{END},Half-Demon (Female) C/Arte 2{END}
てきはんようおんなＣ／じゅつ　３{END},Half-Demon (Female) C/Arte 3{END}
てきはんようおんなＣ／じゅつ　４{END},Half-Demon (Female) C/Arte 4{END}
てきはんようおんなＣ／じゅつ　５{END},Half-Demon (Female) C/Arte 5{END}
てきはんようおんなＣ／じゅつ　６{END},Half-Demon (Female) C/Arte 6{END}
てきはんようおんなＣ／じゅつ　７{END},Half-Demon (Female) C/Arte 7{END}
てきはんようおんなＣ／じゅつ　８{END},Half-Demon (Female) C/Arte 8{END}
てきはんようおんなＣ／じゅつ　９{END},Half-Demon (Female) C/Arte 9{END}
てきはんようおんなＣ／じゅつ１０{END},Half-Demon (Female) C/Arte 10{END}
てきはんようおんなＣ／じゅつ１１{END},Half-Demon (Female) C/Arte 11{END}
てきはんようおんなＣ／じゅつ１２{END},Half-Demon (Female) C/Arte 12{END}
てきはんようおんなＣ／じゅつ１３{END},Half-Demon (Female) C/Arte 13{END}
てきはんようおんなＣ／じゅつ１４{END},Half-Demon (Female) C/Arte 14{END}
てきはんようおんなＣ／じゅつ１５{END},Half-Demon (Female) C/Arte 15{END}
てきはんようおんなＣ／じゅつ１６{END},Half-Demon (Female) C/Arte 16{END}
てきはんようおんなＣ／じゅつ１７{END},Half-Demon (Female) C/Arte 17{END}
てきはんようおんなＣ／じゅつ１８{END},Half-Demon (Female) C/Arte 18{END}
てきはんようおんなＣ／じゅつ１９{END},Half-Demon (Female) C/Arte 19{END}
てきはんようおんなＣ／じゅつ２０{END},Half-Demon (Female) C/Arte 20{END}
てきはんようおんなＣ／じゅつ２１{END},Half-Demon (Female) C/Arte 21{END}
てきはんようおんなＣ／じゅつ２２{END},Half-Demon (Female) C/Arte 22{END}
てきはんようおんなＣ／じゅつ２３{END},Half-Demon (Female) C/Arte 23{END}
てきはんようおんなＣ／じゅつ２４{END},Half-Demon (Female) C/Arte 24{END}
てきはんようおんなＣ／じゅつ２５{END},Half-Demon (Female) C/Arte 25{END}
てきはんようおんなＣ／じゅつ２６{END},Half-Demon (Female) C/Arte 26{END}
てきはんようおんなＣ／じゅつ２７{END},Half-Demon (Female) C/Arte 27{END}
てきはんようおんなＣ／じゅつ２８{END},Half-Demon (Female) C/Arte 28{END}
てきはんようおんなＣ／じゅつ２９{END},Half-Demon (Female) C/Arte 29{END}
てきはんようおんなＣ／じゅつ３０{END},Half-Demon (Female) C/Arte 30{END}
てきはんようおんなＣ／じゅつ３１{END},Half-Demon (Female) C/Arte 31{END}
てきはんようおんなＣ／じゅつ３２{END},Half-Demon (Female) C/Arte 32{END}
てきはんようおんなＣ／じゅつ３３{END},Half-Demon (Female) C/Arte 33{END}
てきはんようおんなＣ／じゅつ３４{END},Half-Demon (Female) C/Arte 34{END}
てきはんようおんなＣ／じゅつ３５{END},Half-Demon (Female) C/Arte 35{END}
てきはんようおんなＣ／じゅつ３６{END},Half-Demon (Female) C/Arte 36{END}
てきはんようおんなＣ／じゅつ３７{END},Half-Demon (Female) C/Arte 37{END}
てきはんようおんなＣ／じゅつ３８{END},Half-Demon (Female) C/Arte 38{END}
てきはんようおんなＣ／じゅつ３９{END},Half-Demon (Female) C/Arte 39{END}
てきはんようおんなＣ／じゅつ４０{END},Half-Demon (Female) C/Arte 40{END}
てきはんようおんなＣ／じゅつ４１{END},Half-Demon (Female) C/Arte 41{END}
てきはんようおんなＣ／じゅつ４２{END},Half-Demon (Female) C/Arte 42{END}
てきはんようおんなＣ／じゅつ４３{END},Half-Demon (Female) C/Arte 43{END}
てきはんようおとこＤ／かけごえ　１{END},Half-Demon (Male) D/Shout 1{END}
てきはんようおとこＤ／かけごえ　２{END},Half-Demon (Male) D/Shout 2{END}
てきはんようおとこＤ／かけごえ　３{END},Half-Demon (Male) D/Shout 3{END}
てきはんようおとこＤ／かけごえ　４{END},Half-Demon (Male) D/Shout 4{END}
てきはんようおとこＤ／かけごえ　５{END},Half-Demon (Male) D/Shout 5{END}
てきはんようおとこＤ／かけごえ　６{END},Half-Demon (Male) D/Shout 6{END}
てきはんようおとこＤ／かけごえ　７{END},Half-Demon (Male) D/Shout 7{END}
てきはんようおとこＤ／かけごえ　８{END},Half-Demon (Male) D/Shout 8{END}
てきはんようおとこＤ／かけごえ　９{END},Half-Demon (Male) D/Shout 9{END}
てきはんようおとこＤ／かけごえ１０{END},Half-Demon (Male) D/Shout 10{END}
てきはんようおとこＤ／かけごえ１１{END},Half-Demon (Male) D/Shout 11{END}
てきはんようおとこＤ／かけごえ１２{END},Half-Demon (Male) D/Shout 12{END}
てきはんようおとこＤ／かけごえ１３{END},Half-Demon (Male) D/Shout 13{END}
てきはんようおとこＤ／かけごえ１４{END},Half-Demon (Male) D/Shout 14{END}
てきはんようおとこＤ／ひめい　１{END},Half-Demon (Male) D/Shriek 1{END}
てきはんようおとこＤ／ひめい　２{END},Half-Demon (Male) D/Shriek 2{END}
てきはんようおとこＤ／ひめい　３{END},Half-Demon (Male) D/Shriek 3{END}
てきはんようおとこＤ／ひめい　４{END},Half-Demon (Male) D/Shriek 4{END}
てきはんようおとこＤ／ひめい　５{END},Half-Demon (Male) D/Shriek 5{END}
てきはんようおとこＤ／ひめい　６{END},Half-Demon (Male) D/Shriek 6{END}
てきはんようおとこＤ／ひめい　７{END},Half-Demon (Male) D/Shriek 7{END}
てきはんようおとこＤ／ひめい　８{END},Half-Demon (Male) D/Shriek 8{END}
てきはんようおとこＤ／ひめい　９{END},Half-Demon (Male) D/Shriek 9{END}
てきはんようおとこＤ／じゅつ　１{END},Half-Demon (Male) D/Arte 1{END}
てきはんようおとこＤ／じゅつ　２{END},Half-Demon (Male) D/Arte 2{END}
てきはんようおとこＤ／じゅつ　３{END},Half-Demon (Male) D/Arte 3{END}
てきはんようおとこＤ／じゅつ　４{END},Half-Demon (Male) D/Arte 4{END}
てきはんようおとこＤ／じゅつ　５{END},Half-Demon (Male) D/Arte 5{END}
てきはんようおとこＤ／じゅつ　６{END},Half-Demon (Male) D/Arte 6{END}
てきはんようおとこＤ／じゅつ　７{END},Half-Demon (Male) D/Arte 7{END}
てきはんようおとこＤ／じゅつ　８{END},Half-Demon (Male) D/Arte 8{END}
てきはんようおとこＤ／じゅつ　９{END},Half-Demon (Male) D/Arte 9{END}
てきはんようおとこＤ／じゅつ１０{END},Half-Demon (Male) D/Arte 10{END}
てきはんようおとこＤ／じゅつ１１{END},Half-Demon (Male) D/Arte 11{END}
てきはんようおとこＤ／じゅつ１２{END},Half-Demon (Male) D/Arte 12{END}
てきはんようおとこＤ／じゅつ１３{END},Half-Demon (Male) D/Arte 13{END}
てきはんようおとこＤ／じゅつ１４{END},Half-Demon (Male) D/Arte 14{END}
てきはんようおとこＤ／じゅつ１５{END},Half-Demon (Male) D/Arte 15{END}
てきはんようおとこＤ／じゅつ１６{END},Half-Demon (Male) D/Arte 16{END}
てきはんようおとこＤ／じゅつ１７{END},Half-Demon (Male) D/Arte 17{END}
てきはんようおとこＤ／じゅつ１８{END},Half-Demon (Male) D/Arte 18{END}
てきはんようおとこＤ／じゅつ１９{END},Half-Demon (Male) D/Arte 19{END}
てきはんようおとこＤ／じゅつ２０{END},Half-Demon (Male) D/Arte 20{END}
てきはんようおとこＤ／じゅつ２１{END},Half-Demon (Male) D/Arte 21{END}
てきはんようおとこＤ／じゅつ２２{END},Half-Demon (Male) D/Arte 22{END}
てきはんようおとこＤ／じゅつ２３{END},Half-Demon (Male) D/Arte 23{END}
てきはんようおとこＤ／じゅつ２４{END},Half-Demon (Male) D/Arte 24{END}
てきはんようおとこＤ／じゅつ２５{END},Half-Demon (Male) D/Arte 25{END}
てきはんようおとこＤ／じゅつ２６{END},Half-Demon (Male) D/Arte 26{END}
てきはんようおとこＤ／じゅつ２７{END},Half-Demon (Male) D/Arte 27{END}
てきはんようおとこＤ／じゅつ２８{END},Half-Demon (Male) D/Arte 28{END}
てきはんようおとこＤ／じゅつ２９{END},Half-Demon (Male) D/Arte 29{END}
てきはんようおとこＤ／じゅつ３０{END},Half-Demon (Male) D/Arte 30{END}
てきはんようおとこＤ／じゅつ３１{END},Half-Demon (Male) D/Arte 31{END}
てきはんようおとこＤ／じゅつ３２{END},Half-Demon (Male) D/Arte 32{END}
てきはんようおとこＤ／じゅつ３３{END},Half-Demon (Male) D/Arte 33{END}
てきはんようおとこＤ／じゅつ３４{END},Half-Demon (Male) D/Arte 34{END}
てきはんようおとこＤ／じゅつ３５{END},Half-Demon (Male) D/Arte 35{END}
てきはんようおとこＤ／じゅつ３６{END},Half-Demon (Male) D/Arte 36{END}
てきはんようおとこＤ／じゅつ３７{END},Half-Demon (Male) D/Arte 37{END}
てきはんようおとこＤ／じゅつ３８{END},Half-Demon (Male) D/Arte 38{END}
てきはんようおとこＤ／じゅつ３９{END},Half-Demon (Male) D/Arte 39{END}
てきはんようおとこＤ／じゅつ４０{END},Half-Demon (Male) D/Arte 40{END}
てきはんようおとこＤ／じゅつ４１{END},Half-Demon (Male) D/Arte 41{END}
てきはんようおとこＤ／じゅつ４２{END},Half-Demon (Male) D/Arte 42{END}
てきはんようおとこＤ／じゅつ４３{END},Half-Demon (Male) D/Arte 43{END}
てきはんようおとこＤ／じゅつ４４{END},Half-Demon (Male) D/Arte 44{END}
てきはんようおとこＥ／かけごえ　１{END},Half-Demon (Male) E/Shout 1{END}
てきはんようおとこＥ／かけごえ　２{END},Half-Demon (Male) E/Shout 2{END}
てきはんようおとこＥ／かけごえ　３{END},Half-Demon (Male) E/Shout 3{END}
てきはんようおとこＥ／かけごえ　４{END},Half-Demon (Male) E/Shout 4{END}
てきはんようおとこＥ／かけごえ　５{END},Half-Demon (Male) E/Shout 5{END}
てきはんようおとこＥ／かけごえ　６{END},Half-Demon (Male) E/Shout 6{END}
てきはんようおとこＥ／かけごえ　７{END},Half-Demon (Male) E/Shout 7{END}
てきはんようおとこＥ／かけごえ　８{END},Half-Demon (Male) E/Shout 8{END}
てきはんようおとこＥ／かけごえ　９{END},Half-Demon (Male) E/Shout 9{END}
てきはんようおとこＥ／かけごえ１０{END},Half-Demon (Male) E/Shout 10{END}
てきはんようおとこＥ／かけごえ１１{END},Half-Demon (Male) E/Shout 11{END}
てきはんようおとこＥ／かけごえ１２{END},Half-Demon (Male) E/Shout 12{END}
てきはんようおとこＥ／かけごえ１３{END},Half-Demon (Male) E/Shout 13{END}
てきはんようおとこＥ／かけごえ１４{END},Half-Demon (Male) E/Shout 14{END}
てきはんようおとこＥ／ひめい　１{END},Half-Demon (Male) E/Shriek 1{END}
てきはんようおとこＥ／ひめい　２{END},Half-Demon (Male) E/Shriek 2{END}
てきはんようおとこＥ／ひめい　３{END},Half-Demon (Male) E/Shriek 3{END}
てきはんようおとこＥ／ひめい　４{END},Half-Demon (Male) E/Shriek 4{END}
てきはんようおとこＥ／ひめい　５{END},Half-Demon (Male) E/Shriek 5{END}
てきはんようおとこＥ／ひめい　６{END},Half-Demon (Male) E/Shriek 6{END}
てきはんようおとこＥ／ひめい　７{END},Half-Demon (Male) E/Shriek 7{END}
てきはんようおとこＥ／ひめい　８{END},Half-Demon (Male) E/Shriek 8{END}
てきはんようおとこＥ／ひめい　９{END},Half-Demon (Male) E/Shriek 9{END}
てきはんようおとこＥ／じゅつ　１{END},Half-Demon (Male) E/Arte 1{END}
てきはんようおとこＥ／じゅつ　２{END},Half-Demon (Male) E/Arte 2{END}
てきはんようおとこＥ／じゅつ　３{END},Half-Demon (Male) E/Arte 3{END}
てきはんようおとこＥ／じゅつ　４{END},Half-Demon (Male) E/Arte 4{END}
てきはんようおとこＥ／じゅつ　５{END},Half-Demon (Male) E/Arte 5{END}
てきはんようおとこＥ／じゅつ　６{END},Half-Demon (Male) E/Arte 6{END}
てきはんようおとこＥ／じゅつ　７{END},Half-Demon (Male) E/Arte 7{END}
てきはんようおとこＥ／じゅつ　８{END},Half-Demon (Male) E/Arte 8{END}
てきはんようおとこＥ／じゅつ　９{END},Half-Demon (Male) E/Arte 9{END}
てきはんようおとこＥ／じゅつ１０{END},Half-Demon (Male) E/Arte 10{END}
てきはんようおとこＥ／じゅつ１１{END},Half-Demon (Male) E/Arte 11{END}
てきはんようおとこＥ／じゅつ１２{END},Half-Demon (Male) E/Arte 12{END}
てきはんようおとこＥ／じゅつ１３{END},Half-Demon (Male) E/Arte 13{END}
てきはんようおとこＥ／じゅつ１４{END},Half-Demon (Male) E/Arte 14{END}
てきはんようおとこＥ／じゅつ１５{END},Half-Demon (Male) E/Arte 15{END}
てきはんようおとこＥ／じゅつ１６{END},Half-Demon (Male) E/Arte 16{END}
てきはんようおとこＥ／じゅつ１７{END},Half-Demon (Male) E/Arte 17{END}
てきはんようおとこＥ／じゅつ１８{END},Half-Demon (Male) E/Arte 18{END}
てきはんようおとこＥ／じゅつ１９{END},Half-Demon (Male) E/Arte 19{END}
てきはんようおとこＥ／じゅつ２０{END},Half-Demon (Male) E/Arte 20{END}
てきはんようおとこＥ／じゅつ２１{END},Half-Demon (Male) E/Arte 21{END}
てきはんようおとこＥ／じゅつ２２{END},Half-Demon (Male) E/Arte 22{END}
てきはんようおとこＥ／じゅつ２３{END},Half-Demon (Male) E/Arte 23{END}
てきはんようおとこＥ／じゅつ２４{END},Half-Demon (Male) E/Arte 24{END}
てきはんようおとこＥ／じゅつ２５{END},Half-Demon (Male) E/Arte 25{END}
てきはんようおとこＥ／じゅつ２６{END},Half-Demon (Male) E/Arte 26{END}
てきはんようおとこＥ／じゅつ２７{END},Half-Demon (Male) E/Arte 27{END}
てきはんようおとこＥ／じゅつ２８{END},Half-Demon (Male) E/Arte 28{END}
てきはんようおとこＥ／じゅつ２９{END},Half-Demon (Male) E/Arte 29{END}
てきはんようおとこＥ／じゅつ３０{END},Half-Demon (Male) E/Arte 30{END}
てきはんようおとこＥ／じゅつ３１{END},Half-Demon (Male) E/Arte 31{END}
てきはんようおとこＥ／じゅつ３２{END},Half-Demon (Male) E/Arte 32{END}
てきはんようおとこＥ／じゅつ３３{END},Half-Demon (Male) E/Arte 33{END}
てきはんようおとこＥ／じゅつ３４{END},Half-Demon (Male) E/Arte 34{END}
てきはんようおとこＥ／じゅつ３５{END},Half-Demon (Male) E/Arte 35{END}
てきはんようおとこＥ／じゅつ３６{END},Half-Demon (Male) E/Arte 36{END}
てきはんようおとこＥ／じゅつ３７{END},Half-Demon (Male) E/Arte 37{END}
てきはんようおとこＥ／じゅつ３８{END},Half-Demon (Male) E/Arte 38{END}
てきはんようおとこＥ／じゅつ３９{END},Half-Demon (Male) E/Arte 39{END}
てきはんようおとこＥ／じゅつ４０{END},Half-Demon (Male) E/Arte 40{END}
てきはんようおとこＥ／じゅつ４１{END},Half-Demon (Male) E/Arte 41{END}
てきはんようおとこＥ／じゅつ４２{END},Half-Demon (Male) E/Arte 42{END}
てきはんようおとこＥ／じゅつ４３{END},Half-Demon (Male) E/Arte 43{END}
リリス／かけごえＡ　１{END},Lilith/Shout A 1{END}
リリス／かけごえＡ　２{END},Lilith/Shout A 2{END}
リリス／かけごえＡ　３{END},Lilith/Shout A 3{END}
リリス／かけごえＡ　４{END},Lilith/Shout A 4{END}
リリス／かけごえＡ　５{END},Lilith/Shout A 5{END}
リリス／かけごえＡ　６{END},Lilith/Shout A 6{END}
リリス／かけごえＡ　７{END},Lilith/Shout A 7{END}
リリス／かけごえＡ　８{END},Lilith/Shout A 8{END}
リリス／かけごえＡ　９{END},Lilith/Shout A 9{END}
リリス／かけごえＡ１０{END},Lilith/Shout A10{END}
リリス／かけごえＡ１１{END},Lilith/Shout A11{END}
リリス／かけごえＡ１２{END},Lilith/Shout A12{END}
リリス／かけごえＡ１３{END},Lilith/Shout A13{END}
リリス／かけごえＡ１４{END},Lilith/Shout A14{END}
リリス／かけごえＡ１５{END},Lilith/Shout A15{END}
リリス／かけごえＡ１６{END},Lilith/Shout A16{END}
リリス／かけごえＡ１７{END},Lilith/Shout A17{END}
リリス／かけごえＡ１８{END},Lilith/Shout A18{END}
リリス／かけごえＡ１９{END},Lilith/Shout A19{END}
リリス／かけごえＡ２０{END},Lilith/Shout A20{END}
リリス／かけごえＡ２１{END},Lilith/Shout A21{END}
リリス／かけごえＡ２２{END},Lilith/Shout A22{END}
リリス／かけごえＢ　１{END},Lilith/Shout B 1{END}
リリス／かけごえＢ　２{END},Lilith/Shout B 2{END}
リリス／かけごえＢ　３{END},Lilith/Shout B 3{END}
リリス／かけごえＢ　４{END},Lilith/Shout B 4{END}
リリス／かけごえＢ　５{END},Lilith/Shout B 5{END}
リリス／じゅつ　１{END},Lilith/Arte 1{END}
リリス／じゅつ　２{END},Lilith/Arte 2{END}
リリス／じゅつ　３{END},Lilith/Arte 3{END}
リリス／じゅつ　４{END},Lilith/Arte 4{END}
リリス／じゅつ　５{END},Lilith/Arte 5{END}
リリス／じゅつ　６{END},Lilith/Arte 6{END}
リリス／じゅつ　７{END},Lilith/Arte 7{END}
リリス／ひめい　１{END},Lilith/Shriek 1{END}
リリス／ひめい　２{END},Lilith/Shriek 2{END}
リリス／ひめい　３{END},Lilith/Shriek 3{END}
リリス／ひめい　４{END},Lilith/Shriek 4{END}
リリス／ひめい　５{END},Lilith/Shriek 5{END}
リリス／ひめい　６{END},Lilith/Shriek 6{END}
リリス／ひめい　７{END},Lilith/Shriek 7{END}
リリス／ひめい　８{END},Lilith/Shriek 8{END}
リリス／ひめい　９{END},Lilith/Shriek 9{END}
リリス／ひめい１０{END},Lilith/Shriek 10{END}
リリス／ひめい１１{END},Lilith/Shriek 11{END}
リリス／ひめい１２{END},Lilith/Shriek 12{END}
リリス／ひめい１３{END},Lilith/Shriek 13{END}
オープニング　１{END},Opening 1{END}
オープニング　２{END},Opening 2{END}
オープニング　３{END},Opening 3{END}
オープニング　４{END},Opening 4{END}
オープニング　５{END},Opening 5{END}
オープニング　６{END},Opening 6{END}
オープニング　７{END},Opening 7{END}
オープニング　８{END},Opening 8{END}
オープニング　９{END},Opening 9{END}
オープニング１０{END},Opening 10{END}
オープニング１１{END},Opening 11{END}
オープニング１２{END},Opening 12{END}
オープニング１３{END},Opening 13{END}
オープニング１４{END},Opening 14{END}
ぜんいん／しょうり{END},Victory{END}
<Arche>／キスイベント{END},<Arche>/Kiss Event{END}
フラムベルク　１{END},Flamberg 1{END}
フラムベルク　２{END},Flamberg 2{END}
フラムベルク　３{END},Flamberg 3{END}
フラムベルク　４{END},Flamberg 4{END}
フェンビースト　１{END},Fenrir Beast 1{END}
フェンビースト　２{END},Fenrir Beast 2{END}
フェンビースト　３{END},Fenrir Beast 3{END}
フェンビースト　４{END},Fenrir Beast 4{END}
フェンビースト　５{END},Fenrir Beast 5{END}
フェンビースト　６{END},Fenrir Beast 6{END}
オリジン　１{END},Origin 1{END}
オリジン　２{END},Origin 2{END}
マクスウェル　１{END},Maxwell 1{END}
マクスウェル　２{END},Maxwell 2{END}
マクスウェル　３{END},Maxwell 3{END}
ルナ{END},Luna{END}
アルテミス　１{END},Artemis 1{END}
アルテミス　２{END},Artemis 2{END}
オズ　１{END},OZ 1{END}
オズ　２{END},OZ 2{END}
オズ　３{END},OZ 3{END}
オズ　４{END},OZ 4{END}
オズ　５{END},OZ 5{END}
オズ　６{END},OZ 6{END}
オズ　７{END},OZ 7{END}
オズ　８{END},OZ 8{END}
オズ　９{END},OZ 9{END}
オズ１０{END},OZ10{END}
オズ１１{END},OZ11{END}
ＭＩＮＩＧＡＭＥ（かない）　１{END},Minigame (Kanai) 1{END}
ＭＩＮＩＧＡＭＥ（かない）　２{END},Minigame (Kanai) 2{END}
ＭＩＮＩＧＡＭＥ（かない）　３{END},Minigame (Kanai) 3{END}
ＭＩＮＩＧＡＭＥ（かない）　４{END},Minigame (Kanai) 4{END}
ＭＩＮＩＧＡＭＥ（かない）　５{END},Minigame (Kanai) 5{END}
ＭＩＮＩＧＡＭＥ（かない）　６{END},Minigame (Kanai) 6{END}
ＭＩＮＩＧＡＭＥ（かない）　７{END},Minigame (Kanai) 7{END}
ＭＩＮＩＧＡＭＥ（かない）　８{END},Minigame (Kanai) 8{END}
ＭＩＮＩＧＡＭＥ（かない）　９{END},Minigame (Kanai) 9{END}
ＭＩＮＩＧＡＭＥ（かない）１０{END},Minigame (Kanai) 10{END}
ＭＩＮＩＧＡＭＥ（かない）１１{END},Minigame (Kanai) 11{END}
ＭＩＮＩＧＡＭＥ（かない）１２{END},Minigame (Kanai) 12{END}
ＭＩＮＩＧＡＭＥ（かない）１３{END},Minigame (Kanai) 13{END}
ＭＩＮＩＧＡＭＥカムヒアー＝ぼつ{END},Minigame Come Here{END}
ＭＩＮＩＧＡＭＥ（かない）１４{END},Minigame (Kanai) 14{END}
ＭＩＮＩＧＡＭＥ（かない）１５{END},Minigame (Kanai) 15{END}
ＭＩＮＩＧＡＭＥ（かない）１６{END},Minigame (Kanai) 16{END}
ＭＩＮＩＧＡＭＥ（かない）１７{END},Minigame (Kanai) 17{END}
ＭＩＮＩＧＡＭＥ（かない）１８{END},Minigame (Kanai) 18{END}
ＭＩＮＩＧＡＭＥ（かない）１９{END},Minigame (Kanai) 19{END}
ＭＩＮＩＧＡＭＥ（かない）２０{END},Minigame (Kanai) 20{END}
ＭＩＮＩＧＡＭＥ（かない）２１{END},Minigame (Kanai) 21{END}
ＭＩＮＩＧＡＭＥ（かない）２２{END},Minigame (Kanai) 22{END}
ＭＩＮＩＧＡＭＥ（いとう）２３{END},Minigame (Itou) 23{END}
ＭＩＮＩＧＡＭＥ（いとう）２４{END},Minigame (Itou) 24{END}
ＭＩＮＩＧＡＭＥ（いとう）２５{END},Minigame (Itou) 25{END}
ＭＩＮＩＧＡＭＥ（いとう）２６{END},Minigame (Itou) 26{END}
ＭＩＮＩＧＡＭＥ（いとう）２７{END},Minigame (Itou) 27{END}
ＭＩＮＩＧＡＭＥ（いとう）２８{END},Minigame (Itou) 28{END}
ＭＩＮＩＧＡＭＥ（いとう）２９{END},Minigame (Itou) 29{END}
<Mint>／キスイベント{END},<Mint>/Kiss Event{END}
マーテル　１{END},Martel 1{END}
マーテル　２{END},Martel 2{END}
マーテル　３{END},Martel 3{END}
マーテル　４{END},Martel 4{END}
マーテル　５{END},Martel 5{END}
マーテル　６{END},Martel 6{END}
エンディング１－０１{END},Ending 1-01{END}
エンディング１－０２{END},Ending 1-02{END}
エンディング１－０３{END},Ending 1-03{END}
エンディング１－０４{END},Ending 1-04{END}
エンディング１－０５{END},Ending 1-05{END}
エンディング１－０６{END},Ending 1-06{END}
エンディング１－０７{END},Ending 1-07{END}
エンディング１－０８{END},Ending 1-08{END}
エンディング１－０９{END},Ending 1-09{END}
エンディング１－１０{END},Ending 1-10{END}
エンディング１－１１{END},Ending 1-11{END}
エンディング１－１２{END},Ending 1-12{END}
エンディング１－１３{END},Ending 1-13{END}
エンディング１－１４{END},Ending 1-14{END}
エンディング１－１５{END},Ending 1-15{END}
エンディング１－１６{END},Ending 1-16{END}
エンディング１－１７{END},Ending 1-17{END}
エンディング１－１８{END},Ending 1-18{END}
エンディング１－１９{END},Ending 1-19{END}
エンディング１－２０{END},Ending 1-20{END}
エンディング１－２１{END},Ending 1-21{END}
エンディング１－２２{END},Ending 1-22{END}
エンディング１－２３{END},Ending 1-23{END}
エンディング２－０１{END},Ending 2-01{END}
エンディング２－０２{END},Ending 2-02{END}
エンディング２－０３{END},Ending 2-03{END}
エンディング２－０４{END},Ending 2-04{END}
エンディング２－０５{END},Ending 2-05{END}
エンディング２－０６{END},Ending 2-06{END}
エンディング２－０７{END},Ending 2-07{END}
エンディング２－０８{END},Ending 2-08{END}
エンディング２－０９{END},Ending 2-09{END}
エンディング２－１０{END},Ending 2-10{END}
エンディング２－１１{END},Ending 2-11{END}
エンディング２－１２{END},Ending 2-12{END}
エンディング２－１３{END},Ending 2-13{END}
エンディング２－１４{END},Ending 2-14{END}
エンディング２－１５{END},Ending 2-15{END}
エンディング２－１６{END},Ending 2-16{END}
エンディング２－１７{END},Ending 2-17{END}
エンディング２－１８{END},Ending 2-18{END}
エンディング２－１９{END},Ending 2-19{END}
エンディング２－２０{END},Ending 2-20{END}
エンディング２－２１{END},Ending 2-21{END}
エンディング１－２４{END},Ending 1-24{END}
エンディング１－２５{END},Ending 1-25{END}
エンディング１－２６{END},Ending 1-26{END}
エンディング１－２７{END},Ending 1-27{END}
エンディング１－２８{END},Ending 1-28{END}
エンディング３－０１{END},Ending 3-01{END}
エンディング３－０２{END},Ending 3-02{END}
エンディング３－０３{END},Ending 3-03{END}
エンディング３－０４{END},Ending 3-04{END}
エンディング３－０５{END},Ending 3-05{END}
エンディング３－０６{END},Ending 3-06{END}
エンディング３－０７{END},Ending 3-07{END}
エンディング３－０８{END},Ending 3-08{END}
エンディング３－０９{END},Ending 3-09{END}
はくしゅ{END},Applause{END}
からす{END},Crow{END}
にわとり{END},Rooster{END}
おおかみ{END},Wolf{END}
かんせい{END},Cheer{END}
？？？－１{END},???-1{END}
？？？－２{END},???-2{END}
？？？－３{END},???-3{END}
？？？－４{END},???-4{END}
ひづめ{END},Galloping Horse{END}
ＳＶ００－００１－００１{END},ＳＶ００－００１－００１{END}
ＳＶ００－００１－００２{END},ＳＶ００－００１－００２{END}
ＳＶ００－００１－００３{END},ＳＶ００－００１－００３{END}
ＳＶ００－００１－００４{END},ＳＶ００－００１－００４{END}
ＳＶ００－００１－００５{END},ＳＶ００－００１－００５{END}
ＳＶ００－００１－００６{END},ＳＶ００－００１－００６{END}
ＳＶ００－００１－００７{END},ＳＶ００－００１－００７{END}
ＳＶ００－００１－００８{END},ＳＶ００－００１－００８{END}
ＳＶ００－００１－００９{END},ＳＶ００－００１－００９{END}
ＳＶ０１－００１－０１０{END},ＳＶ０１－００１－０１０{END}
ＳＶ０１－００１－０１１{END},ＳＶ０１－００１－０１１{END}
ＳＶ０１－００１－０１２{END},ＳＶ０１－００１－０１２{END}
ＳＶ０１－００１－０１３{END},ＳＶ０１－００１－０１３{END}
ＳＶ０１－００１－０１４{END},ＳＶ０１－００１－０１４{END}
ＳＶ０１－００１－０１５{END},ＳＶ０１－００１－０１５{END}
ＳＶ０１－００１－０１６{END},ＳＶ０１－００１－０１６{END}
ＳＶ０１－００１－０１７{END},ＳＶ０１－００１－０１７{END}
ＳＶ０１－００１－０１８{END},ＳＶ０１－００１－０１８{END}
ＳＶ０１－００１－０１９{END},ＳＶ０１－００１－０１９{END}
ＳＶ０２－００１－０２０{END},ＳＶ０２－００１－０２０{END}
ＳＶ０２－００１－０２１{END},SV02-001-021{END}
ＳＶ０２－００１－０２２{END},SV02-001-022{END}
ＳＶ０２－００１－０２３{END},SV02-001-023{END}
ＳＶ０２－００１－０２４{END},SV02-001-024{END}
ＳＶ０２－００１－０２５{END},SV02-001-025{END}
ＳＶ０２－００１－０２６{END},SV02-001-026{END}
ＳＶ０２－００１－０２７{END},SV02-001-027{END}
ＳＶ０２－００１－０２８{END},SV02-001-028{END}
ＳＶ０２－００１－０２９{END},SV02-001-029{END}
ＳＶ０３－００１－０３０{END},SV03-001-030{END}
ＳＶ０３－００１－０３１{END},SV03-001-031{END}
ＳＶ０３－００１－０３２{END},SV03-001-032{END}
ＳＶ０３－００１－０３３{END},SV03-001-033{END}
ＳＶ０３－００１－０３４{END},SV03-001-034{END}
ＳＶ０３－００１－０３５{END},SV03-001-035{END}
ＳＶ０３－００１－０３６{END},SV03-001-036{END}
ＳＶ０３－００１－０３７{END},SV03-001-037{END}
ＳＶ０３－００１－０３８{END},SV03-001-038{END}
ＳＶ０３－００１－０３９{END},SV03-001-039{END}
ＳＶ０４－００１－０４０{END},SV04-001-040{END}
ＳＶ０４－００１－０４１{END},SV04-001-041{END}
ＳＶ０４－００１－０４２{END},SV04-001-042{END}
ＳＶ０４－００１－０４３{END},SV04-001-043{END}
ＳＶ０４－００１－０４４{END},SV04-001-044{END}
ＳＶ０４－００１－０４５{END},SV04-001-045{END}
ＳＶ０４－００１－０４６{END},SV04-001-046{END}
ＳＶ０４－００１－０４７{END},SV04-001-047{END}
ＳＶ０４－００１－０４８{END},SV04-001-048{END}
ＳＶ０４－００１－０４９{END},SV04-001-049{END}
ＳＶ０５－００１－０５０{END},SV05-001-050{END}
ＳＶ０５－００１－０５１{END},SV05-001-051{END}
ＳＶ０５－００１－０５２{END},SV05-001-052{END}
ＳＶ０５－００１－０５３{END},SV05-001-053{END}
ＳＶ０５－００１－０５４{END},SV05-001-054{END}
ＳＶ０５－００１－０５５{END},SV05-001-055{END}
ＳＶ０５－００１－０５６{END},SV05-001-056{END}
ＳＶ０５－００１－０５７{END},SV05-001-057{END}
ＳＶ０５－００１－０５８{END},SV05-001-058{END}
ＳＶ０５－００１－０５９{END},SV05-001-059{END}
ＳＶ０６－００１－０６０{END},SV06-001-060{END}
ＳＶ０６－００１－０６１{END},SV06-001-061{END}
ＳＶ０６－００１－０６２{END},SV06-001-062{END}
ＳＶ０６－００１－０６３{END},SV06-001-063{END}
ＳＶ０６－００１－０６４{END},SV06-001-064{END}
ＳＶ０７－００２－００１{END},SV07-002-001{END}
ＳＶ０７－００２－００２{END},SV07-002-002{END}
ＳＶ０７－００２－００３{END},SV07-002-003{END}
ＳＶ０７－００２－００４{END},SV07-002-004{END}
ＳＶ０７－００２－００５{END},SV07-002-005{END}
ＳＶ０７－００２－００６{END},SV07-002-006{END}
ＳＶ０７－００２－００７{END},SV07-002-007{END}
ＳＶ０７－００２－００８{END},SV07-002-008{END}
ＳＶ０７－００２－００９{END},SV07-002-009{END}
ＳＶ０８－００２－０１０{END},SV08-002-010{END}
ＳＶ０８－００２－０１１{END},SV08-002-011{END}
ＳＶ０８－００２－０１２{END},SV08-002-012{END}
ＳＶ０８－００２－０１３{END},SV08-002-013{END}
ＳＶ０８－００２－０１４{END},SV08-002-014{END}
ＳＶ０８－００２－０１５{END},SV08-002-015{END}
ＳＶ０８－００２－０１６{END},SV08-002-016{END}
ＳＶ０８－００２－０１７{END},SV08-002-017{END}
ＳＶ０８－００２－０１８{END},SV08-002-018{END}
ＳＶ０８－００２－０１９{END},SV08-002-019{END}
ＳＶ０９－００３－００１{END},SV09-003-001{END}
ＳＶ０９－００３－００２{END},SV09-003-002{END}
ＳＶ０９－００３－００３{END},SV09-003-003{END}
ＳＶ０９－００３－００４{END},SV09-003-004{END}
ＳＶ０９－００３－００５{END},SV09-003-005{END}
ＳＶ０９－００３－００６{END},SV09-003-006{END}
ＳＶ０９－００３－００７{END},SV09-003-007{END}
ＳＶ０９－００３－００８{END},SV09-003-008{END}
ＳＶ０９－００３－００９{END},SV09-003-009{END}
ＳＶ１０－００３－０１０{END},SV10-003-010{END}
ＳＶ１０－００３－０１１{END},SV10-003-011{END}
ＳＶ１０－００３－０１２{END},SV10-003-012{END}
ＳＶ１０－００３－０１３{END},SV10-003-013{END}
ＳＶ１０－００３－０１４{END},SV10-003-014{END}
ＳＶ１０－００３－０１５{END},SV10-003-015{END}
ＳＶ１０－００３－０１６{END},SV10-003-016{END}
ＳＶ１０－００３－０１７{END},SV10-003-017{END}
ＳＶ１０－００３－０１８{END},SV10-003-018{END}
ＳＶ１０－００３－０１９{END},SV10-003-019{END}
ＳＶ１１－００３－０２０{END},SV11-003-020{END}
ＳＶ１１－００３－０２１{END},SV11-003-021{END}
ＳＶ１１－００３－０２２{END},SV11-003-022{END}
ＳＶ１１－００３－０２３{END},SV11-003-023{END}
ＳＶ１１－００３－０２４{END},SV11-003-024{END}
ＳＶ１１－００３－０２５{END},SV11-003-025{END}
ＳＶ１１－００３－０２６{END},SV11-003-026{END}
ＳＶ１１－００３－０２７{END},SV11-003-027{END}
ＳＶ１１－００３－０２８{END},SV11-003-028{END}
ＳＶ１１－００３－０２９{END},SV11-003-029{END}
ＳＶ１２－００３－０３０{END},SV12-003-030{END}
ＳＶ１２－００３－０３１{END},SV12-003-031{END}
ＳＶ１２－００３－０３２{END},SV12-003-032{END}
ＳＶ１２－００３－０３３{END},SV12-003-033{END}
ＳＶ１２－００３－０３４{END},SV12-003-034{END}
ＳＶ１２－００３－０３５{END},SV12-003-035{END}
ＳＶ１２－００３－０３６{END},SV12-003-036{END}
ＳＶ１２－００３－０３７{END},SV12-003-037{END}
ＳＶ１２－００３－０３８{END},SV12-003-038{END}
ＳＶ１２－００３－０３９{END},SV12-003-039{END}
ＳＶ１３－００３－０４０{END},SV13-003-040{END}
ＳＶ１３－００３－０４１{END},SV13-003-041{END}
ＳＶ１３－００３－０４２{END},SV13-003-042{END}
ＳＶ１３－００３－０４３{END},SV13-003-043{END}
ＳＶ１３－００３－０４４{END},SV13-003-044{END}
ＳＶ１３－００３－０４５{END},SV13-003-045{END}
ＳＶ１３－００３－０４６{END},SV13-003-046{END}
ＳＶ１３－００３－０４７{END},SV13-003-047{END}
ＳＶ１３－００３－０４８{END},SV13-003-048{END}
ＳＶ１４－００４－００１{END},SV14-004-001{END}
ＳＶ１４－００４－００２{END},SV14-004-002{END}
ＳＶ１４－００４－００３{END},SV14-004-003{END}
ＳＶ１４－００４－００４{END},SV14-004-004{END}
ＳＶ１４－００４－００５{END},SV14-004-005{END}
ＳＶ１４－００４－００６{END},SV14-004-006{END}
ＳＶ１４－００４－００７{END},SV14-004-007{END}
ＳＶ１４－００４－００８{END},SV14-004-008{END}
ＳＶ１４－００４－００９{END},SV14-004-009{END}
ＳＶ１５－００４－０１０{END},SV15-004-010{END}
ＳＶ１５－００４－０１１{END},SV15-004-011{END}
ＳＶ１５－００４－０１２{END},SV15-004-012{END}
ＳＶ１５－００４－０１３{END},SV15-004-013{END}
ＳＶ１５－００４－０１４{END},SV15-004-014{END}
ＳＶ１５－００４－０１５{END},SV15-004-015{END}
ＳＶ１５－００４－０１６{END},SV15-004-016{END}
ＳＶ１５－００４－０１７{END},SV15-004-017{END}
ＳＶ１５－００４－０１８{END},SV15-004-018{END}
ＳＶ１５－００４－０１９{END},SV15-004-019{END}
ＳＶ１６－００４－０２０{END},SV16-004-020{END}
ＳＶ１６－００４－０２１{END},SV16-004-021{END}
ＳＶ１６－００４－０２２{END},SV16-004-022{END}
ＳＶ１６－００４－０２３{END},SV16-004-023{END}
ＳＶ１６－００４－０２４{END},SV16-004-024{END}
ＳＶ１６－００４－０２５{END},SV16-004-025{END}
ＳＶ１６－００４－０２６{END},SV16-004-026{END}
ＳＶ１６－００４－０２７{END},SV16-004-027{END}
ＳＶ１６－００４－０２８{END},SV16-004-028{END}
ＳＶ１６－００４－０２９{END},SV16-004-029{END}
ＳＶ１７－００４－０３０{END},SV17-004-030{END}
ＳＶ１７－００４－０３１{END},SV17-004-031{END}
ＳＶ１７－００４－０３２{END},SV17-004-032{END}
ＳＶ１７－００４－０３３{END},SV17-004-033{END}
ＳＶ１７－００４－０３４{END},SV17-004-034{END}
ＳＶ１７－００４－０３５{END},SV17-004-035{END}
ＳＶ１７－００４－０３６{END},SV17-004-036{END}
ＳＶ１７－００４－０３７{END},SV17-004-037{END}
ＳＶ１７－００４－０３８{END},SV17-004-038{END}
ＳＶ１７－００４－０３９{END},SV17-004-039{END}
ＳＶ１８－００４－０４０{END},SV18-004-040{END}
ＳＶ１８－００４－０４１{END},SV18-004-041{END}
ＳＶ１９－００５－００１{END},SV19-005-001{END}
ＳＶ１９－００５－００２{END},SV19-005-002{END}
ＳＶ１９－００５－００３{END},SV19-005-003{END}
ＳＶ１９－００５－００４{END},SV19-005-004{END}
ＳＶ１９－００５－００５{END},SV19-005-005{END}
ＳＶ１９－００５－００６{END},SV19-005-006{END}
ＳＶ１９－００５－００７{END},SV19-005-007{END}
ＳＶ１９－００５－００８{END},SV19-005-008{END}
ＳＶ１９－００５－００９{END},SV19-005-009{END}
ＳＶ２０－００５－０１０{END},SV20-005-010{END}
ＳＶ２１－００５－０１１{END},SV21-005-011{END}
ＳＶ２１－００５－０１２{END},SV21-005-012{END}
ＳＶ２２－００６－００１{END},SV22-006-001{END}
ＳＶ２２－００６－００２{END},SV22-006-002{END}
ＳＶ２２－００６－００３{END},SV22-006-003{END}
ＳＶ２２－００６－００４{END},SV22-006-004{END}
ＳＶ２２－００６－００５{END},SV22-006-005{END}
ＳＶ２２－００６－００６{END},SV22-006-006{END}
ＳＶ２２－００６－００７{END},SV22-006-007{END}
ＳＶ２２－００６－００８{END},SV22-006-008{END}
ＳＶ２２－００６－００９{END},SV22-006-009{END}
ＳＶ２３－００６－０１０{END},SV23-006-010{END}
ＳＶ２３－００６－０１１{END},SV23-006-011{END}
ＳＶ２３－００６－０１２{END},SV23-006-012{END}
ＳＶ２３－００６－０１３{END},SV23-006-013{END}
ＳＶ２３－００６－０１４{END},SV23-006-014{END}
ＳＶ２３－００６－０１５{END},SV23-006-015{END}
ＳＶ２３－００６－０１６{END},SV23-006-016{END}
ＳＶ２３－００６－０１７{END},SV23-006-017{END}
ＳＶ２３－００６－０１８{END},SV23-006-018{END}
ＳＶ２３－００６－０１９{END},SV23-006-019{END}
ＳＶ２４－００６－０２０{END},SV24-006-020{END}
ＳＶ２４－００６－０２１{END},SV24-006-021{END}
ＳＶ２４－００６－０２２{END},SV24-006-022{END}
ＳＶ２４－００６－０２３{END},SV24-006-023{END}
ＳＶ２４－００６－０２４{END},SV24-006-024{END}
ＳＶ２４－００６－０２５{END},SV24-006-025{END}
ＳＶ２４－００６－０２６{END},SV24-006-026{END}
ＳＶ２４－００６－０２７{END},SV24-006-027{END}
ＳＶ２４－００６－０２８{END},SV24-006-028{END}
ＳＶ２４－００６－０２９{END},SV24-006-029{END}
ＳＶ２５－００６－０３０{END},SV25-006-030{END}
ＳＶ２５－００６－０３１{END},SV25-006-031{END}
ＳＶ２５－００６－０３２{END},SV25-006-032{END}
ＳＶ２５－００６－０３３{END},SV25-006-033{END}
ＳＶ２５－００６－０３４{END},SV25-006-034{END}
ＳＶ２５－００６－０３５{END},SV25-006-035{END}
ＳＶ２５－００６－０３６{END},SV25-006-036{END}
ＳＶ２５－００６－０３７{END},SV25-006-037{END}
ＳＶ２５－００６－０３８{END},SV25-006-038{END}
ＳＶ２５－００６－０３９{END},SV25-006-039{END}
ＳＶ２６－００６－０４０{END},SV26-006-040{END}
ＳＶ２６－００６－０４１{END},SV26-006-041{END}
ＳＶ２６－００６－０４２{END},SV26-006-042{END}
ＳＶ２６－００６－０４３{END},SV26-006-043{END}
ＳＶ２６－００６－０４４{END},SV26-006-044{END}
ＳＶ２６－００６－０４５{END},SV26-006-045{END}
ＳＶ２６－００６－０４６{END},SV26-006-046{END}
ＳＶ２６－００６－０４７{END},SV26-006-047{END}
ＳＶ２６－００６－０４８{END},SV26-006-048{END}
ＳＶ２６－００６－０４９{END},SV26-006-049{END}
ＳＶ２７－００６－０５０{END},SV27-006-050{END}
ＳＶ２７－００６－０５１{END},SV27-006-051{END}
ＳＶ２７－００６－０５２{END},SV27-006-052{END}
ＳＶ２７－００６－０５３{END},SV27-006-053{END}
ＳＶ２７－００６－０５４{END},SV27-006-054{END}
ＳＶ２７－００６－０５５{END},SV27-006-055{END}
ＳＶ２７－００６－０５６{END},SV27-006-056{END}
ＳＶ２７－００６－０５７{END},SV27-006-057{END}
ＳＶ２８－００７－００１{END},SV28-007-001{END}
ＳＶ２８－００７－００２{END},SV28-007-002{END}
ＳＶ２８－００７－００３{END},SV28-007-003{END}
ＳＶ２８－００７－００４{END},SV28-007-004{END}
ＳＶ２８－００７－００５{END},SV28-007-005{END}
ＳＶ２８－００７－００６{END},SV28-007-006{END}
ＳＶ２８－００７－００７{END},SV28-007-007{END}
ＳＶ２８－００７－００８{END},SV28-007-008{END}
ＳＶ２８－００７－００９{END},SV28-007-009{END}
ＳＶ２９－００７－０１０{END},SV29-007-010{END}
ＳＶ２９－００７－０１１{END},SV29-007-011{END}
ＳＶ２９－００７－０１２{END},SV29-007-012{END}
ＳＶ２９－００７－０１３{END},SV29-007-013{END}
ＳＶ２９－００７－０１４{END},SV29-007-014{END}
ＳＶ２９－００７－０１５{END},SV29-007-015{END}
ＳＶ２９－００７－０１６{END},SV29-007-016{END}
ＳＶ２９－００７－０１７{END},SV29-007-017{END}
ＳＶ２９－００７－０１８{END},SV29-007-018{END}
ＳＶ２９－００７－０１９{END},SV29-007-019{END}
ＳＶ３０－００７－０２０{END},SV30-007-020{END}
ＳＶ３０－００７－０２１{END},SV30-007-021{END}
ＳＶ３０－００７－０２２{END},SV30-007-022{END}
ＳＶ３０－００７－０２３{END},SV30-007-023{END}
ＳＶ３０－００７－０２４{END},SV30-007-024{END}
ＳＶ３０－００７－０２５{END},SV30-007-025{END}
ＳＶ３０－００７－０２６{END},SV30-007-026{END}
ＳＶ３０－００７－０２７{END},SV30-007-027{END}
ＳＶ３０－００７－０２８{END},SV30-007-028{END}
ＳＶ３０－００７－０２９{END},SV30-007-029{END}
ＳＶ３１－００７－０３０{END},SV31-007-030{END}
ＳＶ３１－００７－０３１{END},SV31-007-031{END}
ＳＶ３１－００７－０３２{END},SV31-007-032{END}
ＳＶ３１－００７－０３３{END},SV31-007-033{END}
ＳＶ３１－００７－０３４{END},SV31-007-034{END}
ＳＶ３１－００７－０３５{END},SV31-007-035{END}
ＳＶ３１－００７－０３６{END},SV31-007-036{END}
ＳＶ３１－００７－０３７{END},SV31-007-037{END}
ＳＶ３１－００７－０３８{END},SV31-007-038{END}
ＳＶ３１－００７－０３９{END},SV31-007-039{END}
ＳＶ３２－００７－０４０{END},SV32-007-040{END}
ＳＶ３２－００７－０４１{END},SV32-007-041{END}
ＳＶ３２－００７－０４２{END},SV32-007-042{END}
ＳＶ３２－００７－０４３{END},SV32-007-043{END}
ＳＶ３２－００７－０４４{END},SV32-007-044{END}
ＳＶ３２－００７－０４５{END},SV32-007-045{END}
ＳＶ３２－００７－０４６{END},SV32-007-046{END}
ＳＶ３２－００７－０４７{END},SV32-007-047{END}
ＳＶ３２－００７－０４８{END},SV32-007-048{END}
ＳＶ３２－００７－０４９{END},SV32-007-049{END}
ＳＶ３３－００７－０５０{END},SV33-007-050{END}
ＳＶ３３－００７－０５１{END},SV33-007-051{END}
ＳＶ３３－００７－０５２{END},SV33-007-052{END}
ＳＶ３３－００７－０５３{END},SV33-007-053{END}
ＳＶ３３－００７－０５４{END},SV33-007-054{END}
ＳＶ３３－００７－０５５{END},SV33-007-055{END}
ＳＶ３３－００７－０５６{END},SV33-007-056{END}
ＳＶ３３－００７－０５７{END},SV33-007-057{END}
ＳＶ３３－００７－０５８{END},SV33-007-058{END}
ＳＶ３３－００７－０５９{END},SV33-007-059{END}
ＳＶ３４－００７－０６０{END},SV34-007-060{END}
ＳＶ３４－００７－０６１{END},SV34-007-061{END}
ＳＶ３４－００７－０６２{END},SV34-007-062{END}
ＳＶ３４－００７－０６３{END},SV34-007-063{END}
ＳＶ３４－００７－０６４{END},SV34-007-064{END}
ＳＶ３４－００７－０６５{END},SV34-007-065{END}
ＳＶ３４－００７－０６６{END},SV34-007-066{END}
ＳＶ３４－００７－０６７{END},SV34-007-067{END}
ＳＶ３４－００７－０６８{END},SV34-007-068{END}
ＳＶ３４－００７－０６９{END},SV34-007-069{END}
ＳＶ３５－００７－０７０{END},SV35-007-070{END}
ＳＶ３５－００７－０７１{END},SV35-007-071{END}
ＳＶ３５－００７－０７２{END},SV35-007-072{END}
ＳＶ３５－００７－０７３{END},SV35-007-073{END}
ＳＶ３５－００７－０７４{END},SV35-007-074{END}
ＳＶ３５－００７－０７５{END},SV35-007-075{END}
ＳＶ３５－００７－０７６{END},SV35-007-076{END}
ＳＶ３５－００７－０７７{END},SV35-007-077{END}
ＳＶ３５－００７－０７８{END},SV35-007-078{END}
ＳＶ３５－００７－０７９{END},SV35-007-079{END}
ＳＶ３６－００７－０８０{END},SV36-007-080{END}
ＳＶ３６－００７－０８１{END},SV36-007-081{END}
ＳＶ３６－００７－０８２{END},SV36-007-082{END}
ＳＶ３６－００７－０８３{END},SV36-007-083{END}
ＳＶ３６－００７－０８４{END},SV36-007-084{END}
ＳＶ３６－００７－０８５{END},SV36-007-085{END}
ＳＶ３６－００７－０８６{END},SV36-007-086{END}
ＳＶ３６－００７－０８７{END},SV36-007-087{END}
ＳＶ３６－００７－０８８{END},SV36-007-088{END}
ＳＶ３６－００７－０８９{END},SV36-007-089{END}
ＳＶ３７－００７－０９０{END},SV37-007-090{END}
ＳＶ３７－００７－０９１{END},SV37-007-091{END}
ＳＶ３７－００７－０９２{END},SV37-007-092{END}
ＳＶ３７－００７－０９３{END},SV37-007-093{END}
ＳＶ３７－００７－０９４{END},SV37-007-094{END}
ＳＶ３７－００７－０９５{END},SV37-007-095{END}
ＳＶ３７－００７－０９６{END},SV37-007-096{END}
ＳＶ３７－００７－０９７{END},SV37-007-097{END}
ＳＶ３７－００７－０９８{END},SV37-007-098{END}
ＳＶ３７－００７－０９９{END},SV37-007-099{END}
ＳＶ３８－００７－１００{END},SV38-007-100{END}
ＳＶ３８－００７－１０１{END},SV38-007-101{END}
ＳＶ３８－００７－１０２{END},SV38-007-102{END}
ＳＶ３８－００７－１０３{END},SV38-007-103{END}
ＳＶ３８－００７－１０４{END},SV38-007-104{END}
ＳＶ３８－００７－１０５{END},SV38-007-105{END}
ＳＶ３８－００７－１０６{END},SV38-007-106{END}
ＳＶ３８－００７－１０７{END},SV38-007-107{END}
ＳＶ３８－００７－１０８{END},SV38-007-108{END}
ＳＶ３８－００７－１０９{END},SV38-007-109{END}
ＳＶ３９－００７－１１０{END},SV39-007-110{END}
ＳＶ３９－００７－１１１{END},SV39-007-111{END}
ＳＶ３９－００７－１１２{END},SV39-007-112{END}
ＳＶ３９－００７－１１３{END},SV39-007-113{END}
ＳＶ３９－００７－１１４{END},SV39-007-114{END}
ＳＶ３９－００７－１１５{END},SV39-007-115{END}
ＳＶ３９－００７－１１６{END},SV39-007-116{END}
ＳＶ３９－００７－１１７{END},SV39-007-117{END}
ＳＶ３９－００７－１１８{END},SV39-007-118{END}
ＳＶ３９－００７－１１９{END},SV39-007-119{END}
ＳＶ４０－００７－１２０{END},SV40-007-120{END}
ＳＶ４０－００７－１２１{END},SV40-007-121{END}
ＳＶ４０－００７－１２２{END},SV40-007-122{END}
ＳＶ４０－００７－１２３{END},SV40-007-123{END}
ＳＶ４０－００７－１２４{END},SV40-007-124{END}
ＳＶ４０－００７－１２５{END},SV40-007-125{END}
ＳＶ４０－００７－１２６{END},SV40-007-126{END}
ＳＶ４０－００７－１２７{END},SV40-007-127{END}
ＳＶ４０－００７－１２８{END},SV40-007-128{END}
ＳＶ４０－００７－１２９{END},SV40-007-129{END}
ＳＶ４１－００７－１３０{END},SV41-007-130{END}
ＳＶ４１－００７－１３１{END},SV41-007-131{END}
ＳＶ４１－００７－１３２{END},SV41-007-132{END}
ＳＶ４１－００７－１３３{END},SV41-007-133{END}
ＳＶ４１－００７－１３４{END},SV41-007-134{END}
ＳＶ４１－００７－１３５{END},SV41-007-135{END}
ＳＶ４１－００７－１３６{END},SV41-007-136{END}
ＳＶ４１－００７－１３７{END},SV41-007-137{END}
ＳＶ４１－００７－１３８{END},SV41-007-138{END}
ＳＶ４１－００７－１３９{END},SV41-007-139{END}
ＳＶ４２－００７－１４０{END},SV42-007-140{END}
ＳＶ４２－００７－１４１{END},SV42-007-141{END}
ＳＶ４２－００７－１４２{END},SV42-007-142{END}
ＳＶ４２－００７－１４３{END},SV42-007-143{END}
ＳＶ４２－００７－１４４{END},SV42-007-144{END}
ＳＶ４２－００７－１４５{END},SV42-007-145{END}
ＳＶ４２－００７－１４６{END},SV42-007-146{END}
ＳＶ４２－００７－１４７{END},SV42-007-147{END}
ＳＶ４２－００７－１４８{END},SV42-007-148{END}
ＳＶ４２－００７－１４９{END},SV42-007-149{END}
ＳＶ４３－００７－１５０{END},SV43-007-150{END}
ＳＶ４３－００７－１５１{END},SV43-007-151{END}
ＳＶ４３－００７－１５２{END},SV43-007-152{END}
ＳＶ４３－００７－１５３{END},SV43-007-153{END}
ＳＶ４３－００７－１５４{END},SV43-007-154{END}
ＳＶ４３－００７－１５５{END},SV43-007-155{END}
ＳＶ４３－００７－１５６{END},SV43-007-156{END}
ＳＶ４３－００７－１５７{END},SV43-007-157{END}
ＳＶ４４－００８－００１{END},SV44-008-001{END}
ＳＶ４４－００８－００２{END},SV44-008-002{END}
ＳＶ４４－００８－００３{END},SV44-008-003{END}
ＳＶ４４－００８－００４{END},SV44-008-004{END}
ＳＶ４４－００８－００５{END},SV44-008-005{END}
ＳＶ４４－００８－００６{END},SV44-008-006{END}
ＳＶ４４－００８－００７{END},SV44-008-007{END}
ＳＶ４４－００８－００８{END},SV44-008-008{END}
ＳＶ４４－００８－００９{END},SV44-008-009{END}
ＳＶ４５－００８－０１０{END},SV45-008-010{END}
ＳＶ４５－００８－０１１{END},SV45-008-011{END}
ＳＶ４５－００８－０１２{END},SV45-008-012{END}
ＳＶ４５－００８－０１３{END},SV45-008-013{END}
ＳＶ４５－００８－０１４{END},SV45-008-014{END}
ＳＶ４５－００８－０１５{END},SV45-008-015{END}
ＳＶ４５－００８－０１６{END},SV45-008-016{END}
ＳＶ４５－００８－０１７{END},SV45-008-017{END}
ＳＶ４５－００８－０１８{END},SV45-008-018{END}
ＳＶ４５－００８－０１９{END},SV45-008-019{END}
ＳＶ４６－００８－０２０{END},SV46-008-020{END}
ＳＶ４６－００８－０２１{END},SV46-008-021{END}
ＳＶ４６－００８－０２２{END},SV46-008-022{END}
ＳＶ４６－００８－０２３{END},SV46-008-023{END}
ＳＶ４６－００８－０２４{END},SV46-008-024{END}
ＳＶ４６－００８－０２５{END},SV46-008-025{END}
ＳＶ４６－００８－０２６{END},SV46-008-026{END}
ＳＶ４６－００８－０２７{END},SV46-008-027{END}
ＳＶ４６－００８－０２８{END},SV46-008-028{END}
ＳＶ４６－００８－０２９{END},SV46-008-029{END}
ＳＶ４７－００８－０３０{END},SV47-008-030{END}
ＳＶ４７－００８－０３１{END},SV47-008-031{END}
ＳＶ４７－００８－０３２{END},SV47-008-032{END}
ＳＶ４７－００８－０３３{END},SV47-008-033{END}
ＳＶ４７－００８－０３４{END},SV47-008-034{END}
ＳＶ４７－００８－０３５{END},SV47-008-035{END}
