Tales of Phantasia Staff{END},Tales of Phantasia Staff{END}
VOICE ACTORS{END},VOICE ACTORS{END}
Cless Alvein{END},Cless Alvein{END}
Takeshi Kusao{END},Takeshi Kusao{END}
Mint Adnade{END},Mint Adnade{END}
Junko Iwao{END},Junko Iwao{END}
Klarth F. Lester{END},Klarth F. Lester{END}
Kazuhiko Inoue{END},Kazuhiko Inoue{END}
Arche Klaine{END},Arche Klaine{END}
Mika Kanai{END},Mika Kanai{END}
Chester Barklight{END},Chester Barklight{END}
Kentaro Ito{END},Kentaro Ito{END}
Suzu Fujibayashi{END},Suzu Fujibayashi{END}
Taeko Kawata{END},Taeko Kawata{END}
Edward D. Morrison{END},Edward D. Morrison{END}
Unshou Ishizuka{END},Unshou Ishizuka{END}
Miguel Alvein{END},Miguel Alvein{END}
Yasunori Masutani{END},Yasunori Masutani{END}
Maria Alvein{END},Maria Alvein{END}
Kumiko Nishihara{END},Kumiko Nishihara{END}
Meryl Adnade{END},Meryl Adnade{END}
Kei Hayami{END},Kei Hayami{END}
Ranzo Fujibayashi{END},Ranzo Fujibayashi{END}
Takkou Ishimori{END},Takkou Ishimori{END}
Tristan{END},Tristan{END}
Ryuji Nakagi{END},Ryuji Nakagi{END}
Ami Barklight{END},Ami Barklight{END}
Michiko Neya{END},Michiko Neya{END}
Milard Rune{END},Mirald Rune{END}
Yuko Sumitomo{END},Yuko Sumitomo{END}
Luce Klaine{END},Luche Klaine{END}
Mami Horikoshi{END},Mami Horikoshi{END}
King Alvanista{END},King Alvanista{END}
Yosuke Akimoto{END},Yosuke Akimoto{END}
Lundgrom{END},Lundgrom{END}
Bin Shimada{END},Bin Shimada{END}
Lenios{END},Lenios{END}
Takashi Taguchi{END},Takashi Taguchi{END}
Prince Laird{END},Prince Laird{END}
Motoki Takagi{END},Motoki Takagi{END}
Martel the Tree Spirit{END},Martel the Tree Spirit{END}
Rie Tanaka{END},Rie Tanaka{END}
Brambard Milene{END},Brambard Milene{END}
Tetsu Inada{END},Tetsu Inada{END}
Origin{END},Origin{END}
Keiichirou Yamamoto{END},Keiichirou Yamamoto{END}
Maxwell{END},Maxwell{END}
Fumihiko Goto{END},Fumihiko Goto{END}
Jestona{END},Jestona{END}
Hiroki Shimowada{END},Hiroki Shimowada{END}
Flamberge{END},Flamberge{END}
Chie Nakamura{END},Chie Nakamura{END}
Mars Uldor{END},Mars Uldor{END}
Tessyo Genda{END},Tessyo Genda{END}
Demeter{END},Demeter{END}
Hiro Yuuki{END},Hiro Yuuki{END}
Jahmir{END},Jahmir{END}
Ayumi Sena{END},Ayumi Sena{END}
Dhaos{END},Dhaos{END}
Toshiyuki Morikawa{END},Toshiyuki Morikawa{END}
Sound Production{END},Sound Production{END}
Recording Director{END},Recording Director{END}
Akira Ohkuma{END},Akira Ohkuma{END}
Production Coodinator{END},Production Coodinator{END}
Ai Sasaki{END},Ai Sasaki{END}
Recording Studio{END},Recording Studio{END}
Recording Mixer{END},Recording Mixer{END}
Hisanori Ohshiro{END},Hisanori Ohshiro{END}
Assistant Mixer{END},Assistant Mixer{END}
Shou Ohtani{END},Shou Ohtani{END}
CHARACTER DESIGN{END},CHARACTER DESIGN{END}
Kosuke Fujishima{END},Kosuke Fujishima{END}
NAMCO TALES STUDIO STAFF{END},NAMCO TALES STUDIO STAFF{END}
TOTAL DIRECTION{END},TOTAL DIRECTION{END}
Kiyoshi Nagai{END},Kiyoshi Nagai{END}
Eiji Kikuchi{END},Eiji Kikuchi{END}
SYSTEM PROGRAM{END},SYSTEM PROGRAM{END}
Ryuichi Ishizawa{END},Ryuichi Ishizawa{END}
SOUND MANAGEMENT{END},SOUND MANAGEMENT{END}
Shuji Ikegami{END},Shuji Ikegami{END}
SOUND EFFECTS{END},SOUND EFFECTS{END}
Atushi Horiguchi{END},Atushi Horiguchi{END}
Hiroshi Tamura{END},Hiroshi Tamura{END}
BATTLE CHARACTER GRAPHICS{END},BATTLE CHARACTER GRAPHICS{END}
Keiichi Gotou{END},Keiichi Gotou{END}
BATTLE SYSTEM GRAPHICS{END},BATTLE SYSTEM GRAPHICS{END}
Kazushige Tomita{END},Kazushige Tomita{END}
MUSIC COMPOSERS{END},MUSIC COMPOSERS{END}
Motoi Sakuraba{END},Motoi Sakuraba{END}
PROCESS MANAGER{END},PROCESS MANAGER{END}
Takeshi Yokoyama{END},Takeshi Yokoyama{END}
SPECIAL THANKS TO{END},SPECIAL THANKS TO{END}
Yoshifumi Osaki{END},Yoshifumi Osaki{END}
Yuri Handa{END},Yuri Handa{END}
Isao Kadowaki{END},Isao Kadowaki{END}
Chiaki Sasakura{END},Chiaki Sasakura{END}
Keita Matui{END},Keita Matui{END}
Hirokazu Kagawa{END},Hirokazu Kagawa{END}
Tatsuro Udo{END},Tatsuro Udo{END}
Yasuyuki Sawadaishi{END},Yasuyuki Sawadaishi{END}
Yuri Suzuki{END},Yuri Suzuki{END}
MINLIUSOFT STAFF{END},MINLIUSOFT STAFF{END}
DIRECTOR{END},DIRECTOR{END}
Guo Zan hua{END},Guo Zan hua{END}
MAIN PROGRAMMER {END},MAIN PROGRAMMER {END}
Kang Tian hao{END},Kang Tian hao{END}
PROGRAMMER{END},PROGRAMMER{END}
Li Jia{END},Li Jia{END}
Zhao Kai{END},Zhao Kai{END}
Sun Xiao chen{END},Sun Xiao chen{END}
SOUND DESIGNER{END},SOUND DESIGNER{END}
Zhang Yi{END},Zhang Yi{END}
ARTIST DESIGNER{END},ARTIST DESIGNER{END}
He Li ping{END},He Li ping{END}
ORIGINAL GAME STAFF{END},ORIGINAL GAME STAFF{END}
SYSTEM PROGRAM{END},SYSTEM PROGRAM{END}
Ryuichi Ishizawa{END},Ryuichi Ishizawa{END}
BATTLE PROGRAM{END},BATTLE PROGRAM{END}
Shinji Hirachi{END},Shinji Hirachi{END}
3D FIELD PROGRAM{END},3D FIELD PROGRAM{END}
Shuhei Rokumoto{END},Shuhei Rokumoto{END}
2D MAP PROGRAM{END},2D MAP PROGRAM{END}
Tatsuro Udo{END},Tatsuro Udo{END}
VOICE DATA MAKING{END},VOICE DATA MAKING{END}
Atushi Horiguchi{END},Atushi Horiguchi{END}
MAP GRAPHICS{END},MAP GRAPHICS{END}
Yasuyuki Sawadaishi{END},Yasuyuki Sawadaishi{END}
Takeharu Isogai{END},Takeharu Isogai{END}
Takeshi Yabe{END},Takeshi Yabe{END}
Nobuchika Miyazaki{END},Nobuchika Miyazaki{END}
Tomoko Ogawa{END},Tomoko Ogawa{END}
FIELD CHARACTER GRAPHICS{END},FIELD CHARACTER GRAPHICS{END}
Hiromi Matsueda{END},Hiromi Matsueda{END}
BATTLE CHARACTER GRAPHICS{END},BATTLE CHARACTER GRAPHICS{END}
Keiichi Gotou{END},Keiichi Gotou{END}
MONSTER GRAPHICS{END},MONSTER GRAPHICS{END}
Hirofumi Matsuo{END},Hirofumi Matsuo{END}
BACKGROUND GRAPHICS{END},BACKGROUND GRAPHICS{END}
Nobuo Kanuma{END},Nobuo Kanuma{END}
Kouji Okada{END},Kouji Okada{END}
Takeo Kawata{END},Takeo Kawata{END}
BATTLE EFFECT GRAPHICS{END},BATTLE EFFECT GRAPHICS{END}
Reiji Kashiwagi{END},Reiji Kashiwagi{END}
3D FIELD GRAPHICS{END},3D FIELD GRAPHICS{END}
Masaomi Nishidate{END},Masaomi Nishidate{END}
"""PlayStation"" VERSION{END}","""PlayStation"" VERSION{END}"
DATA MAKING{END},DATA MAKING{END}
Hiroyuki Suzuki{END},Hiroyuki Suzuki{END}
Kazufumi Kurosawa{END},Kazufumi Kurosawa{END}
Kazuya Ishizuka{END},Kazuya Ishizuka{END}
Ken-ichi Suzuki{END},Ken-ichi Suzuki{END}
MUSIC COMPOSER{END},MUSIC COMPOSER{END}
Motoi Sakuraba{END},Motoi Sakuraba{END}
Shinji Tamura{END},Shinji Tamura{END}
GAME PART DIRECTOR{END},GAME PART DIRECTOR{END}
Eiji Kikuchi{END},Eiji Kikuchi{END}
ANIMATION PART STAFF{END},ANIMATION PART STAFF{END}
ANIMATION PRODUCER{END},ANIMATION PRODUCER{END}
Hidekazu Terakawa{END},Hidekazu Terakawa{END}
TOTAL ANIMATION DIRECTOR{END},TOTAL ANIMATION DIRECTOR{END}
Tensai Okamura{END},Tensai Okamura{END}
EVENT MOVIE DIRECTOR{END},EVENT MOVIE DIRECTOR{END}
Kou Yoshinari{END},Kou Yoshinari{END}
"""ANIMATION CHARACTER DESIGNER{END}","""ANIMATION CHARACTER DESIGNER{END}"
OPENING & ENDING MOVIE:{END},OPENING & ENDING MOVIE:{END}
"KEY ANIMATION SUPERVISOR""{END}","KEY ANIMATION SUPERVISOR""{END}"
Tokuyuki Matsutake{END},Tokuyuki Matsutake{END}
"""EVENT MOVIES:{END}","""EVENT MOVIES:{END}"
"KEY ANIMATION SUPERVISOR""{END}","KEY ANIMATION SUPERVISOR""{END}"
You Yoshinari{END},You Yoshinari{END}
Kou Yoshinari{END},Kou Yoshinari{END}
ART DESIGN{END},ART DESIGN{END}
Tomonori Kato{END},Tomonori Kato{END}
Hiroshi Kato{END},Hiroshi Kato{END}
COLOR SETTING{END},COLOR SETTING{END}
Nobuko Mizuta{END},Nobuko Mizuta{END}
KEY ANIMATION{END},KEY ANIMATION{END}
Takuya Saito{END},Takuya Saito{END}
Yoshihito Hishinuma{END},Yoshihito Hishinuma{END}
Hirofumi Suzuki{END},Hirofumi Suzuki{END}
Tensai Okamura{END},Tensai Okamura{END}
Yasunori Miyazawa{END},Yasunori Miyazawa{END}
Hiroshi Okubo{END},Hiroshi Okubo{END}
Masahiro Koyama{END},Masahiro Koyama{END}
Toshihiro Kikuchi{END},Toshihiro Kikuchi{END}
Kazuchika Kise{END},Kazuchika Kise{END}
Takashi Shikishima{END},Takashi Shikishima{END}
Hiroya Takeda{END},Hiroya Takeda{END}
You Yoshinari{END},You Yoshinari{END}
Kanta Kamei{END},Kanta Kamei{END}
ANIMATION CHECKING{END},ANIMATION CHECKING{END}
Chieko Ichimanda{END},Chieko Ichimanda{END}
INBETWEENS{END},INBETWEENS{END}
Mika Fujita{END},Mika Fujita{END}
Thoru Okubo{END},Tohru Okubo{END}
Yasutaka Kubota{END},Yasutaka Kubota{END}
Yuki Nakajima{END},Yuki Nakajima{END}
Tomomi Ishikawa{END},Tomomi Ishikawa{END}
Takashi Sato{END},Takashi Sato{END}
Ryouichi Murata{END},Ryouichi Murata{END}
Reiko Sakai{END},Reiko Sakai{END}
Kazuhiro Ota{END},Kazuhiro Ota{END}
Daizen Komatsuda{END},Daizen Komatsuda{END}
Tomoyuki Shitaya{END},Tomoyuki Shitaya{END}
Miki Shimada{END},Miki Shimada{END}
Satsuki Wada{END},Satsuki Wada{END}
Hiroyo Izumi{END},Hiroyo Izumi{END}
Mika Nakabayashi{END},Mika Nakabayashi{END}
Sanae Hirota{END},Sanae Hirota{END}
Hiroki Ito{END},Hiroki Ito{END}
Chieko Ichimanda{END},Chieko Ichimanda{END}
IG NIIGATA{END},IG NIIGATA{END}
Yukiko Mita{END},Yukiko Mita{END}
Tetsuya Takeuchi{END},Tetsuya Takeuchi{END}
Humi Morita{END},Humi Morita{END}
Nori Morita{END},Nori Morita{END}
Hirotaka Naito{END},Hirotaka Naito{END}
Daisuke Nakayama{END},Daisuke Nakayama{END}
Mieko Hayakawa{END},Mieko Hayakawa{END}
JCSTAFF{END},JC STAFF{END}
Masahiro Fujii{END},Masahiro Fujii{END}
Yuichi Takahashi{END},Yuichi Takahashi{END}
Masumi Morisita{END},Masumi Morisita{END}
WOMBAT{END},WOMBAT{END}
Tomohisa Ishiyama{END},Tomohisa Ishiyama{END}
Yoshiaki Iwata{END},Yoshiaki Iwata{END}
Mitsunao Onogi{END},Mitsunao Onogi{END}
STUDIO LIVE{END},STUDIO LIVE{END}
Studio TAKURANKE{END},Studio TAKURANKE{END}
ST. SHEETA{END},ST. SHEETA{END}
GROUP DONGRI{END},GROUP DONGRI{END}
JUNGLEGYM{END},JUNGLEGYM{END}
STUDIO JUNIO{END},STUDIO JUNIO{END}
DAUME{END},DAUME{END}
A.P.P.P{END},A.P.P.P{END}
OH! PRODUCTION{END},OH! PRODUCTION{END}
BACKGROUND DRAWING{END},BACKGROUND DRAWING{END}
STUDIO BIHOU{END},STUDIO BIHOU{END}
DIGITAL SUPERVISOR{END},DIGITAL SUPERVISOR{END}
Shinji Takagi{END},Shinji Takagi{END}
DIRECTOR OF PHOTOGRAPHY{END},DIRECTOR OF PHOTOGRAPHY{END}
Miki Sakuma{END},Miki Sakuma{END}
PHOTOGRAPHY{END},PHOTOGRAPHY{END}
Makoto Kogawa{END},Makoto Kogawa{END}
Kou Sakakibara{END},Kou Sakakibara{END}
TRACE&PAINT{END},TRACE&PAINT{END}
Tamaka Sato{END},Tamaka Sato{END}
Kouko Ito{END},Kouko Ito{END}
Sayo Motegi{END},Sayo Motegi{END}
Rie Asano{END},Rie Asano{END}
Chiyomi Koyama{END},Chiyomi Koyama{END}
Hiromi Uchibayashi{END},Hiromi Uchibayashi{END}
Studio D-VOLT{END},Studio D-VOLT{END}
Asahi Production Co. D/MaxStudio{END},Asahi Production Co. D/MaxStudio{END}
3D DIRECTOR{END},3D DIRECTOR{END}
Tokumitsu Kifune{END},Tokumitsu Kifune{END}
3D WORKS{END},3D WORKS{END}
IKIF+{END},IKIF+{END}
Akira Inagaki{END},Akira Inagaki{END}
Kazunori Suga{END},Kazunori Suga{END}
Naruhiro Baba{END},Naruhiro Baba{END}
Kouji Sato{END},Kouji Sato{END}
VISUAL EFFECTS{END},VISUAL EFFECTS{END}
Shigenobu Kaihoko{END},Shigenobu Kaihoko{END}
Kanta Kamei{END},Kanta Kamei{END}
2D WORKS{END},2D WORKS{END}
Makiko Asano{END},Makiko Asano{END}
Tsukasa Kakizakai{END},Tsukasa Kakizakai{END}
EDITOR{END},EDITOR{END}
Makiko Asano{END},Makiko Asano{END}
PRODUCTION SCHEDULING{END},PRODUCTION SCHEDULING{END}
Tomohiro Amagai{END},Tomohiro Amagai{END}
Wataru Kurosawa{END},Wataru Kurosawa{END}
Tsukasa Kakizakai{END},Tsukasa Kakizakai{END}
PRODUCTION STUDIO{END},PRODUCTION STUDIO{END}
EVENT MOVIE SOUND EFFECTS{END},EVENT MOVIE SOUND EFFECTS{END}
DIRECTOR{END},DIRECTOR{END}
Toshiki Kameyama{END},Toshiki Kameyama{END}
SOUND EFFECTS{END},SOUND EFFECTS{END}
Michiro Ito(SOUND RING){END},Michiro Ito(SOUND RING){END}
MIXER{END},MIXER{END}
Toru Kumakura{END},Toru Kumakura{END}
STUDIO{END},STUDIO{END}
OP REQUIEM STUDIO{END},OP REQUIEM STUDIO{END}
SOUND PRODUCTION{END},SOUND PRODUCTION{END}
OMNIBUS PROMOTION Inc.{END},OMNIBUS PROMOTION Inc.{END}
THEME SONG{END},THEME SONG{END}
"""YUME-WA OWARANAI""{END}","""THE DREAM WILL NEVER DIE""{END}"
 -KOBOREOCHIRU TOKI NO SHIZUKU-{END}, -THE SPILLING DROPS OF TIME-{END}
LYRICS{END},LYRICS{END}
Shoko Fujibayashi{END},Shoko Fujibayashi{END}
COMPOSER{END},COMPOSER{END}
Toshiyuki Sekiguchi{END},Toshiyuki Sekiguchi{END}
ARRANGER{END},ARRANGER{END}
Masayuki Sakamoto{END},Masayuki Sakamoto{END}
PERFORMER{END},PERFORMER{END}
YOMI{END},YOMI{END}
Licensed by{END},Licensed by{END}
NAMCO BANDAI Games Inc.{END},NAMCO BANDAI Games Inc.{END}
PRODUCTION STAFF{END},PRODUCTION STAFF{END}
PACKAGE DESIGNER{END},PACKAGE DESIGNER{END}
Katsushi Obi{END},Katsushi Obi{END}
ASSISTANT PROCESS MANAGER{END},ASSISTANT PROCESS MANAGER{END}
Masaki Morishita{END},Masaki Morishita{END}
PROCESS MANAGER{END},PROCESS MANAGER{END}
Hideki Hattori{END},Hideki Hattori{END}
SPECIAL THANKS{END},SPECIAL THANKS{END}
Kai Tanaka{END},Kai Tanaka{END}
Yuko Sekine{END},Yuko Sekine{END}
Ryuta Sano{END},Ryuta Sano{END}
Yohta Fukuda{END},Yohta Fukuda{END}
Yuichiro Sadahiro{END},Yuichiro Sadahiro{END}
Asana Inoki{END},Asana Inoki{END}
Co-PRODUCER{END},Co-PRODUCER{END}
Shinichiro Okamoto{END},Shinichiro Okamoto{END}
PRODUCER{END},PRODUCER{END}
Shinji Noguchi{END},Shinji Noguchi{END}
EXECUTIVE PRODUCERS{END},EXECUTIVE PRODUCERS{END}
Makoto Yoshidumi{END},Makoto Yoshidumi{END}
Shin Unozawa{END},Shin Unozawa{END}
Shukuo Ishikawa{END},Shukuo Ishikawa{END}
ENGLISH LOCALIZATION{END},ENGLISH LOCALIZATION{END}
Life Bottle Productions{END},Life Bottle Productions{END}
PROJECT MANAGERS{END},PROJECT MANAGERS{END}
mziab{END},mziab{END}
Pegi{END},Pegi{END}
PROJECT COORDINATOR{END},PROJECT COORDINATOR{END}
Dragonbleapiece{END},Dragonbleapiece{END}
LEAD PROGRAMMER{END},LEAD PROGRAMMER{END}
mziab{END},mziab{END}
PROGRAMMERS{END},PROGRAMMERS{END}
Ethanol{END},Ethanol{END}
Julian{END},Julian{END}
MAIN TRANSLATOR{END},MAIN TRANSLATOR{END}
Goodguy3{END},Goodguy3{END}
TRANSLATORS{END},TRANSLATORS{END}
Mine{END},Mine{END}
SymphoniaLauren{END},SymphoniaLauren{END}
Pegi{END},Pegi{END}
mziab{END},mziab{END}
LEAD EDITORS{END},LEAD EDITORS{END}
Dragonbleapiece{END},Dragonbleapiece{END}
mziab{END},mziab{END}
EDITORS{END},EDITORS{END}
Kevan{END},Kevan{END}
gatordski{END},gatordski{END}
yoh{END},yoh{END}
Khayyaam{END},Khayyaam{END}
FlamePurge{END},FlamePurge{END}
GRAPHIC ARTISTS{END},GRAPHIC ARTISTS{END}
Amarant{END},Amarant{END}
FlamePurge{END},FlamePurge{END}
WilliamTBOG{END},WilliamTBOG{END}
PRE-PRODUCTION INFORMATION GATHERING{END},PRE-PRODUCTION INFORMATION GATHERING{END}
Kevan {END},Kevan {END}
LEAD LOCALIZATION QA{END},LEAD LOCALIZATION QA{END}
Dragonbleapiece{END},Dragonbleapiece{END}
LEAD FUNCTIONAL QA{END},LEAD FUNCTIONAL QA{END}
DobleC{END},DobleC{END}
QA TESTERS{END},QA TESTERS{END}
Kevan{END},Kevan{END}
flynnforthewin{END},flynnforthewin{END}
Nanika{END},Nanika{END}
getterdrill{END},getterdrill{END}
Torasouls{END},Torasouls{END}
FlamePurge{END},FlamePurge{END}
dotaxis{END},dotaxis{END}
ryuza{END},ryuza{END}
Trixarian{END},Trixarian{END}
Negi{END},Negi{END}
bobwhite{END},bobwhite{END}
edgarfigaro{END},edgarfigaro{END}
gatordski{END},gatordski{END}
Explorer{END},Explorer{END}
TRANSLATION FEATURE CONSULTATION{END},TRANSLATION FEATURE CONSULTATION{END}
FlamePurge{END},FlamePurge{END}
ORIGINAL PSX SCRIPT AND{END},ORIGINAL PSX SCRIPT AND{END}
TRANSLATED ASSETS{END},TRANSLATED ASSETS{END}
Phantasian Productions{END},Phantasian Productions{END}
Produced By{END},Produced By{END}
