<color_0002><num3_C000601C>を手に入れました。{END},<color_0002>Acquired <a/an><num3_C000601C>.{END}
"<color_0002><num3_C000601C>がありましたが、
いっぱいでこれ以上持てません。{END}","<color_0002>Found <a/an><num3_C000601C>,
but you can't hold any more.{END}"
<color_0002><num5_C000601C>ガルドを手に入れました。{END},<color_0002>Obtained <num5_C000601C> gald.{END}
"<Cless>
「からっぽだ」{END}","<Cless>
 It's empty.{END}"
<color_0002><num2_C000601C>は『<0Dvar0080100118600CC000C0>』の称号を得ました。{END},"<color_0002><num2_C000601C> has earned the title
“<0Dvar0080100118600CC000C0>.”{END}"
"　その後、彼の行方を知る者は
　誰もいなかった・・・{END}",　And he was never heard from again...{END}
"　その後、彼らの行方を知る者は
　誰もいなかった・・・{END}",　And they were never heard from again...{END}
<color_0002><num3_C000601C>がポーチから飛び出しました。{END},"<color_0002><A/An><num3_C000601C>
popped out of the pouch.{END}"
<color_0002><num3_C000601C>がポーチから飛び出しましたがいっぱいでこれ以上持てません。{END},"<color_0002><A/An><num3_C000601C>
popped out of the pouch, but you can't hold any more.{END}"
