ダミー称号説明{END},Dummy Title Description{END}
アルベイン流剣術の門下生{END},"A novice swordsman training
in the Alvein Style.{END}"
"アルベイン流魔神飛燕脚を覚え
た者に与えられる称号{END}","You've learned “Demonic Swallow Kick,” the
first arcane arte of the Alvein Style.
You're well on your way. Keep at it!{END}"
"ＬＶが３０を超えた剣士に
与えられる称号{END}","A swordsman who has
advanced to level 30.{END}"
"ＬＶが５０を超えた剣士に
与えられる称号{END}","A swordsman who has
advanced to level 50.{END}"
"ＬＶが６０を超えて、いくつかの
奥義を覚えた者に与えられる称号{END}","A skilled swordsman who has advanced to
level 60 and learned many arcane artes.{END}"
"ＬＶが７０を超えて、全ての必殺
技を覚えた者に与えられる称号{END}","An adept swordsman who has advanced
to level 70 and mastered all base artes.{END}"
"多くの奥義を極め、相当な経験を
積んだ者に許される称号{END}","One with unmatched combat experience
and has mastered countless arcane artes.{END}"
"アルベイン流・最終奥義『冥空斬翔剣』
伝承者。<var_0302>＋<var_0202>＋<var_0102>（標準キー配置）{END}","The rightful heir of the Alvein Style's
mystic arte “Stygian Blade.”
(Press <var_0302>+<var_0202>+<var_0102> at low HP to use.){END}"
"ステップリングとステップフォースの
二つを入手した証し{END}","Signifies ownership of both a Step Ring
and a Step Force.{END}"
"困難な戦いを、相当な回数こなした
者に与えられる称号{END}","A fierce warrior that has plowed their
way through numerous difficult battles.{END}"
"闘技大会で優勝した者に与えられる
称号{END}",You're the coliseum champion!{END}
"全ての料理を極めたすばらしき
料理人の証し{END}","You've mastered every recipe.
Would you like to rule the
World of Fabulous Flavors?{END}"
君こそ、偉大なる石取り名人だ！{END},"Congratulations! You are now
a world-famous math nerd!{END}"
"エターナルソードを手にした者
に与えられる称号{END}","Signifies ownership of the
legendary Eternal Sword.{END}"
"イシュタル伝説の武器防具を
全て入手した証し{END}","Proof that you have acquired all the
items from the Legend of Ishtar.{END}"
"マッハ少年に勝利した貴方。
その足の速さを称える称号{END}","You have defeated Mach Kid and have
inherited his legacy of hasty feet.{END}"
修業中の法術師{END},A neophyte cleric.{END}
"ＬＶが７を超えた法術師に
与えられる称号{END}",A cleric who has advanced to level 7.{END}
"ＬＶが１２を超えた法術師に
与えられる称号{END}",A cleric who has advanced to level 12.{END}
"ＬＶが２０を超えた法術師に
与えられる称号{END}",A cleric who has advanced to level 20.{END}
"選ばれた法術師にのみ、与え
られる称号{END}",A respected cleric.{END}
"最高の法術師と認められた者
に与えられる称号{END}",The cleric held in the highest regard.{END}
位置調整用スペース{END},Position Adjustment Space{END}
位置調整用スペース{END},Position Adjustment Space{END}
"ナンシーとエルウィンの
恋を成就させた証し{END}","Through your hard work and effort, Nancy
and Elwyn will be together forever.{END}"
意外とグラマーらしい{END},"My, how glamorous!{END}"
"ユニコーンに認められた
清き乙女の証し{END}","You have gained the unicorn's trust
with your unclouded heart.{END}"
"全ての料理を極めたすばらしき
料理人の証し{END}","You've mastered every recipe.
Would you like to rule the
World of Fabulous Flavors?{END}"
"歌を上手に歌うことのできる女性
の称号{END}",A woman with a knack for singing.{END}
"さすらいのピアノ教師。センセー
に「お・ま・か・せ」よ<heart>{END}","When something's tough, and you need
some help, who ya gonna ask?
Professor Adnade!{END}"
"才能と美貌の両方に恵まれている
まさに女性の鑑！{END}",Truly a young lady blessed with both brains and beauty!{END}
ミント１６説明（なし）{END},Mint's 16th Description (Empty){END}
"魔術を使える者に与えられる
称号{END}",A low-level mage.{END}
"習得魔法が５を超えた
魔術師に与えられる称号{END}","A mage who has memorized
over five spells.{END}"
"習得魔法が１０を超えた
魔術師に与えられる称号{END}","A mage who has memorized
over ten spells.{END}"
"習得魔法が１５を超えた
魔術師に与えられる称号{END}","A mage who has memorized
over fifteen spells.{END}"
"習得魔法が２０を超えた
魔術師に与えられる称号{END}","A mage who has memorized
over twenty spells.{END}"
"全ての魔法をマスターした
魔術師に与えられる称号{END}","A grandmaster mage who
has memorized all spells.{END}"
位置調整用スペース{END},Position Adjustment Space{END}
位置調整用スペース{END},Position Adjustment Space{END}
"ちょっと夜更かししたい
お年頃・・・らしい{END}",At the age which one likes to stay up late...perhaps?{END}
"「私、ぺったんこだから
　うらやましい」・・・らしい{END}","“All I've got are these itty-bitty
pancakes! Man, it's so unfair...”
...she said.{END}"
"何でもお色気できりぬけようと
するのは、良くないと思うなぁ{END}","Good girls don't try to seduce their
way out of everything, you know...{END}"
"全ての料理を極めたすばらしき
料理人の証し・・・？{END}","You've mastered every recipe...somehow.
Despite your efforts, you are still denied
rulership of the World of Fabulous Flavors.{END}"
"料理が得意でない汚名。ちなみに
挽回するのは名誉。汚名は『返上』{END}","Yes, truly. Turning over such a shameful
title after having it served up for you
is quite the lofty goal, girl.{END}"
"ＳＣＯＲＥ２０００００以上の
証し。イカス、かっこいいの意。{END}","Your High Score is over 200000!
Groovy baby, YEAH!{END}"
友達想いの良き友人の証し{END},Proof that one is committed to their friends above all.{END}
アーチェ１６説明（なし）{END},Arche's 16th Description (Empty){END}
召喚術を研究している学者{END},A scholar of summoning artes.{END}
"精霊と契約することが
できた者に与えられる称号{END}","You've successfully forged
a pact with a spirit.{END}"
"マクスウェルの助力を
得た者に与えられる称号{END}","You've forged a pact with Maxwell, the
leader of the Four Great Spirits.{END}"
"オリジンの助力を
得た者に与えられる称号{END}","You've forged a pact with
Origin, the King of Spirits.{END}"
"かなりの数の召喚契約を
結んだ者の証し{END}",A summoner who has forged many pacts.{END}
"全ての召喚契約を結んだ
最高の召喚士の証し{END}","A master summoner who has
a pact with every spirit.{END}"
位置調整用スペース{END},Position Adjustment Space{END}
位置調整用スペース{END},Position Adjustment Space{END}
全ての敵と遭遇した証し{END},Proof that you've encountered all enemies.{END}
"すばらしきアイテム収集家の証し
おめでとう！{END}","Proof you've found every item.
Way to go!{END}"
"海賊アイフリードの宝を発見した
証し。最高の宝、それは『愛』{END}","You've discovered Aifread's treasure
of treasures: “love”!{END}"
"全ての料理を極めたすばらしき
料理人の証し{END}","You've mastered every recipe.
Would you like to rule the
World of Fabulous Flavors?{END}"
"恋人や奥様に頭が上がらない貴方
を称える称号{END}","A name for the kind of guy who can't lift
his head around his girlfriend or wife.{END}"
"時間（とき）を越えた遠距離恋愛。
ロマンだ・・・{END}","Love that transcends time.
It's like a fairy tale...{END}"
"恵まれた環境にいる証し
自分では気付いていない！？{END}",Proof of someone who's quite fortunate in life (even if he doesn't realize it!){END}
クラース１６説明（なし）{END},Klarth's 16th Description (Empty){END}
修業中の弓使い{END},An apprentice archer.{END}
"ＬＶが５を超えた弓使いに
与えられる称号{END}",An archer that has advanced to level 5.{END}
"ＬＶが１０を超えた弓使いに
与えられる称号{END}",An archer that has advanced to level 10.{END}
"ＬＶが３０を超えた弓使いに
与えられる称号{END}",An archer that has advanced to level 30.{END}
"選ばれた弓使いにのみ
与えられる称号{END}",A respected archer.{END}
"最高の弓使いと認められた者
に与えられる称号{END}",The mightiest of all archers.{END}
位置調整用スペース{END},Position Adjustment Space{END}
位置調整用スペース{END},Position Adjustment Space{END}
妹想いの優しい兄の証し{END},"Proof that he cares deeply
about his little sister.{END}"
"人より多くの修行を積んだ
者に与えられる称号{END}","A guy who takes his training
more seriously than others.{END}"
"<Arche>より送られた称号
若いっていいねぇ・・・{END}","A name <Arche> came up with on a whim.
Sheesh--kids these days...{END}"
"全ての料理を極めたすばらしき
料理人の証し{END}","You've mastered every recipe.
Would you like to rule the
World of Fabulous Flavors?{END}"
"激・マッハ野郎・・・とても速い奴。
そう！君こそ""激・マッハ野郎""だ！{END}","Super Mach Bastard... Man, he's fast.
Yes! You are the one true Mach Bastard!{END}"
"<Cless>も認めるたくましさ。
あんた・・・立派だよ・・・{END}","Even <Cless> concedes his manliness.
You're...truly a man among men...{END}"
"情熱的な感情を持つものに与えら
れる称号。漢の中の漢{END}",A title given to one who's passionate feelings overflow onto others. A true man among men!{END}
"たった一人で、大切な妹を育てた
兄に与えられる称号{END}",One who's raised his precious little sister all by himself.{END}
"修業中の""くノ一""の
呼び名{END}",A nickname for a novice kunoichi.{END}
"ＬＶが２０を超えた
""くノ一""の称号{END}",A kunoichi that has advanced to level 20.{END}
"ＬＶが３０を超えた
""くノ一""の称号{END}",A kunoichi that has advanced to level 30.{END}
"ＬＶが４０を超えた
""くノ一""の称号{END}",A kunoichi that has advanced to level 40.{END}
"選ばれた""くノ一""の
称号{END}",A high-ranking kunoichi.{END}
"最高の""くノ一""に
のみ許される称号{END}",The most powerful kunoichi.{END}
位置調整用スペース{END},Position Adjustment Space{END}
位置調整用スペース{END},Position Adjustment Space{END}
"非情なる者。忍者の掟と共に
背負い続けることになる汚名{END}","One who is without compassion.
An infamous trait governing the harsh
ways of the ninja profession.{END}"
"忍者の里の次期頭領と期待され
ている
{END}","The one expected to become the
next chief of the Ninja Village.{END}"
甘いものが好きな人をこう呼ぶ{END},A name given to someone fond of sweets.{END}
"全ての料理を極めたすばらしき
料理人の証し{END}","You've mastered every recipe.
Would you like to rule the
World of Fabulous Flavors?{END}"
"五つの試練を乗り越えた者。忍
の道は『耐え忍ぶ』にも通ずる{END}","A ninja who has cleared the five trials.
The Way of the Shinobi
is to bear up under all.{END}"
"君を初めて見たとき、僕の体に電気
が流れた気がするんだ。恋かなぁ？{END}","When I first laid eyes on you, it felt like a
current of electricity ran through my body.
Is this what love is?{END}"
"気丈な子。辛くても相手に
悟られない、それが忍者{END}","A girl who, even when she's upset, doesn't show it at all. A true ninja.{END}"
すず１６説明（なし）{END},Suzu's 16th Description (Empty){END}
"一所に留まらず、旅を続ける者に
与えられる称号{END}","A title given to one who rarely stays put, whose journey continues ever onward.{END}"
"剣と魔法、双方を使いこなす者に
与えられる称号{END}",One who's capable of fighting with both spell and blade.{END}
"燕を思わせるすばやい攻撃で戦う
剣士の称号{END}","The title of a fencer who's attacks strike so fast, one could mistaken them for a swallow!{END}"
"エクリプスの技を使う様から
勝手に呼ばれた愛称{END}",Nickname suddenly given by the master of the Eclipse Artes.{END}
{END},{END}
