魔神剣{END},Demon Fang{END}
飛燕連脚{END},Swallow Dance{END}
襲爪雷斬{END},Lightning Tiger Blade{END}
秋沙雨{END},Sword Rain: Alpha{END}
虎牙破斬{END},Tiger Blade{END}
鳳凰天駆{END},Rising Phoenix{END}
獅子戦吼{END},Beast{END}
閃空裂破{END},Light Spear{END}
虚空蒼破斬{END},Chaos Blade{END}
空間翔転移{END},Void Shift{END}
次元斬{END},Distortion Blade{END}
真空破斬{END},Void Tempest{END}
紅蓮剣{END},Hell Pyre{END}
守護方陣{END},Guardian Field{END}
剛招来{END},Coil{END}
柔招来{END},Focus{END}
集気法{END},Center{END}
殺劇舞荒剣{END},Final Fury{END}
魔神飛燕脚{END},Demonic Swallow Kick{END}
魔神双破斬{END},Demonic Tiger Blade{END}
魔神千裂破{END},Demonic Sword Rain{END}
魔神閃空破{END},Demon Spear{END}
獅子飛燕脚{END},Beast Swallow Kick{END}
獅子吼破斬{END},Beast Blade{END}
獅子千裂破{END},Beast Sword Rain{END}
獅子閃空破{END},Beast Spear{END}
襲爪飛燕脚{END},Lightning Swallow Kick{END}
襲爪雷斬破{END},Lightning Tiger Blast{END}
襲爪千裂破{END},Lightning Tiger Thrust{END}
襲爪閃空破{END},Lightning Tiger Spear{END}
鳳凰天翔脚{END},Phoenix Dance{END}
鳳凰翔破斬{END},Phoenix Blade{END}
鳳凰千裂破{END},Phoenix Sword Rain{END}
鳳凰天空破{END},Phoenix Spear{END}
時空蒼破斬{END},Chaos Distortion Blade{END}
転移蒼破斬{END},Chaotic Void{END}
紅蓮{END},Hell Flare{END}
凍牙{END},Ice Fang{END}
轟天{END},Thunder Blitz{END}
鷲羽{END},Eagle Shot{END}
疾風{END},Gale Shot{END}
衝破{END},Sonic Bash{END}
震天{END},Wild Rain{END}
大牙{END},Giga Fang{END}
屠龍{END},Dragon Slayer{END}
写身{END},Mirror Image{END}
五月雨{END},Hell Rush{END}
飯綱落とし{END},Crow Blade{END}
葉隠{END},Shadow Storm{END}
不知火{END},Secret Thief{END}
曼珠沙華{END},Flare Blitz{END}
雷電{END},Merciless Thunder{END}
鎌鼬{END},Omega Storm{END}
児雷也{END},Jiraiya{END}
燕転身{END},Swallow Turn{END}
燕閃牙{END},Swallow Fang{END}
燕返し{END},Swallow Crescent{END}
連波女返し{END},Shallow Crescent{END}
