ダミーアイテム説明{END},Dummy Item Description{END}
不確定品。種別は剣{END},An unidentified sword.{END}
不確定品。種別は剣{END},An unidentified sword.{END}
不確定品。種別は剣{END},An unidentified sword.{END}
不確定品。種別は剣{END},An unidentified sword.{END}
不確定品。種別は剣{END},An unidentified sword.{END}
不確定品。種別は剣{END},An unidentified sword.{END}
不確定品。種別は剣{END},An unidentified sword.{END}
不確定品。種別は剣{END},An unidentified sword.{END}
不確定品。種別は剣{END},An unidentified sword.{END}
不確定品。種別は剣{END},An unidentified sword.{END}
不確定品。種別は剣{END},An unidentified sword.{END}
不確定品。種別は剣{END},An unidentified sword.{END}
不確定品。種別は剣{END},An unidentified sword.{END}
不確定品。種別は剣{END},An unidentified sword.{END}
不確定品。種別は槍{END},An unidentified spear.{END}
不確定品。種別は斧{END},An unidentified axe.{END}
不確定品。種別は斧{END},An unidentified axe.{END}
不確定品。種別は斧槍{END},An unidentified halberd.{END}
不確定品。種別は弓{END},An unidentified bow.{END}
不確定品。種別は弓{END},An unidentified bow.{END}
不確定品。種別は弓{END},An unidentified bow.{END}
不確定品。種別は弓{END},An unidentified bow.{END}
不確定品。種別は弓{END},An unidentified bow.{END}
不確定品。種別は弓{END},An unidentified bow.{END}
不確定品。種別は弓{END},An unidentified bow.{END}
不確定品。種別は杖{END},An unidentified staff.{END}
不確定品。種別は杖{END},An unidentified staff.{END}
不確定品。種別は杖{END},An unidentified staff.{END}
不確定品。種別は本{END},An unidentified grimoire.{END}
不確定品。種別は本{END},An unidentified grimoire.{END}
不確定品。種別は本{END},An unidentified grimoire.{END}
不確定品。種別は本{END},An unidentified grimoire.{END}
不確定品。種別は本{END},An unidentified grimoire.{END}
不確定品。種別は本{END},An unidentified grimoire.{END}
不確定品。種別は服{END},An unidentified garment.{END}
不確定品。種別は服{END},An unidentified garment.{END}
不確定品。種別は鎧{END},An unidentified suit of armor.{END}
不確定品。種別は鎧{END},An unidentified suit of armor.{END}
不確定品。種別は鎧{END},An unidentified suit of armor.{END}
不確定品。種別は鎧{END},An unidentified suit of armor.{END}
不確定品。種別は兜{END},An unidentified helmet.{END}
不確定品。種別は兜{END},An unidentified helmet.{END}
不確定品。種別は兜{END},An unidentified helmet.{END}
不確定品。種別は帽子{END},An unidentified hat.{END}
不確定品。種別は槍{END},An unidentified spear.{END}
不確定品。種別は斧{END},An unidentified axe.{END}
不確定品。種別は弓{END},An unidentified bow.{END}
"父親ミゲールから１５才の誕生日に
プレゼントとしてもらったもの{END}","A jewel <Cless> received from his
father, Miguel, as a fifteenth
birthday gift.{END}"
"アミィからの贈り物。
小さなぬいぐるみ{END}","A cute, hand-sewn plush doll.
Ami poured her heart into making it.{END}"
謎の女性から受け取った耳飾り{END},"An earring received from
a mysterious woman.{END}"
"死者の魂が込められた宝石。
特別な扉を開くために必要{END}","A gem containing a departed soul.
Necessary to open a special door.{END}"
"トリニクス＝Ｄ＝モリスンから
受け取った本{END}","A book received from
Trinicus D. Morrison.{END}"
"<Chester>が使っていた弓。
今は壊れてしまっている{END}","The battered remains
of <Chester>'s bow.{END}"
"風の精霊からもらった宝石。ユグド
ラシルと話ができるようになる{END}","A jewel obtained from the Spirit of Wind.
Allows communication with the
guardian spirit of Yggdrasill.{END}"
"デミテルの館内の扉を開けるための
カギ{END}","A key belonging to a door
within Demeter's Mansion.{END}"
"モーリア坑道跡に入るために必要
なアルヴァニスタ王室発行の許可証{END}","A letter signed by the ruling
family of Alvanista granting
entry into the Moria Mine.{END}"
"エルフの集落に入るために必要な
アルヴァニスタ王室の紋章{END}","The crest of Alvanista's Royal Family.
Functions as a permit for entry into
the Elven Settlement.{END}"
"ルーングロムがエドワードにあてた
手紙{END}","A letter of introduction to Edward
composed by Lundgrom.{END}"
"モーリア坑道で見つけた壊れている
契約の指輪{END}","A pair of broken pact rings found in a
treasury deep within the Moria Mine.{END}"
熱砂の洞窟で見つけたカギ{END},"A key discovered within the
Cave of Searing Sand.{END}"
"トールで見つけたトランプ。
奇妙な紋章が刻まれている{END}","A playing card picked up in Thor.
A curious emblem is engraved
on the rear.{END}"
青みがかった手鏡。用途は不明{END},"A pale blue hand mirror whose
purpose is not known.{END}"
黄金色に輝くカギ{END},A glittering golden key.{END}
"レアバードを、持ち運びに便利な
小型カプセルに収納したもの{END}","A capsule made to store grounded
Rheairds in an extremely compact
state for portability.{END}"
"アイフリード一族に伝わる暗号で
宝のありかが書かれた文書{END}","A document written in the Aifread
family's secret code revealing the
location of a beloved treasure.{END}"
"アイフリードが妻に贈ったドレス。
今は汚れて、見る影もない{END}","A gift from Aifread to his wife.
Stained and weathered, it is merely
a shadow of its former self.{END}"
"コモンルームの扉を開けるための
カギ{END}","A key that unlocks a door
in the Common Room.{END}"
"黄金色に輝く、神聖な丸太。
伝説の弓の材料となる{END}","A lustrous, golden piece of holy timber.
Synthesis material for a legendary bow.{END}"
"常温で液体という珍しい金属。
錬金術には欠かせない材料{END}","A rare metal famous for existing in
a liquid state at room temperature.
Fundamental ingredient of alchemy.{END}"
"上質の香木から採れる特殊な
お香。伽羅香{END}","Incense made from high-quality,
fragrant aloeswood.{END}"
"デフォルメのきいた独特の描画法で
描かれた絵{END}","A painting employing a unique
style of caricature.{END}"
"サンゴ虫の死がいが集まって
できる。工芸品の材料{END}","Crafting material.
Ripe for the taking after
the polyps' death.{END}"
"建築物や工芸品の材料として
貴重な石{END}","A valuable stone used in
crafting and construction.{END}"
"ナベ物を作るときに便利な焼き物。
形や色が味わい深い{END}","Pottery with an attractive
shape and color.
Useful for cooking stews.{END}"
"細かい技術により織りあげられた
絵画風の織物。タペストリとも言う{END}",A cloth picture sewn with fine skill.{END}
"黒檀。高級家具などの材料となる。
上品な黒さが高級感を出す{END}","Material used in first-rate furniture.
Radiates extravagance with
its elegant blackness.{END}"
"毛のついたままの獣の皮。
服飾品の材料として珍重される{END}","A beast's hide complete with fur.
Prime material for garments
and accessories.{END}"
"冬虫夏草。漢方薬の材料として取り
引きされている{END}","A rare and exotic parasitic fungus traded
as an ingredient for herbal medicine.{END}"
"白く美しい工芸品。一部の人には
特に高値で取り引きされる{END}","An elegant white ceramic teacup.
Sold to people of high class at
exorbitant prices.{END}"
"楽器。弦が三本なので様々な音色を
出すためには技術が必要{END}","A triple-stringed musical instrument.
Considerable talent is necessary to
perform a wide variety of tones.{END}"
"象の牙。工芸品などによく利用され
る材料{END}","An elephant's tusk.
Common crafting material.{END}"
"かわいらしい色と形の野菜。
ゆでると甘くてうまい{END}","A vegetable with a cute shape and color.
Gets sweeter when boiled.{END}"
"生で良し、煮て良しの便利な野菜。
刻む技術を競う競技もある{END}","A leafy green vegetable.
The perfect companion to corned beef.{END}"
"サラダのためのサラダによる野菜。
まさにキング・オブ・サラダ{END}","By salad of salads, it's truly
the Head of Salad!{END}"
"おでんの材料のひとつ。女性の
美しい脚を表現する野菜{END}","A white East Asian radish called daikon.
This variety resembles a giant carrot
and is the most common in Japan.{END}"
"ウリ科の野菜。熟すと黄色になるが
緑色のうちに食べる{END}","A cylindrical vegetable that turns
yellow and tastes bitter when ripe.
Best eaten while still green.{END}"
"様々な調理法があるが、ふかして
皮つきのまま塩で食べると格別{END}","A starchy, tuberous vegetable.
Boil 'em; mash 'em; stick 'em in a stew.{END}"
"冷やしても温めてもイケる野菜。
ジュース・ソースなどにもなる{END}","A savory red vegetable used
as the base of many sauces.{END}"
"各地で作られているポピュラーな
野菜。球根部を食す{END}","A bulb vegetable famous for releasing
an eye irritant when sliced, which
makes even the manliest men cry.{END}"
"甘いりんご。シャッキリして
ピンとひとすじ通った甘さ{END}","The world's number one fruit.
Fresh, sweet, crisp, and juicy!{END}"
"漢字で書くと難しい名前の果物。
すっきりしゃっきりすっぱい{END}","An extremely acidic, sour citrus fruit
used mainly in cooking and baking.
Fun to make batteries out of.{END}"
"ミルクやクリームととても相性が
いい。ケーキの飾りつけにどうぞ{END}","A perfect match with milk and cream.
Prime ingredient of the best shortcake!{END}"
"黄色い皮の中に白く柔らかい果肉
が包まれている果実{END}","A fruit with a white, tender flesh
wrapped in a yellow peel.
Monkeys go bananas for 'em.{END}"
"暑い国の果物。熟したものが特に
美味だが、虫がたかりやすい{END}","A sweet tropical fruit.
Known to incite bitter feuds when
uttered in the same sentence as pizza.{END}"
"アミ目がポイントの高級感あふれる
果実。お土産や贈答品として活躍{END}","A large, succulent spherical fruit that's
especially refreshing during summertime.{END}"
"ぶどうの樹の果実。甘くて美味。
汁が服につくとシミになるので注意{END}","A sweet and tasty fruit grown on a vine.
Keep the juices away from your clothes!{END}"
"弟切草科の樹の果実。
果肉はクリーム状で香りも良く美味{END}","A delicious fruit from a tropical
evergreen tree with a citrusy
and peachy flavor.{END}"
"西洋スモモの果実。乾燥させたり
ジャムにしたりと食べ方も様々{END}","A dried plum used in cooking both
sweet and savory dishes.{END}"
"人気のある魚。冬にとれるものは
脂がのって特にうまい{END}","A very large fish. One of few whose
raw flesh is colored red.{END}"
"アジのある魚。体の側面に特徴が
ある{END}","A very tasty fish with a very,
very short shelf life.{END}"
"食用以外にも使い道の多い便利な
魚。うまいよ{END}","A small, oily fish commonly
packed and sold in tin cans.{END}"
"一部の地方では海の悪魔と怖れら
れる、足が十本の軟体動物。食用{END}","A cephalopod with eight arms and
two tentacles often eaten fried.
Culinarily referred to as calamari.{END}"
"一部の地方では海の悪魔と怖れら
れる、足が八本の軟体動物。食用{END}","A highly intelligent cephalopod with eight
arms consumed in many cultures.{END}"
"硬い殻とプリプリと柔らかい身を
持つ生き物。長寿の象徴{END}","A sea creature with a hard
shell and a tender body.
Did you know it even has claws?{END}"
"鳥肉。屋外で育てられた健康な
鳥の肉で品質安心{END}","All-natural meat from healthy chickens.
No additives or preservatives.{END}"
"牛肉。肉質とうまみの豊かさは
大自然で育まれた故のもの{END}","Meat this tasty only comes from cows
raised on wide, green pastures!{END}"
豚肉。適度な脂身がうまさの秘決{END},"The secret to good pork is to have just
the right balance of fat and meat.
Not kosher, but delicious.{END}"
"牛の乳汁。栄養豊富な飲み物で
朝に飲めば一日元気{END}","Squeezed from a cow's udder.
A good source of calcium for
strong and healthy bones!{END}"
"動物の乳を発酵させた固形食品。
好みの分れる香りがする{END}","An aged dairy product with
hundreds of varieties.
Add a slice to a sandwich.{END}"
"こんにゃく玉（茎）を粉にして
石灰乳を混ぜ、煮詰めて作った食品{END}","Japanese konnyaku.
Konjac flour mixed with
water and limewater.{END}"
"おでんの材料のひとつ。
ミネラル豊富で毛もはえる{END}","Common ingredient in eastern stews.
Rich in minerals for healthy hair.{END}"
"様々な料理に用いられる食材。
タンパク質が豊富{END}","Can be prepared in a variety of ways
for a wholesome breakfast or be used
as an ingredient in countless dishes.{END}"
"職人が丹精こめて作ったみそ。
これをおでんに使うのがミソ{END}","Fermented soybean paste produced
by a master chef who employed
great diligence.{END}"
"こんがり焼けた、香ばしさ満点の
パン{END}","Baked to perfection with
a pleasing aroma.{END}"
"コメを炊いたもの。水加減が難しい
ため、調理には技術が必要{END}","A basic staple that's easy to prepare
but difficult to master.{END}"
"海藻の一種を集め、板状に広げて
乾燥させたもの{END}","Dried seaweed that's been
cut into rectangles.{END}"
"料理の味付けに欠かせない香辛料。
薬として扱う地方もある{END}","Seasonings used to enhance the flavor of
dishes. Some are used in herbal medicine.{END}"
"スパゲティやマカロニ等の総称。
""こねたもの""という意味もある{END}","Spaghetti, macaroni...you name it.
It's all the same. The shape you
use depends on the dish.{END}"
"ゼリー状薬品。一口サイズのりんご
味。ＨＰが最大の３０％程度回復{END}","A bite-sized gummi medicine
with a sweet apple flavor.
Restores 30% of Max HP.{END}"
"ゼリー状薬品。一口サイズのみかん
味。ＴＰが最大の３０％程度回復{END}","A bite-sized gummi medicine
with a tangy orange flavor.
Restores 30% of Max TP.{END}"
"ゼリー状薬品。ミックス風味。
ＨＰとＴＰが最大の３０％程度回復{END}","A bite-sized gummi medicine with a
sweet and tangy apple-orange flavor.
Restores 30% of Max HP and TP.{END}"
"ゼリー状薬品。一口サイズのレモン
味。ＨＰが最大の６０％程度回復{END}","A bite-sized gummi medicine
with a sour lemon flavor.
Restores 60% of Max HP.{END}"
"ゼリー状薬品。一口サイズのパイン
味。ＴＰが最大の６０％程度回復{END}","A bite-sized gummi medicine
with a tropical pineapple flavor.
Restores 60% of Max TP.{END}"
"ゼリー状薬品。ミラクル味。
ＨＰとＴＰが最大の６０％程度回復{END}","A bite-sized gummi medicine with a
flavor so good it creates miracles.
Restores 60% of Max HP and TP.{END}"
ＨＰ・ＴＰが完全回復する霊薬{END},"A wonderful medicine that
completely restores HP and TP.{END}"
"珍獣バジリスクのうろこ。
マヒ・戦闘不能回復・ＨＰ完全回復{END}","A scale from a desert creature.
Cures paralysis, revives, and also
fully restores HP.{END}"
"薬草の一種。使用することによって
ＨＰ最大値が５％分上昇する{END}","A medicinal herb.
Increases Max HP by 5%.{END}"
"薬草の一種。使用することによって
ＴＰ最大値が５％分上昇する{END}","A medicinal herb.
Increases Max TP by 5%.{END}"
"薬草の一種。使用することによって
敏捷の値が１上昇する{END}","A medicinal herb.
Increases Agility by 1.{END}"
"薬草の一種。使用することによって
力の値が１上昇する{END}","A medicinal herb.
Increases Strength by 1.{END}"
"薬草の一種。使用することによって
ＨＰ最大値が１０％分上昇する{END}","A medicinal herb.
Increases Max HP by 10%.{END}"
"薬草の一種。使用することによって
ＴＰ最大値が１０％分上昇する{END}","A medicinal herb.
Increases Max TP by 10%.{END}"
"薬草の一種。使用することによって
敏捷の値が２上昇する{END}","A medicinal herb.
Increases Agility by 2.{END}"
"薬草の一種。使用することによって
力の値が２上昇する{END}","A medicinal herb.
Increases Strength by 2.{END}"
"万能薬の瓶。毒・マヒ・石化の
バッドステータスを回復する{END}","A panacea.
Cures all status ailments except KO.{END}"
"生命の水。戦闘不能になった仲間を
復活させることができる{END}","The water of life.
Revives a fallen ally.{END}"
"戦闘中に使用すると
一定時間、攻撃力が３０％上昇する{END}","Take a sip in battle to temporarily
increase Attack by 30%.{END}"
"一時的に毒マヒ石化を無効化する。
その間は攻撃力が２０％減少{END}","Temporarily offers immunity to status
ailments with a side effect of
decreasing Attack by 20%.{END}"
"聖気封入の壺。
敵を遠ざける効果がある{END}","A bottle sealing a holy essence.
Temporarily reduces encounter rate.{END}"
"邪気封入の壺。
敵が近寄ってくる効果がある{END}","A bottle sealing an evil essence.
Temporarily increases encounter rate.{END}"
"魔力付与の瓶。アイテムに使用する
ことによって様々な変化をおこす{END}","A flask filled with a magical liquid.
Pour the contents over other
items and see what happens!{END}"
"あなたの魅力を引き立てる魔法の
壺。店内で使えば品物が三割引き{END}","A magic bottle that brings
out your inner charm.
Use in shops for a 30% discount.{END}"
"イカしたあなたを更に素敵に見せる
魔法の壺。店頭で品物が五割引き{END}","A magic bottle that makes you
look even more attractive.
Use in shops for a 50% discount.{END}"
"世界地図。自分のいる場所や
各地の情報を知ることができる{END}","A map of the world.
Shows your current position and
information on various locations.{END}"
"敵の出現率を変化させることが
できる、魔法の宝珠{END}","A magic jewel that allows you
to alter the enemy encounter rate.{END}"
"戦闘中に敵の動きを短時間停止させ
ることができる{END}","Stops enemy movements for a short
period of time during battle.{END}"
"時を司る神の品と呼ばれる砂時計。
敵の動きを長時間停止できる{END}","The God of Time's hourglass.
Stops enemy movement for
a long period of time.{END}"
"持っていればカスタムでコンボ表示
ＯＮ／ＯＦＦが可能になる道具{END}","A tool that displays the number of hits
you've landed in a combo during battle.
Turn it on or off in the Customize menu.{END}"
"敵のＨＰ・ＴＰ・属性を知ることが
できる不思議なレンズ{END}","A mysterious lens.
Allows you to see an enemy's
HP, TP, and weaknesses.{END}"
マトック。岩を崩す時に用いる{END},"A tool with a spiked head
used to break up rocks.{END}"
"何度でも使える魔法の口紅で、
塗れば店頭価格が？割引になる{END}","Magical lipstick that never runs out!
Use it for a random discount at shops.{END}"
"赤い炎がともっているランタン。
暗闇で使用すると赤い光を出す{END}","A lantern that burns with a red flame.
Illuminates the darkness
with a ruby light.{END}"
"緑の炎がともっているたいまつ。
暗闇で使用すると緑の光を出す{END}","A torch that burns with a green flame.
Illuminates the darkness
with an emerald light.{END}"
"青い炎がともっているロウソク。
暗闇で使用すると青い光を出す{END}","A candle that burns with a blue flame.
Illuminates the darkness
with a sapphire light.{END}"
"高い場所や低い場所に昇降する時に
使用するロープ{END}","Used to descend from a high place
or ascend from a low place.{END}"
"ドラムとシンバルのセット。
ドラマー気分を味わってみよう{END}","A full-featured drum kit.
Now, you too can be a drummer!{END}"
"魔象牙を原料に、魔職人が作った
魔道具。特殊な魔力があるとか{END}","A magical piece produced from magical
ivory by a magical craftsman.
Truly magical...or just tragical?{END}"
"敵の姿やデータを見ることができる
図鑑。完成を目指そう！{END}","A collection of information about
enemies. Know thy enemy!{END}"
"アイテム収集家には欠かせないカタ
ログ。取り忘れはないかな？{END}","A must-have for item collectors.
Have you recorded everything?{END}"
"「よーみ」コンサートを観るための
チケット{END}","A ticket granting admission
to the “Yomi” concert.{END}"
刃渡り９０センチほどの鉄製の長剣{END},"A basic sword forged from
three feet of iron.{END}"
直刀型の切り専用の刀剣{END},"A straight-bladed sword designed
specifically for slash attacks.{END}"
突き攻撃専用の細身の刀剣{END},"A slender sword designed specifically
for thrust attacks.{END}"
"ユークリッド黒鎧騎士団で使われて
いる剣。店のものより切れ味がよい{END}","The official blade of Euclid's Knights.
Considerably sharper than the swords
available to the general public.{END}"
"レイピアの類型。剣先は鋭く、突き
の威力がより高まっている{END}","A type of rapier refined
with a sharper point.{END}"
"レイピアの類型。機能的に洗練され
ており、使いやすい{END}","A type of rapier with a refined
design making it both stronger
and easier to wield.{END}"
半曲刀型の良質の刀剣{END},"A high-class sword with
a slightly curved blade.{END}"
"ロングソードより
ひとまわり大きな長剣{END}","A sword one step up from
a long sword in length.{END}"
"薄く、鋭く研ぎすまされた曲刀。
紺青の刀身に緑の紋が浮かぶ{END}","A slender, curved, and keen-edged sword.
The blade is decorated with a navy blue
color and a long, shimmering green crest.{END}"
"この世に生きる者をただ殺すこと
のみを願いとして込められた魔剣{END}","A sword cursed with extreme hatred.
It exists solely for the annihilation of
all living things in this world.{END}"
"光の剣。その輝きは、さながら
月の光のように淡く、寒々しい{END}","A sword of light mimicking the pale
and desolate glow of moonlight.{END}"
"弾力、耐久性のあるダマスクス鋼を
用いた長剣{END}","A long sword employing flexible,
resilient Damascus steel.{END}"
"サーベルの類型。
機能的に洗練されたもの{END}","A type of saber with
refined functionality.{END}"
"魔科学の力を使った剣。装備中は
クリティカル率が上昇する{END}","A sword enhanced by magitechnology.
Increases the odds of landing critical hits.{END}"
至高神の祝福を受けた聖剣{END},"A sacred sword blessed
by the Supreme God.{END}"
竜の牙を鍛えて作り出した長剣{END},"A long sword forged
from a dragon's fang.{END}"
"炎の悪魔フラムベルクの力を秘めた
細身剣{END}","A slender blade enchanted with the hellish
power of the flame demon, Flamberg.{END}"
"氷の封印の名を冠した剣。その昔、
赤竜退治の切り札とされたもの{END}","A sword named for imprisoning foes in
ice. Used as the trump card against a
ferocious red dragon long ago.{END}"
"海底に沈んだ超古代都市トールの
科学力が生み出した武器{END}","Advanced arms developed during the Age
of Antiquity employing the superior
technology of Thor, the sunken city.{END}"
"いにしえの王国で英雄と謳われた
戦士に贈られた名剣{END}","A sword bestowed upon a renowned
hero of an ancient kingdom.{END}"
"幸運の女神の祝福を受けた聖剣。
装備者の幸運が上昇する{END}","A holy sword blessed by
the goddess of fortuity.
Increases Luck.{END}"
"秘伝の製法で作った名刀村正。その
切れ味は敵に痛みを感じさせない{END}","The famous katana, forged by unrevealed
techniques. Delivers a painless death to
victims with its unrivaled sharpness.{END}"
"とある高名な貴族が所持していた
という由緒ある細身剣{END}","A slender sword once owned
by a famous noble.{END}"
"至高神の祝福を受けた
神聖なる細身剣{END}","A sacred slender sword blessed
by the Supreme God.{END}"
"災厄くだきの名を冠した魔剣。
刀身は災厄を吸い黒く染まってゆく{END}","An evil, calamitous sword with a blade
that runs dark with the flames of doom.{END}"
"王の王たる証し。イシュタル伝説に
名を残す勇者ギルガメスの所持品{END}","Proof of kingship.
Possession of renowned hero Gilgamesh
in the Legend of Ishtar.{END}"
"氷のような刀身を持つ魔剣。
三種の武具のひとつ{END}","A magic sword with a blade of frost.
A component of the Tria.{END}"
"炎を型どった刀身を持つ魔剣。
三種の武具のひとつ{END}","A magic sword with a blade of flame.
A component of the Tria.{END}"
"謎の剣。ＳＵＰＥＲ（英語）
デフォルメ（仏語）の略ではない{END}","A mysterious sword.
Its name is sometimes abbreviated S.D.,
so don't confuse it with Super Deformed.{END}"
"一見、機能性を無視した
奇妙な形状の双剣{END}","At first glance, just a pair of
strange looking swords.{END}"
"蒼く煌く刀身は冷たい光を放ち、
妖しく閃く{END}","These blades, cold to the touch,
glitter with an ominous blue glow.{END}"
"９９人に終焉を与え、赤き刻印に
彩られた双剣{END}","A pair of swords that gifted death
to ninety-nine people. An image is engraved
in red upon the blades.{END}"
"黒き双剣は朽ちてなお、
闇を圧倒する{END}","A pair of black swords, capable of
overwhelming darkness even as they yet rot
in their wielder's grip.{END}"
"ポールウェポンの類型。三つ又槍、
ウィングドスピアとも呼ばれる{END}","A type of three-pronged polearm.
Also known as the Winged Spear.{END}"
"神々の終末の戦いの際に作られたと
伝えられる槍{END}","The legendary spear forged for
the final battle of the gods.{END}"
サーベルのような刃を取りつけた槍{END},A spear with a saber-like blade attached.{END}
"幾多の戦いで先陣を賜わった
勇者が愛用したと言われる長槍{END}","A long spear named for and favored by
heroes at the vanguard of many battles.{END}"
"偉大なる風の名を冠した槍。その
ひと振りは突風を巻き起こす{END}","A spear named after the Great Wind.
A squall arises from a single swing.{END}"
"封印が解かれた、神々の終末の戦い
の槍『真・グーングニル』{END}","The true form of the legendary spear
forged for the final battle of the gods.{END}"
"神々の終末の戦いの際に作られた
槍。神馬のあるじたる者の証し{END}","The legendary spear forged for
the final battle of the gods.
Proof of mastery of the Divine Horse.{END}"
戦斧（センプ）。戦闘用の斧{END},An axe created for combat.{END}
三日月型の刃を取りつけた斧{END},"An axe with a crescent-shaped
blade attached.{END}"
"クレセントアクスの類型。
機能的に洗練されたもの{END}","A type of crescent axe with
refined functionality.{END}"
"雷獣の加護が込められた斧。
刃は電気を帯びて青白く光っている{END}","An axe blessed by a lightning beast.
Its blade gleams dimly
with electrical energy.{END}"
"弾力と耐久性に富んだダマスクス鋼
を用いた斧。軽さと速さが特徴{END}","A double bit axe forged from Damascus
steel to bolster flexibility and resilience.
Its light weight allows for swift striking.{END}"
"伝説の竜さえ引き裂くほどの力を
秘めた戦斧（センプ）{END}","A ferocious battle axe so powerful it
can tear apart legendary dragons.{END}"
"斧と槍の特性をあわせ持つ
優秀な武器{END}","A hybrid weapon combining
an axe and a spear.{END}"
"アクスの類型ながら、ハルバードに
近い特性を持つ武器{END}",An axe resembling a halberd.{END}
"ハルバードの類型。
材質に特殊な金属を用いている{END}","A type of halberd with a head
forged from special metals.{END}"
"至高神の祝福を受けた
聖なるハルバード{END}","A sacred halberd blessed
by the Supreme God.{END}"
木材単一素材で構成された短弓{END},"A shortbow constructed from
a single piece of wood.{END}"
木材単一素材で構成された長弓{END},"A longbow constructed from
a single piece of wood.{END}"
"複数の素材で構成された弓。
合成弓とも呼ばれる{END}","A bow made from several disparate
materials laminated together.{END}"
"強力なボウガン。かなりの命
中精度をほこるが、重い{END}","A very powerful, but heavy crossbow
boasting a great deal of accuracy.{END}"
"流氷の魔力が秘められた弓。
火の属性の魔物に効果が高い{END}","A bow enchanted with water.
Effective against fire-elemental foes.{END}"
"火炎の魔力が秘められた弓。
水の属性の魔物に効果が高い{END}","A bow enchanted with fire.
Effective against water-elemental foes.{END}"
"大地の魔力が秘められた弓。
風の属性の魔物に効果が高い{END}","A bow enchanted with earth.
Effective against wind-elemental foes.{END}"
"風の魔力が秘められた弓。
地の属性の魔物に効果が高い{END}","A bow enchanted with wind.
Effective against earth-elemental foes.{END}"
"光弓と呼ばれる弓。放たれた矢は
一筋の光となって飛んでゆく{END}","Also known as the Bow of Radiance.
Arrows fired from this weapon whisk
through the air as streaks of light.{END}"
"エルフ族に伝わる聖弓で、標的を
絶対に外すことがない{END}","A sacred bow crafted by the elves.
Said to never miss its target.{END}"
"無慈悲なまでの威力で、いかなる
鎧も貫くと言われる、伝説の弓{END}","A legendary bow said to chink the
stoutest armor with its pitiless might.{END}"
"かつて大陸を荒らしまわった
狂戦士を倒すために使った剛弓{END}","A mighty bow used long ago to slay
a berserker despoiling the land.{END}"
"エルフ族に伝わる聖弓を、更に強
化した弓。標的を絶対に外さない{END}","The elves' sacred bow refined
to legendary strength.
Will never miss its target.{END}"
カシで作られた杖{END},A simple rod made of oak.{END}
先端に安価な宝石を飾りつけた杖{END},"A staff adorned with
an inexpensive jewel
at the cusp.{END}"
先にルビーを飾りつけた杖{END},"A staff adorned at
the tip with a ruby.{END}"
"魔力を具現化する文字ルーンが
表面に刻まれた、価値の高い杖{END}","A fancy staff with runic symbols
embodying magic power carved
into its surface.{END}"
"聖獣ユニコーンの角。
法術の強力な触媒となる{END}","The horn of the sacred beast.
A powerful catalyst for clerical artes.{END}"
至高神の祝福を受けた神聖なる杖{END},"A sacred rod blessed
by the Supreme God.{END}"
"振りかざすと星のきらめきのような
美しい軌跡を残す魔法の杖{END}","A magical wand that leaves beautiful
trails of star-like glitter when swung.{END}"
"正式にはブルークリスタルロッド。
イシュタル伝説に登場する聖具{END}","A treasure that appears
in the Legend of Ishtar.{END}"
"大人の男性が見る本。
薄いため、攻撃力は低い{END}","A publication intended for adult men.
Flimsy and unsuitable for battle.{END}"
"丸い黄色のキャラクター表紙の本。
ＮＯ　ＧＯＯＤの略ではない{END}","A magazine with a round, yellow character printed on the cover. The abbreviated
title does NOT stand for “No Good”!{END}"
"魔術書のひとつ。
死者の書・禁断の書ともよばれる{END}","A grimoire known as
“The Forbidden Book” and
“Book of the Laws of the Dead.”{END}"
"魔術書のひとつ。深紅の装丁に黄色
の染料で法印が施されている書物{END}","A grimoire with rich crimson binding
and decorated with golden dye.{END}"
"魔術書のひとつ。とある図書館の
地下に封印されていた禁断の書物{END}","A forbidden grimoire that was once
sealed away in an underground library.{END}"
"魔術書のひとつ。文書の一部が
血文字で書き記されている書物{END}",A grimoire partially inked in blood.{END}
"魔術書のひとつ。不可解な動物の皮
で装丁されている書物{END}","A grimoire bound with the hide
of a mysterious animal.{END}"
"魔術書のひとつ。大陸北部の遺跡で
発見された金属版の翻訳書{END}","This grimoire is a translation of
a metal slab discovered at ruins
on the northern continent.{END}"
"魔術書のひとつ。大陸東方でウワサ
になっていた幻の書物{END}","(Seven Cryptical Books of Hsan)
A grimoire said to be lost according to
rumors from the eastern continent.{END}"
"魔術書のひとつ。呪文を戯曲の形で
カモフラージュして記した書物{END}","(Massa di Requiem per Shuggay)
A grimoire encoding its spells in
the form of theatrical plays.{END}"
"魔術書のひとつ。魔術の真理という
題名が付けられた究極の魔術書{END}","The ultimate grimoire.
Is magic real or just a trick?
Find the truth!{END}"
"空飛ぶホウキ。痛くないように
サドルが付いている{END}","A flying broom with a saddle attached
for comfort while riding.{END}"
銀細工の施されたキレイなホウキ{END},"A pretty, silver-plated broom.{END}"
"別世界からやって来た魔女が
乗っていたホウキ{END}","The broom of a witch who
came from another world.{END}"
風の精霊の力が宿ったホウキ{END},A broom enchanted by the Spirit of Wind.{END}
"楽器のような飛行音がする
不思議なホウキ{END}","A mysterious broom that makes sounds
like a musical instrument as it flies.{END}"
"流れ星のような軌跡を残す
魔法のホウキ{END}","A magical broom that leaves a
trail of shooting stars behind it.{END}"
"掃除に使う道具。
信じれば、飛べるはずさ！{END}","A broom used for cleaning.
It can fly if you just BELIEVE!!{END}"
"くノ一用の短剣。忍びの女は
幼い頃からこれを持っている{END}","A kunoichi's short sword.
Female shinobi possess
these from childhood.{END}"
"くノ一用の短剣。
火の属性の魔物に効果が高い{END}","A kunoichi's short sword.
Effective against fire-elemental foes.{END}"
"くノ一用の短剣。刀身は青紫色。
風の属性の魔物に効果が高い{END}","A kunoichi's short sword with
a violet-colored blade.{END}"
"くノ一用の短剣。
使いこなせる者は数少ない{END}","A kunoichi's short sword
few are able to master.{END}"
"くノ一用の短剣。血が桜の花びらの
ようにちることから名付けられた{END}","A kunoichi's sword whose slice spouts a
blood fountain resembling the blooming
of cherry blossoms from its victims.{END}"
"時空（トキ）の名を冠した魔剣。
時間制御の力を持つ{END}","A magic sword so named after
its power to manipulate time.{END}"
皮製の上半身鎧{END},A coat of armor made from leather.{END}
"幅１〜２センチの金属輪を
編んで作った上半身鎧{END}","A coat of armor made from metal
rings between 0.4 and 0.8 inches in
width chained together.{END}"
"幅４センチほどの金属輪を
皮に縫いつけた上半身鎧{END}","A coat of armor made from metal
rings of about 1.5 inches in width
chained together.{END}"
"チェインメイルに四角形の金属板を
胸にあてて強化した上半身鎧{END}","A reinforced chain mail with rectangular
metal plates over the breast area.{END}"
上半身を金属板で覆った鎧{END},"A metal plate that covers
the front of the torso.{END}"
全身を金属板で覆った鎧{END},"A metal suit of armor that
covers the entire body.{END}"
"魔力を秘めた金属のミスリル銀を
材料とするプレートアーマー{END}",Plate armor made with magically-empowered mythril silver.{END}
反射という名を冠した魔法の鎧{END},"Magical armor named after
its reflective capabilities.{END}"
銀製のプレートアーマー{END},A full plate made from silver.{END}
"名工ギースの魂のこもった
無二の傑作品{END}",Blacksmith Aegis' peerless labor of love.{END}
大いなる大地母神の守りを受けた鎧{END},"Armor granting the protection
of the Spirit of Gaea herself.{END}"
"黄金の鎧。イシュタル伝説に
名を残すギルガメスの所持品{END}","Hefty, shiny armor of pure gold.
Possession of renowned hero Gilgamesh
in the Legend of Ishtar.{END}"
丈夫な布で織られた衣{END},A garment woven from sturdy cloth.{END}
琥珀の飾りつけがなされた布製の衣{END},A cloth garment with an amber-colored decoration.{END}
銀糸を編んで作った衣{END},A garment woven from silver threads.{END}
至高神の祝福を受けた聖衣{END},"A sacred garment blessed
by the Supreme God.{END}"
"時折星のような輝きを見せる
魔力のこもった衣{END}","An enchanted garment that sometimes
emits a star-like glitter.{END}"
"魔力を秘めた金属のミスリルを
糸状にして編んだ衣{END}",A garment woven with magically-empowered mythril silver.{END}
"魔女のドレス。じみなデザインだが
魔力のオーラが光っている{END}","A plain witch's dress that
glows with a magical aura.{END}"
"くノ一用の着物。
軽くて動きやすい{END}","A kunoichi's kimono.
Lightweight and very easy to move in.{END}"
"くノ一用の着物。職人の技に
より防御力が強化されている{END}","A kunoichi's kimono augmented
by special weaving techniques.{END}"
"くノ一用の着物。裏地に
守護の印が縫いつけてある{END}","A kunoichi's kimono with protective
symbols woven into the lining.{END}"
"くノ一用の着物。装備中に
風属性攻撃を受けると回復する{END}","A kunoichi's kimono.
Absorbs wind-elemental attacks.{END}"
木製の楯{END},"A shield made of wood.
Don't bring it to a firefight!{END}"
円形の金属製楯{END},A round shield made of metal.{END}
"四角形の金属楯。ラウンドシールド
よりも洗練され使いやすい{END}","A tall shield that's easier to
handle than a round shield.{END}"
剣士用の金属製楯{END},A large metal shield used in fencing.{END}
"フィートシールドの類型。機能的に
洗練され使いやすい{END}","A type of kite shield that's been
functionally refined for ease of use.{END}"
"中央に、聖なる法印であるアンクが
配された楯{END}","A shield bearing a holy ankh
symbol on its center.{END}"
"名工ギースの魂のこもった無二の
傑作品。水系に耐性{END}","Blacksmith Aegis' peerless labor of love.
Reduces water-elemental damage.{END}"
"レッドラインシールド。構えると
闘志が湧きあがってくる{END}","A heater shield sporting a red chevron.
Boosts one's will to fight when wielded.{END}"
"未知の金属を用いて作られた楯。
防御力が高く、軽い{END}","A lightweight shield made from
a very strong, unknown metal.{END}"
"ブルーラインシールド。構えると
勇気が湧きあがってくる{END}","A heater shield sporting a blue chevron.
Draws out one's courage when wielded.{END}"
"形状は指輪だが、掲げることで
半透明の魔法の楯が現れる{END}","A mysterious ring that produces a
translucent, magical shield when worn.{END}"
皮製の兜。頭部のみを覆うタイプ{END},A basic helmet made of leather.{END}
"鉄製の兜。
顔の下半分のみ露出する型{END}","A short helmet made of iron that leaves
the lower half of the face exposed.{END}"
頭部、顔全体を覆う鉄製の兜{END},An iron helmet that fits the entire head.{END}
"アーメットヘルムの類型。
機能的に洗練されている{END}",A type of Armet with a refined design.{END}
"いにしえの王国で英雄と謳われた
戦士に贈られた兜{END}","A helmet bestowed upon a renowned
hero of an ancient kingdom.{END}"
"名工ギースの魂のこもった無二の
傑作品。雷系に耐性{END}","Blacksmith Aegis' peerless labor of love.
Reduces lightning-elemental damage.{END}"
"黄金の兜。イシュタル伝説に
名を残す勇者ギルガメスの所持品{END}","A glittering golden helm.
Possession of renowned hero Gilgamesh
in the Legend of Ishtar.{END}"
"未知の金属で作られた兜。
防御力が高く、軽い{END}","A lightweight helmet made from
a very strong, unknown metal.{END}"
"暑さや寒さよけに頭にかぶる帽子。
身なりをととのえる意味もある{END}","A fashionable hat that doubles as
protection from the elements.{END}"
聖職者が好んでかぶる帽子{END},Headdress favored by the clergy.{END}
"丸いベレット。風で飛ばされて谷に
落としたりしないように注意{END}","A wide hat with a rounded top.
Beware of wind gusts or it may get
blown off and carried into a valley!{END}"
"作りの良い帽子。職人の間でも
なかなか良い仕事だと評判だとか{END}","A well-made hat that gets approval
even from world-class hatmakers.{END}"
"時折星のような輝きを見せる
魔法の帽子{END}","An enchanted hat that sometimes
emits a star-like glitter.{END}"
"頭を覆う布。防御というよりも
回避力を高めることを主目的とする{END}","A head-concealing cloth designed
for agility rather than protection.{END}"
"頭を覆う布。防御というよりも
回避力を高めることを主目的とする{END}","A head-concealing cloth designed
for agility rather than protection.{END}"
"青いリボン。
親友リアからもらったもの{END}","A blue ribbon that belonged to
<Arche>'s best friend, Rhea.{END}"
"ロングブルーリボン。
風になびく姿が美しい{END}","A long blue ribbon that flutters
beautifully in the wind.{END}"
しま模様のリボン{END},A ribbon with a striped pattern.{END}
とてもかわいらしいリボン{END},A very cute ribbon.{END}
強力な魔力が込められたリボン{END},A ribbon with a powerful enchantment.{END}
皮製の手袋{END},A pair of gloves made of leather.{END}
鉄製の手袋{END},A pair of gloves made of iron.{END}
鉄製の手甲{END},A pair of gauntlets made of iron.{END}
魔力を秘めたミスリル銀製の手甲{END},A pair of gauntlets made of magically-empowered mythril silver.{END}
"名工ギースの魂のこもった無二の
傑作品。地系に耐性{END}","Blacksmith Aegis' peerless labor of love.
Reduces earth-elemental damage.{END}"
"未知の金属で作られた手甲。
防御力が高く、軽い{END}","A pair of lightweight gloves made from
a very strong, unknown metal.{END}"
"ハイパーガントレット。装備者の
剣の振りが速くなり、命中率上昇{END}","A pair of gauntlets from an evil knight
appearing in the Legend of Ishtar.
Increases attack speed and accuracy.{END}"
"鉄製のカギ爪を付けた手甲。
防御力だけでなく攻撃力も上昇{END}","A gauntlet with hooked iron claws.
Increases Attack and Defense.{END}"
"親指と他の指を入れる部分との
二つに分かれている手袋{END}","Mitts with a design that partitions the
thumb away from the other fingers.{END}"
とてもかわいらしい手袋{END},A really cute pair of mittens.{END}
"母ルーチェの作った手袋。様々な
属性のダメージを１０％減らす{END}","A pair of mittens tailored by <Arche>'s
mother, Luche. Reduces five types of
elemental damage by 10%.{END}"
"花嫁の着ける純白の手袋。
装備者の幸運が上昇{END}","A pair of pure white gloves for a bride.
Increases Luck.{END}"
装備者の石化を防止するお守り{END},A charm that prevents Petrify.{END}
"装備者の防御力が５％上昇する
お守り{END}",A charm that increases Defense by 5%.{END}
"装備者の防御力が１０％上昇する
お守り{END}",A charm that increases Defense by 10%.{END}
装備者のマヒを防止するお守り{END},A charm that prevents Paralyze.{END}
"装備者の気絶時間が半分になる
お守り{END}",A bracelet that reduces Stun time by 50%.{END}
装備者の毒状態を防止するお守り{END},A charm that prevents Poison.{END}
"ウサギの足。お守りとして名高い。
装備者の幸運が１０％上昇する{END}","A famous lucky charm.
Increases Luck by 10%.{END}"
"炎のような宝石のついた指輪。
水属性ダメージを３割減{END}","A ring with a fire-red gem.
Reduces water-elemental damage by 1/3.{END}"
"氷のような宝石のついた指輪。
炎属性ダメージを３割減{END}","A ring with an ice-blue gem.
Reduces fire-elemental damage by 1/3.{END}"
"忍びの里に伝わるお守り。
命中率が上昇する{END}","A charm from the Ninja Village.
Increases Accuracy.{END}"
"銀の糸を織りこんだ女性用絹衣。
炎属性を３０％の確率で無効化{END}","A ladies' cape woven with silver threads.
Invalidates fire-elemental
damage 30% of the time.{END}"
"半透明の上品な作りの女性用絹衣。
炎属性を５０％の確率で無効化{END}","A luxurious, translucent ladies' cape.
Invalidates fire-elemental
damage 50% of the time.{END}"
"重いブーツ。戦闘時の移動速度が
遅くなるがふきとばされにくくなる{END}","A pair of iron boots which slows battle
movement, but makes it more difficult
to be knocked over by heavy blows.{END}"
"エルフ族に伝わるブーツ。
戦闘時の移動速度が２０％上昇する{END}","A pair of boots from the elves.
Speeds up battle movement by 20%.{END}"
"足が速くなる魔法のブーツ。戦闘時
の移動速度が５０％上昇する。男用{END}","A pair of men's boots
enchanted for speed.
Speeds up battle movement by 50%.{END}"
"猫足を型どった肉球がキュートな
靴。全ダメージが３０％減少する{END}","A pair of boots shaped
like cute kitty paws.
Reduces ALL damage by 30%.{END}"
"夢魔の飾りがついたブーツ。戦闘時
の移動速度が５０％上昇する。女用{END}","A pair of boots worn by a female demon
that appears in men's nightmares.
Speeds up battle movement by 50%.{END}"
"水の上を歩けるといわれるブーツ。
水属性を５０％の確率で無効化{END}","A pair of boots said to allow one to
walk atop water. Invalidates water-elemental damage 50% of the time.{END}"
"布製のマント。冒険者の身だしなみ
としてぜひどうぞ
{END}",A linen cape for the aspiring adventurer.{END}
"皮製のマント。旅なれたあなたに。
雨の日も安心{END}","A cape made of animal hides.
Helps keep travelers dry in the rain.{END}"
"盗賊が好んで使う黒いマント。
回避力も上昇する{END}","A black cape favored by stealthy thieves.
Increases Evasion.{END}"
"エルフ族に伝わる若草色のマント。
回避力も上昇する{END}","A chartreuse cape from the elves.
Increases Evasion.{END}"
"炎の紋章がついたマント。炎・地の
属性を３０％の確率で無効化する{END}","A red cape with a fire crest.
Invalidates fire and earth-elemental
damage 30% of the time.{END}"
"水の紋章がついたマント。水・風の
属性を３０％の確率で無効化する{END}","A blue cape with a water crest.
Invalidates water and wind-elemental
damage 30% of the time.{END}"
"契約指輪のひとつ。装備中は
水属性攻撃のダメージを半減する{END}","A pact ring.
Reduces water-elemental
damage by 50%.{END}"
"契約指輪のひとつ。装備中は
闇属性攻撃のダメージを半減する{END}","A pact ring.
Reduces dark-elemental
damage by 50%.{END}"
"契約指輪のひとつ。光属性以外
の全てに耐性。闇属性攻撃大幅減{END}","A pact ring.
Reduces all elemental damage but light.
Reduces dark-elemental damage greatly.{END}"
"契約指輪のひとつ。装備中は
風属性攻撃のダメージを半減する{END}","A pact ring.
Reduces wind-elemental
damage by 50%.{END}"
"契約指輪のひとつ。装備中は
火属性攻撃のダメージを半減する{END}","A pact ring.
Reduces fire-elemental
damage by 50%.{END}"
"契約指輪のひとつ。装備中は
雷属性攻撃のダメージを半減する{END}","A pact ring.
Reduces lightning-elemental
damage by 50%.{END}"
"契約指輪のひとつ。装備中は
防御力が上昇する{END}","A pact ring.
Increases Defense.{END}"
"契約指輪のひとつ。装備中は
ＴＰの最大値が上昇する{END}","A pact ring.
Increases Max TP.{END}"
"契約指輪のひとつ。装備中は
様々な力が上昇する{END}","A pact ring.
Increases many stats.{END}"
"契約指輪のひとつ。装備中は
光属性攻撃のダメージを半減する{END}","A pact ring.
Reduces light-elemental
damage by 50%.{END}"
"契約指輪のひとつ。装備中は
ＨＰの最大値が上昇する{END}","A pact ring.
Increases Max HP.{END}"
"契約指輪のひとつ。装備中は
地属性攻撃のダメージを半減する{END}","A pact ring.
Reduces earth-elemental
damage by 50%.{END}"
"炎の精霊の力が宿った指輪。
<var_0302>で火を出すことができる{END}","A ring empowered by the Spirit of Fire.
Shoot sparks with <var_0302>.{END}"
"妖精の姿が刻まれた指輪。ＴＰ消費
量を３分の２に抑える効果がある{END}","A ring engraved with a faerie's image.
Reduces TP consumption by a third.{END}"
"妖精の姿が刻まれた指輪。ＴＰ消費
量を半分に抑える効果がある{END}","A ring engraved with a faerie's image.
Reduces TP consumption by half.{END}"
"戦闘中、装備者のＴＰが
一定時間毎に１ずつ回復する{END}","A mysterious ring.
Regenerates 1 point of TP at
fixed intervals during battle.{END}"
"戦神が刻まれた指輪。敵の物理攻撃
を１０％の確率で無効化する{END}","A ring engraved with a war god's image.
Invalidates physical damage 10%
of the time.{END}"
"戦神が刻まれた指輪。敵の物理攻撃
を２０％の確率で無効化する{END}","A ring engraved with a war god's image.
Invalidates physical damage 20%
of the time.{END}"
"女神が刻まれた指輪。敵の属性攻撃
を１０％の確率で無効化する{END}","A ring engraved with a goddess' image.
Invalidates all elemental damage 10%
of the time.{END}"
"女神が刻まれた指輪。敵の属性攻撃
を２０％の確率で無効化する{END}","A ring engraved with a goddess' image.
Invalidates all elemental damage 20%
of the time.{END}"
なし{END},None{END}
"攻撃からステップへつなげられる
ようになる指輪{END}","A ring that enables its user to immediately
follow up attacks with a forward or back step.{END}"
"身代わりの彫像。装備していれば
戦闘不能からすぐに復活できる{END}","A sacrificial figure.
Will protect its user from KO.{END}"
"名もなき女神の彫像。装備時の
獲得ガルドが１。５倍になる{END}","A sculpture of a nameless goddess.
Increases gald earned by 50%.{END}"
"名のある女神の彫像。装備時の
獲得ガルドが２倍になる{END}","A sculpture of a storied goddess.
Doubles gald earned.{END}"
"重い石。装備者に対しての
トラクタービームを無効化する{END}","A heavy rock that foils
Tractor Beam attacks.{END}"
"宝石の一種。装備者のＨＰ最大値が
３０％上昇する{END}","A type of gemstone.
Increases Max HP by 30%.{END}"
"煙を封じた水晶球。
戦闘時の逃亡速度が３０％上昇する{END}","A crystal ball filled with a white mist.
Increases escape speed by 30%.{END}"
"魔法の煙を封じた水晶球。
戦闘時の逃亡速度が５０％上昇する{END}","A crystal ball filled with a magical mist.
Increases escape speed by 50%.{END}"
"宝石の一種。装備中はＴＰ最大値が
３０％上昇する{END}","A type of gemstone.
Increases Max TP by 30%.{END}"
"複雑な金細工を施した紋章。用途は
不明。売らずにとっておこう{END}","A crest with complex gold embroidery.
Its purpose is unknown. {END}"
"戦士の紋章。装備者の攻撃力が
１０％上昇する{END}","A warrior's crest.
Increases Attack by 10%.{END}"
"熟練戦士の紋章。
装備者のクリティカル率が上昇する{END}","An adept warrior's crest.
Increases the odds of landing critical hits.{END}"
"聖なる紋章。装備者のＨＰが一定時
間毎にＭＡＸの５％ずつ回復する{END}","A sacred mark.
Regenerates 5% of Max HP at
fixed intervals during battle.{END}"
"魔術師の紋章。装備者の詠唱時間を
半分にする効果がある
{END}","A mage's crest.
Reduces casting time by 50%.{END}"
"邪悪な封印。獲得経験が１。５倍に
なるが、特技封印・防御力半減{END}","An evil seal. The wearer earns 50%
more EXP, but has their artes sealed
and Defense reduced by half.{END}"
"悪魔の封印。獲得経験が２倍に
なるが、特技封印・防御力が０{END}","A demonic seal. The wearer earns double
EXP, but has their artes sealed and is
rendered completely defenseless.{END}"
"法術師の証しで母親の形見でも
ある。無属性魔法を無効化する{END}","A mother's memento and mark of clerics.
Invalidates non-elemental damage.{END}"
"ＴＰと引き換えに、ステップ動作
を無敵状態に変えてくれる装飾品{END}","An accessory that consumes 5 TP to grant
invincibility during a forward or back step.{END}"
"装備者への地属性攻撃を
５０％の確率で無効化する装飾品{END}","A mysterious device.
Invalidates earth-elemental
damage 50% of the time.{END}"
"装備してダンジョンを歩くと、時々
品物が飛び出すことがある小袋{END}","An enchanted bag.
Items will occasionally pop out
of it while exploring dungeons.{END}"
"装備してダンジョンを歩くと、時々
良い品物が飛び出すことがある袋{END}","An enchanted bag.
More desirable items will occasionally
pop out of it while exploring dungeons.{END}"
"写身湿布。これを背中にはれば、
強くなった気がする！？{END}","A reflective compress of replication.
Wearing this makes you feel stronger!?{END}"
"画家くりおの魂のこもった無二の
傑作品。カスタムに何かが起こる{END}","Artist Curio's peerless labor of love.
Adds something to the Customize menu.{END}"
"「ＴＯＰコレクションカード」の
一枚。『花<color_0004>鳥風月<color_0000>』のカード{END}","A Tales of Phantasia Collectible Card.
Card series 1, #1 of 4: “Flower.”
Gotta collect 'em all!{END}"
"「ＴＯＰコレクションカード」の
一枚。『<color_0004>花<color_0000>鳥<color_0004>風月<color_0000>』のカード{END}","A Tales of Phantasia Collectible Card.
Card series 1, #2 of 4: “Bird.”
Gotta collect 'em all!{END}"
"「ＴＯＰコレクションカード」の
一枚。『<color_0004>花鳥<color_0000>風<color_0004>月<color_0000>』のカード{END}","A Tales of Phantasia Collectible Card.
Card series 1, #3 of 4: “Wind.”
Gotta collect 'em all!{END}"
"「ＴＯＰコレクションカード」の
一枚。『<color_0004>花鳥風<color_0000>月』のカード{END}","A Tales of Phantasia Collectible Card.
Card series 1, #4 of 4: “Moon.”
Gotta collect 'em all!{END}"
"「ＴＯＰコレクションカード」の
一枚。『天<color_0004>地人<color_0000>』のカード{END}","A Tales of Phantasia Collectible Card.
Card series 2, #1 of 3: “Heaven.”
Gotta collect 'em all!{END}"
"「ＴＯＰコレクションカード」の
一枚。『<color_0004>天<color_0000>地<color_0004>人<color_0000>』のカード{END}","A Tales of Phantasia Collectible Card.
Card series 2, #2 of 3: “Earth.”
Gotta collect 'em all!{END}"
"「ＴＯＰコレクションカード」の
一枚。『<color_0004>天地<color_0000>人』のカード{END}","A Tales of Phantasia Collectible Card.
Card series 2, #3 of 3: “Life.”
Gotta collect 'em all!{END}"
"五信条の神像の一つ。
ＢＲＡＶＥの彫像{END}","A member of the Principled
Pentagon of Providence.{END}"
"五信条の神像の一つ。
ＪＵＳＴＩＣＥの彫像{END}","A member of the Principled
Pentagon of Providence.{END}"
"五信条の神像の一つ。
ＦＲＩＥＮＤＳＨＩＰの彫像{END}","A member of the Principled
Pentagon of Providence.{END}"
"五信条の神像の一つ。
ＬＯＶＥの彫像{END}","A member of the Principled
Pentagon of Providence.{END}"
"五信条の神像の一つ。
ＤＲＥＡＭの彫像{END}","A member of the Principled
Pentagon of Providence.{END}"
"スペシャルフラッグ。
真紅のＳ文字がイカスぜ！{END}",The crimson S is really stylish!{END}
{END},{END}
