？？？？？？？？{END},????????????{END}
ハンバーガー{END},Hamburger{END}
おにぎり{END},Rice Ball{END}
ロールキャベツ{END},Cabbage Roll{END}
ちゃわんむし{END},Chawanmushi{END}
すし{END},Sushi{END}
チーズバーガー{END},Cheeseburger{END}
フレンチトースト{END},French Toast{END}
サンドイッチ{END},Sandwich{END}
ナポリタン{END},Spaghetti{END}
ポワレ{END},Tenderloin{END}
フルーツジュース{END},Fruit Juice{END}
おさしみ{END},Sashimi{END}
にくじゃが{END},Potato Stew{END}
ステーキ{END},Steak{END}
ペスカトーレ{END},Pescatore{END}
グラタン{END},Gratin{END}
にくなべ{END},Meat Stew{END}
さかななべ{END},Seafood Stew{END}
ビーフシチュー{END},Beef Stew{END}
フルーツパフェ{END},Fruit Parfait{END}
カレーライス{END},Curry{END}
フルーツポンチ{END},Fruit Cocktail{END}
やさいサラダ{END},Salad{END}
ハヤシライス{END},Hayashi Rice{END}
みそおでん{END},Miso Stew{END}
