ＤＥＣＩＳＩＶＥ{END},Decisive{END}
ＴＨＥ　ＳＴＲＥＡＭ　ＯＦ　ＴＩＭＥ{END},The stream of time{END}
ＤＥＦＩＡＮＣＥ{END},Defiance{END}
ＨＡＲＭＯＮＩＯＵＳ　ＭＯＭＥＮＴ{END},Harmonious moment{END}
ＨＹＤＲＯＰＯＬＩＳ{END},Hydropolis{END}
ＶＩＧＯＲＯＵＳ　ＴＯＷＮ{END},Vigorous town{END}
ＳＥＲＥＮＥ　ＷＥＡＴＨＥＲ{END},Serene weather{END}
ＭＹＳＴＩＣ　ＦＯＲＥＳＴ{END},Mystic forest{END}
ＦＲＥＥＺＥ{END},Freeze{END}
ＵＮＤＥＲＧＲＯＵＮＤ　ＷＡＹ{END},Underground way{END}
ＭＩＮＴ{END},<Mint>{END}
ＤＥＳＯＬＡＴＥ　ＲＯＡＤ{END},Desolate road{END}
ＳＹＬＰＨ{END},Sylph{END}
ＲＥＴＡＬＩＡＴＩＯＮ{END},Retaliation{END}
ＭＯＲＬＩＡ　ＧＡＬＬＥＲＹ{END},Moria Mine{END}
ＦＩＥＬＤ　ＯＦ　ＳＵＮＳＥＴ{END},Sunset on the prairie{END}
ＭＡＲＴＥＬ{END},Martel{END}
ＡＲＣＨＥ{END},<Arche>{END}
ＴＡＳＴＥＦＵＬ{END},Tasteful{END}
ＧＯＯＤ　ＷＩＮＥ　ＭＡＫＥＳ　Ａ　ＧＯＯＤ　ＢＬＯＯＤ{END},Good wine makes good blood{END}
ＬＡＫＥ　ＯＮ　ＹＭＩＲ{END},Lake Ymir{END}
ＴＲＩＵＭＰＨ{END},Triumph{END}
ＡＢＹＳＳ　ＯＦ　ＴＨＯＲ{END},Abyss of Thor{END}
ＯＰＥＮ　ＦＩＲＥ{END},Open fire{END}
ＴＨＲＥＡＴＥＮＩＮＧ　ＳＫＹ{END},Threatening sky{END}
ＡＶＩＡＴＯＲＳ{END},Aviators{END}
ＢＵＲＮＩＮＧ　ＴＯＷＥＲ{END},Tower of Flames{END}
ＰＥＲＶＥＲＳＥ　ＲＥＬＩＧＩＯＮ{END},Perverse religion{END}
ＦＵＬＦＩＬＬ　ＭＩＳＳＩＯＮ{END},Fulfill the mission{END}
ＨＵＲＲＹ　ＵＰ{END},Hurry up{END}
ＢＥ　ＡＢＳＥＮＴＭＩＮＤＥＤ{END},Be absentminded{END}
ＴＡＫＥ　ＵＰ　ＴＨＥ　ＣＲＯＳＳ{END},Take up the cross{END}
ＧＯ　Ａ　ＳＴＥＰ　ＦＵＲＴＨＥＲ{END},Advance a step further{END}
ＯＶＥＲＣＯＭＥ　ＤＩＦＦＩＣＵＬＴＩＥＳ{END},Overcoming difficulties{END}
ＣＯＮＣＬＵＳＩＯＮ{END},Conclusion{END}
ＷＨＯ　ＩＳ　ＧＯＯＤ　ＯＲ　ＥＶＩＬ？{END},Who is good? Who is evil?{END}
ＲＡＩＳＩＮＧ　Ａ　ＣＵＲＴＡＩＮ{END},Raising a curtain{END}
ＴＨＥ　ＳＥＣＯＮＤ　ＡＣＴ{END},The second act{END}
ＦＩＮＡＬ　ＡＣＴ{END},Final act{END}
ＯＬＩＶＥ　ＶＩＬＬＡＧＥ{END},Olive Village{END}
ＡＷＡＫＥＮＩＮＧ{END},Awakening{END}
ＥＵＣＬＩＤ{END},Euclid{END}
ＰＲＥＭＯＮＩＴＩＯＮ{END},Premonition{END}
ＡＳ　ＴＩＭＥ　ＧＯＥＳ　ＯＮ{END},As time goes on{END}
ＰＥＮＥＴＲＡＴＥ{END},Penetrate{END}
ＥＭＥＲＧＥＮＣＹ{END},Emergency{END}
ＲＥＳＵＲＲＥＣＴＩＯＮ{END},Resurrection{END}
ＤＡＲＫ　ＣＡＶＥ{END},Dark cave{END}
ＢＲＩＧＨＴ　ＭＯＯＮＬＩＧＨＴ　ＮＩＧＨＴ{END},Bright moonlit night{END}
ＯＡＳＩＳ{END},Oasis{END}
ＭＩＤ　ＧＡＬＤＳ{END},Midgard{END}
ＡＲＹ{END},Early{END}
ＣＡＳＴＬＥ　ＯＦ　ＴＨＥ　ＤＨＡＯＳ{END},Dhaos' Castle{END}
ＦＯＲＥＳＴ　ＯＦ　ＴＨＥ　ＴＲＥＡＮＴ{END},Treant Forest{END}
ＵＮＩＣＯＲＮ{END},Unicorn{END}
ＣＡＶＥ　ＯＦ　ＩＬＬＵＳＩＯＮ{END},Cave of illusion{END}
ＢＩＴＩＮＧ　ＣＯＬＤ{END},Biting cold{END}
ＭＹＳＴＥＲＩＯＵＳ　ＪＡＰＯＮ{END},Mysterious Japon{END}
ＧＯ　ＯＶＥＲ　ＡＤＶＥＲＳＩＴＹ{END},Triumph over adversity{END}
ＦＩＧＨＴＩＮＧ　ＯＦ　ＴＨＥ　ＳＰＩＲＩＴ{END},Fighting with the spirits{END}
ＳＵＺＵ{END},<Suzu>{END}
ＣＯＮＴＲＡＣＴ{END},Contract{END}
ＨＯＮＯＲ{END},Honor{END}
ＡＨ　ＭＹ　ＧＯＤ．．．{END},Oh my god...{END}
ＴＯＭＯＲＲＯＷ　ＩＳ　Ａ　ＨＯＬＩＤＡＹ{END},Tomorrow is a holiday{END}
Ｉ　ＭＩＳＳ　ＹＯＵ．．．{END},I miss you...{END}
ＧＯＯＤ－ＢＹ　ＦＲＩＥＮＤＳ{END},"Goodbye, friends{END}"
ＲＥＣＯＶＥＲＹ{END},Recovery{END}
ＬＯＮＥＬＹ　ＴＷＩＬＩＧＨＴ{END},Lonely twilight{END}
ＨＡＲＶＥＳＴ　ＦＥＳＴＩＶＡＬ{END},Harvest festival{END}
ＰＩＡＮＯ　ＬＥＳＳＯＮ　１{END},Piano lesson 1{END}
ＰＩＡＮＯ　ＬＥＳＳＯＮ　２{END},Piano lesson 2{END}
ＰＩＡＮＯ　ＬＥＳＳＯＮ　３{END},Piano lesson 3{END}
ＰＩＡＮＯ　ＬＥＳＳＯＮ　４{END},Piano lesson 4{END}
ＰＩＡＮＯ　ＬＥＳＳＯＮ　５{END},Piano lesson 5{END}
ＰＩＡＮＯ　ＬＥＳＳＯＮ　６{END},Piano lesson 6{END}
ＲＡＬＬＹ　Ｘ　ＲＯＵＮＤ　ＳＴＡＲＴ{END},Rally X round start{END}
ＲＡＬＬＹ　Ｘ{END},Rally X{END}
ＲＡＬＬＹ　Ｘ　ＲＯＵＮＤ　ＣＬＥＡＲ{END},Rally X round clear{END}
ＲＩＤＧＥ　ＲＡＣＥＲ{END},Ridge Racer{END}
ベースライン１{END},Bassline 1{END}
ベースライン２{END},Bassline 2{END}
ベースライン３{END},Bassline 3{END}
ふくろう{END},Fukurou{END}
かじ{END},Kaji{END}
ひづめ{END},Galloping Horse{END}
たきのおと{END},Taki no Oto{END}
はんしょう{END},Hanshou{END}
ゆめはおわらない（いぬ）{END},Yumewa Owaranai (Dog){END}
ふんすい{END},Funsui{END}
うみねこ{END},Umineko{END}
かぜ{END},Kaze{END}
かっこう{END},Kakkou{END}
なみ{END},Nana{END}
