ダミー料理説明{END},Dummy Recipe Description{END}
"ブレッドに、焼いた肉をはさんだ
もの。全員ＨＰ小回復{END}","Grilled meat patty sandwiched
between two bun halves.
Restores a small amount of HP.{END}"
"愛情のこもったおにぎり。
全員ＨＰ小回復／解毒{END}","A ball of rice lovingly wrapped in
seaweed. Restores a small amount
of HP. Cures Poison._<color_0002>(J)<color_0000>{END}"
"おいしいお肉とあふれる肉汁をキャ
ベツで包んだもの。全員ＨＰ小回復{END}","Cabbage leaves wrapped around juicy
meat. Restores a small amount of HP.{END}"
"卵とダシの蒸し物。ぷるるんが命。
全員ＨＰ小回復／解毒{END}","Steamed eggs and broth. The jiggly texture is to die for!
Restores a small amount of HP. Cures Poison. <color_0002>(J)<color_0000>{END}"
"最高のネタ・シャリ。和の芸術。
全員ＨＰ小回復／解マヒ／石化解除{END}","Various toppings wrapped in a rice and
seaweed roll. Restores a small amount
of HP. Cures Paralysis and Petrification. <color_0002>(J)<color_0000>{END}"
"トローリチーズでボリュームアップ。
全員ＨＰ中回復{END}","Burger supersized with melted cheese.
Restores a moderate amount of HP.{END}"
"ミルクと卵の不思議なハーモニー。
全員ＨＰ中回復／解毒{END}","Milk and eggs create a curious harmony.
Restores a moderate amount of HP.
Cures Poison.{END}"
"好きな物を何段にもサンド。
全員ＨＰ中回復／解マヒ{END}","No lunch is complete without one.
Restores a moderate amount of HP.
Cures Paralysis.{END}"
"大人も子供も大好きなトマト味。
全員ＨＰ中回復／石化解除{END}","A pasta dish best shared with a lover.
Restores a moderate amount of HP.
Cures Petrification.{END}"
"上品に焼き上げた肉。さっぱり味。
全員ＨＰ中回復{END}","Rounded steak cut grilled to
perfection and topped with gravy.
Restores a moderate amount of HP.{END}"
"ビタミン豊富で、自然な甘さ。
全員ＴＰ小回復{END}","Refreshing, vitamin-rich beverage
made from nature's candy.
Restores a small amount of TP.{END}"
"和の美学。職人の技が光る。鮮度
が命。全員ＨＰ中回復／解毒{END}","Fresh raw fish neatly sliced into thin
strips. A Japanese delicacy. Restores a
moderate amount of HP. Cures Poison. <color_0002>(J)<color_0000>{END}"
"肉とイモのおりなす母の味。
全員ＨＰ中回復{END}","Tastes of childhood nostalgia.
Restores a moderate amount of HP. <color_0002>(J)<color_0000>{END}"
"厳選されたお肉を焼き上げました。
全員ＨＰ大回復{END}","Mouthwatering prime-grade
ribeye seared medium rare.
Restores a large amount of HP.{END}"
"海の幸を詰め込んだスパゲティ。
全員ＨＰ小回復／解毒／解マヒ{END}","Spaghetti stuffed with seafood.
Restores a moderate amount of HP.
Cures Poison and Paralysis.{END}"
"Ｗソースで焼き上げた白い芸術。
全員ＨＰ中回復／全員ＴＰ微回復{END}","Pasta baked in rich, creamy white sauce.
Restores a moderate amount of HP and a
small amount of TP.{END}"
"スタミナ回復にまるごと肉なべ。
全員ＨＰ中回復／戦闘不能解除{END}","Tender meat and tasty vegetables stewed
together in broth. Restores a moderate
amount of HP. Resurrects from KO. <color_0002>(J)<color_0000>{END}"
"海の男の一品。ＤＨＡが豊富。
全員ＨＰ中回復／全員ＴＰ小回復{END}","Swimming in omega-3s for the health-conscious seaman. Restores a moderate
amount of HP and a small amount of TP. <color_0002>(J)<color_0000>{END}"
"秘伝のソースで煮込んだビーフ。
全員ＨＰ大回復{END}","Beef and vegetables slow-cooked
in a succulent gravy.
Restores a large amount of HP.{END}"
"フルーツ各種、夢の共演。
全員ＴＰ中回復{END}","A dreamy combo of fruit and cream.
Be careful not to fall into a sugar coma.
Restores a moderate amount of TP.{END}"
"黄金配合のスパイスが味覚を刺激。
全員ＨＰ大回復／解毒／解マヒ{END}","The spicy sauce titillates the taste buds!
Restores a large amount of HP.
Cures Poison and Paralysis.{END}"
"シロップの海を漂う果物のファン
タジー。全員ＴＰ大回復{END}","A utopia of fruit adrift
in an ocean of syrup.
Restores a large amount of TP.{END}"
"緑の大地の恵みをサラダにして！
全員ＨＰ中回復／全員ＴＰ小回復{END}","A dish blessed by Mother Nature.
Restores a moderate amount of HP and
a small amount of TP.{END}"
"ビーフとルウ。どこか懐かしい味。
全員ＨＰ大回復{END}","Beef, onion and sauce served over rice.
Restores a large amount of HP.{END}"
"ジャポンに伝わる幻の味。全員ＨＰ
ＴＰ全回復／戦闘不能解除{END}","A stew with a unique flavor originating
from Japon. Also known as oden. Fully
restores HP and TP. Resurrects from KO. <color_0002>(J)<color_0000>{END}"
