特技{END},Artes{END}
作戦{END},Strategy{END}
隊列{END},Formation{END}
アイテム{END},Items{END}
をマスターした{END},%s mastered!{END}
しかし呪文は封じられている！{END},But the spell is sealed!{END}
初期化エラー{END},Initialization Error{END}
全滅した{END},Defeated{END}
逃げ切った{END},Escaped{END}
全ての呪文効果が消え去った！{END},All spell effects have disappeared!{END}
冥空斬翔剣{END},Stygian Blade{END}
デモンズランスレイン{END},Demon's Lance Rain{END}
緋凰絶炎衝{END},Burning Phoenix{END}
エターナルブレイド{END},Eternal Blade{END}
丸くて黄色いすごいヤツ{END},Round Yellow Amazing Guy{END}
効かぬわ！{END},It won't work!{END}
-秘奥義-{END},-Mystic Arte-{END}
{END},{END}
